"","SampleID","Acanthopleuribacter","Acinetobacter","Actibacterium","AEGEAN-169 marine group","Afipia","Albimonas","Alcanivorax","Algiphilus","Alkanindiges","Altererythrobacter","Anaerococcus","Arcobacter","Arenicella","Asterionella ralfsii","Aulacoseira ambigua","Aureispira","Bacteriovorax","bacterium enrichment culture clone heteroC6","Balneatrix","BD1-7 clade","Bizionia","Blastopirellula","Bradyrhizobium","C1-B045","Caldibacillus","Caldicoprobacter","Candidatus Actinomarina","Candidatus Captivus","Candidatus Cryptoprodotis","Candidatus Defluviella","Candidatus Endoecteinascidia","Candidatus Halobonum","Candidatus Lariskella","Candidatus Lumbricincola","Candidatus Nitrosopumilus","Candidatus Pelagibacter","Candidatus Planktomarina (DC5-80-3 lineage)","Candidatus Profftella","Candidatus Rhabdochlamydia","Candidatus Schneideria","Catenococcus","Celeribacter","Cerasicoccus","Chelatococcus","CL500-3","Colwellia","Corynebacterium","Coxiella","Crocinitomix","Cycloclasticus","Dasania","Defluviicoccus","Defluviimonas","Demequina","Desulfobulbus","Desulfotalea","Dinophysis acuminata","Dinoroseobacter","Eionea","Ekhidna","Emiliania huxleyi","Enterobacter","Erythrobacter","Escherichia-Shigella","Euptilota molle","Fangia","Flavobacteriaceae bacterium 'BSD RB 42'","Flavobacteriaceae bacterium MEBiC05063","Flavobacterium","Fluviicola","Fodinicola","Formosa","Frigoribacterium","FS140-16B-02 marine group","Fusibacter","Gaiella","Gemella","Gillisia","Gilvibacter","Gilvimarinus","Gramella","Granulosicoccus","Haliangium","Haliea","Halioglobus","Halomonas","Hellea","Hyphomonas","Idiomarina","Incertae Sedis","Janibacter","JL-ETNP-F27","Kangiella","Leeuwenhoekiella","Lentibacter","Lentimonas","Lentisphaera","Leptospirillum","Litoricola","Loktanella","Luminiphilus","Lutibacter","Magnetospira","Maribacter","marine group","marine metagenome","Marinicella","Marinimicrobia bacterium JGI OTU-2","Marinobacter","Marinobacterium","Marinoscillum","Marinosulfonomonas","Marinovum","Mariprofundus","Massilia","Methylophaga","Microbacterium","Micrococcus","Microvirga","Moritella","MSBL7","MWH-UniP1 aquatic group","Neptunomonas","Nereida","Nitrincola","Nitrosococcus","Nitrosomonas","Nitrosospira","Nitrospina","Novosphingobium","NS10 marine group","NS2b marine group","NS3a marine group","NS4 marine group","NS5 marine group","Oceanibaculum","Oceanicola","Oleibacter","Oleiphilus","Oleispira","OM27 clade","OM43 clade","OM60(NOR5) clade","OM75 clade","Owenweeksia","Parachlamydia","Parvularcula","Patulibacter","Pedobacter","Pelagibacterium","Pelagicoccus","Pelagicola","Pelomonas","Peredibacter","Persicirhabdus","Phalacroma mitra","Photobacterium","Phycicoccus","Pibocella","Planctomyces","Plesiocystis","Polaribacter","Porticoccus","Prasinoderma coloniale","Proboscia indica","Prochlorococcus","Propionigenium","Pseudoalteromonas","Pseudohaliea","Pseudomonas","Pseudoscourfieldia marina","Pseudospirillum","Psychrobacter","Psychroserpens","Rahnella","Reichenbachiella","Rhizobium","Rhodobium","Rhodopirellula","Rhodovulum","Roseibacillus","Roseibacterium","Roseobacter","Roseobacter clade CHAB-I-5 lineage","Roseobacter clade NAC11-7 lineage","Roseobacter clade OCT lineage","Roseovarius","Rubritalea","Salinicola","Salinirepens","Salinisphaera","SAR92 clade","Sedimenticola","Sediminibacterium","Shewanella","Sphingobium","Sphingomonas","Sphingopyxis","Spirochaeta","Spirosoma","Spongiibacter","Staphylococcus","Stappia","Stellarima microtrias","Streptococcus","Subsaximicrobium","Sufflavibacter","Sulfitobacter","Syndiniales Group II","Synechococcus","Talaromyces phialosporus","Tenacibaculum","Teredinibacter","Terrabacter","Thalassobacter","Thalassobius","Thalassospira","Thioalkalispira","Thioprofundum","Thiothrix","Tropicibacter","Truepera","Uliginosibacterium","Ulvibacter","Umboniibacter","uncultured","uncultured Acidobacteria bacterium","uncultured Acidobacteriales bacterium","uncultured Acidobacterium sp.","uncultured actinobacterium","uncultured actinobacterium HF0500","uncultured alpha proteobacterium","uncultured archaeon","uncultured bacterium","uncultured bacterium AD106-G5","uncultured bacterium HF0130","uncultured bacterium KM3-25-B4","uncultured Bacteroidetes bacterium","uncultured Bacteroidetes/Chlorobi group bacterium","uncultured BD2-11 clade bacterium","uncultured Chloroflexi bacterium","uncultured crenarchaeote","uncultured crenarchaeote ODPB-A9","uncultured cyanobacterium","uncultured Cyanobacterium sp.","uncultured deep-sea bacterium","uncultured delta proteobacterium","uncultured delta proteobacterium DeepAnt-32C6","uncultured delta proteobacterium HF0500","uncultured diatom","uncultured euryarchaeote","uncultured Fibrobacteres/Acidobacteria group bacterium","uncultured Flavobacteriaceae bacterium","uncultured Flavobacteriia bacterium","uncultured gamma proteobacterium","uncultured gamma proteobacterium EB000","uncultured gamma proteobacterium HF0200","uncultured gamma proteobacterium HF4000","uncultured Gemmatimonadetes bacterium","uncultured marine archaeon","uncultured marine bacterium","uncultured marine eukaryote","uncultured marine group I thaumarchaeote","uncultured marine group II euryarchaeote","uncultured marine group II euryarchaeote HF10","uncultured marine group II euryarchaeote HF130","uncultured marine group III euryarchaeote","uncultured marine microorganism","uncultured marine rappemonad","uncultured Marinimicrobia bacterium","uncultured Marinimicrobia bacterium HF0500","uncultured organism","uncultured phototrophic eukaryote","uncultured Planctomyces sp.","uncultured Planctomycetales bacterium","uncultured planctomycete","uncultured prokaryote","uncultured proteobacterium","uncultured Rhizobiales bacterium","uncultured Rhodospirillaceae bacterium","uncultured SAR11 cluster alpha proteobacterium","uncultured SAR202 cluster bacterium","uncultured SAR86 cluster bacterium","uncultured sediment bacterium","uncultured soil bacterium","uncultured Sorangiineae bacterium","uncultured Sphingobacteriales bacterium HF0130","uncultured Verrucomicrobia bacterium","uncultured Verrucomicrobiales bacterium","uncultured verrucomicrobium HF0500","Undibacterium","unidentified archaeon PM7","unidentified marine bacterioplankton","Urania-1B-19 marine sediment group","Vibrio","Virgulinella fragilis","Vogesella","Winogradskyella","Yangia","Yersinia","ZD0417 marine group","Station","Kim_Station","Published_station","Replicate","Published_ID","Day","Month","Year","Time","Depth","BarcodeSequence","LinkerPrimerSequence","Description","Sample_day","LonE","LatN","Depth2","Distance.km_from_TH.","Phosphate","Nitrate","Silicate","Water_mass"
"1","1A.03.15",0,0,0,385,0,1,0,0,0,0,6,0,0,0,0,13,0,0,0,1,1,1,0,0,0,0,229,0,0,0,0,0,1,0,0,1,53,0,0,0,0,196,0,0,1,0,0,10,0,0,0,37,5,0,0,0,0,0,0,0,0,0,0,1,0,0,1,119,2,17,0,34,0,0,0,0,0,0,0,0,0,0,0,1,0,0,0,0,0,0,0,0,0,0,3,3,0,0,0,0,0,0,0,0,15,49,403,23,1,0,19,3,2,0,6,0,0,0,0,0,0,2,0,2,0,0,0,0,0,0,10,106,0,95,1335,0,1,0,0,0,1,120,130,64,20,0,0,1,0,0,1,0,0,0,0,0,0,0,0,0,0,2,6,4,0,1350,0,0,0,0,0,98,0,1,0,0,0,0,0,0,200,0,21,0,31,6,0,0,0,0,0,34,0,0,0,0,2,0,0,0,0,3,0,0,0,1,111,2,0,37,0,0,0,0,0,0,1,0,0,64,1,0,0,5,0,327,0,0,0,0,0,576,4,699,0,0,0,1,3,0,0,0,0,4,0,0,0,0,0,0,0,0,0,1,460,0,0,0,0,1,117,0,0,0,0,0,0,0,0,0,0,12,0,0,0,0,0,0,0,0,8,0,0,0,0,0,5,0,0,0,0,0,3,0,0,0,0,0,0,0,0,"1A",1,8,"A","8A",10,"March",15,406,0,"GGCGTTGCATTC","CCGGACTACHVGGGTWTCTAAT","Run2",4,171.534,-45.83,5,63.61,0.86,8.7,0.28,"SURFACE"
"2","1A.03.15.500",0,0,0,275,0,0,42,0,0,25,0,0,3,0,0,5,0,0,0,1,0,2,1,0,0,0,46,0,0,0,1,7,1,0,160,0,0,0,1,0,0,6,1,0,2,12,0,13,0,0,3,19,0,0,0,0,0,0,0,0,0,0,0,0,0,0,0,3,0,12,1,0,0,3,2,0,0,0,0,0,0,5,1,0,1,206,0,3,14,0,0,8,0,0,4,0,2,19,0,0,0,0,10,0,2,31,57,15,1,2,10,0,0,3,0,4,0,0,0,4,0,0,1,0,0,2,3,0,62,45,1,60,0,0,85,0,0,2,0,1,19,16,8,6,7,0,0,0,0,0,0,2,0,0,0,0,3,0,0,12,0,2,0,1,0,3,2,0,0,0,0,30,3,1,0,0,0,0,26,0,28,0,2,0,55,0,0,0,4,6,0,25,0,0,1,0,0,1,0,0,0,0,0,0,0,0,36,1,0,0,0,2,1,0,0,0,28,0,4,27,0,0,0,2,0,88,28,2,3,72,1,12,562,2457,1,0,3,2,0,10,31,1,0,1,0,1,29,0,5,0,64,0,0,15,1004,17,2,3,1,875,167,0,59,111,10,1,4,3,0,51,14,69,0,0,0,6,3,0,0,0,23,0,0,0,0,0,9,17,6,2,0,18,20,0,22,6,0,0,0,0,59,"1A",1,8,"A","8A",10,"March",15,406,500,"GAAGACAGCGAC","CCGGACTACHVGGGTWTCTAAT","Run2",4,171.534,-45.83,500,63.61,1.36,12.9,4.63,"DEEP"
"3","1A.04.15",0,0,0,245,0,3,0,0,0,0,0,0,0,0,0,2,0,0,1,2,0,10,0,0,0,0,313,0,0,0,0,0,1,0,0,0,89,0,0,0,0,272,0,0,9,0,0,23,0,0,0,54,2,0,0,0,0,0,0,0,0,0,0,0,0,0,0,34,0,43,0,4,0,0,0,0,0,0,0,0,0,0,0,1,0,0,0,0,0,0,0,0,0,0,8,46,0,0,1,0,0,0,0,0,40,48,404,23,0,0,12,5,5,0,3,0,0,0,0,0,0,8,0,7,0,0,3,0,0,0,23,63,0,92,676,0,0,0,0,0,7,106,88,80,18,0,0,0,0,3,6,0,0,0,0,1,0,0,0,3,0,12,6,28,0,1207,0,0,0,0,0,36,0,1,0,1,0,0,1,2,475,0,169,0,41,5,0,0,0,0,1,21,3,0,0,0,0,0,0,0,0,0,0,0,0,0,98,3,0,30,0,0,0,0,0,3,0,1,0,148,0,0,0,14,0,670,0,0,0,1,0,325,4,955,0,0,0,2,12,0,0,0,0,22,0,0,6,0,0,0,0,0,0,9,334,0,0,0,0,3,62,0,0,0,0,0,0,0,0,0,0,12,1,0,0,2,0,1,0,0,10,0,1,0,1,8,36,1,1,0,0,0,14,0,0,0,0,0,0,0,2,"1A",1,8,"A","8A",21,"April",15,448,0,"TTGCGGACCCTA","CCGGACTACHVGGGTWTCTAAT","Run2",5,171.534,-45.829,5,63.35,0.94,10,0.55,"SURFACE"
"4","1A.06.14",0,0,0,461,1,0,0,0,0,1,0,0,0,0,0,3,0,0,1,3,0,5,0,0,0,0,408,0,0,0,1,0,0,0,9,0,109,0,0,0,1,114,0,0,8,0,0,6,0,0,0,30,1,0,0,0,2,0,0,0,9,0,0,0,1,0,0,9,0,44,1,1,2,0,0,0,0,0,0,0,0,0,0,0,0,0,0,0,0,0,0,1,0,0,39,7,0,0,0,0,0,0,7,0,6,77,319,167,1,0,25,2,1,1,4,0,0,0,0,0,0,7,0,3,0,0,3,0,1,0,17,29,0,48,524,0,0,0,0,0,16,104,26,141,39,0,0,1,0,0,9,0,0,0,0,4,1,0,0,3,0,0,11,6,0,421,0,0,2,0,0,90,0,0,0,0,0,0,2,0,69,1,67,0,52,0,0,0,0,0,0,61,2,0,0,0,0,0,0,0,0,0,0,0,0,0,61,1,0,34,0,2,0,0,0,0,0,0,0,74,0,0,0,6,0,345,0,0,0,2,0,132,241,1729,0,2,0,1,11,0,2,0,0,33,1,1,5,0,0,0,0,0,0,15,756,1,0,0,0,49,292,7,0,0,3,0,0,4,0,2,0,114,7,0,0,6,0,3,0,0,15,0,0,3,0,0,46,2,0,0,0,0,17,0,0,0,0,0,0,0,13,"1A",1,8,"A","8A",3,"June",14,126,0,"ACAGGAGGGTGT","CCGGACTACHVGGGTWTCTAAT","Run2",1,171.532,-45.829,5,63.28,0.99,11.5,1.1,"SURFACE"
"5","1A.06.14.500",0,0,0,339,0,0,70,0,0,24,0,0,1,0,0,9,0,0,0,0,0,0,1,0,0,0,74,0,0,0,2,10,0,0,207,0,9,0,0,0,69,31,3,3,0,3,3,17,0,0,0,52,0,0,0,0,2,1,0,0,0,1,0,0,0,1,0,0,0,0,0,0,0,3,0,0,0,1,0,4,0,0,6,0,0,104,0,2,1,0,0,1,0,3,29,0,0,28,0,0,0,0,26,0,0,86,84,102,8,0,13,0,2,0,2,0,0,0,0,0,0,0,2,0,3,5,44,1,53,4,0,12,0,0,135,0,0,0,0,1,30,47,0,40,5,0,0,0,1,0,0,0,0,0,0,0,1,0,0,7,1,0,0,1,0,2,0,1,0,7,0,79,0,0,0,0,0,0,8,0,20,0,7,0,43,1,0,0,0,0,0,18,0,0,2,0,0,2,0,0,0,1,0,0,0,0,7,3,0,0,0,4,0,0,0,0,5,0,0,11,0,0,0,1,2,119,8,0,6,40,0,60,279,2139,4,0,1,1,0,19,124,0,0,0,0,3,37,1,6,0,72,4,0,21,927,2,3,4,0,952,392,0,4,98,7,0,0,17,0,64,56,30,2,0,0,29,2,8,0,0,8,0,0,0,0,0,16,3,10,0,0,20,46,0,7,0,0,0,0,2,104,"1A",1,8,"A","8A",3,"June",14,126,500,"TAGACCGACTCC","CCGGACTACHVGGGTWTCTAAT","Run2",1,171.532,-45.829,501,63.28,1.19,16.7,3.9,"DEEP"
"6","1A.07.14",2,2,0,228,4,0,0,0,0,0,0,0,14,4,0,2,0,0,6,0,0,27,11,0,0,0,1533,0,0,0,0,0,0,0,23,0,201,0,0,0,1,114,0,0,8,0,6,31,0,0,0,37,0,0,0,0,0,1,0,0,9,1,0,6,0,0,0,10,0,26,0,4,0,0,0,1,0,0,0,0,0,0,0,2,5,0,0,0,0,0,0,0,10,0,22,0,0,0,0,0,0,0,5,0,1,34,125,55,0,0,34,1,3,11,8,0,0,0,0,0,0,2,0,1,0,0,9,0,1,0,31,125,0,73,763,0,0,0,0,0,20,80,72,28,9,2,5,0,0,0,6,0,36,0,0,5,0,0,0,0,3,3,0,2,0,502,0,0,6,0,0,63,0,0,0,0,0,0,7,0,29,3,43,0,68,0,0,0,0,0,0,26,6,43,0,0,0,0,0,0,0,8,6,0,0,0,118,2,0,12,0,0,0,40,0,0,0,0,0,45,0,0,0,9,0,486,0,0,0,5,0,26,96,1087,0,0,0,6,14,0,0,0,0,29,3,7,32,0,0,0,0,0,0,6,511,0,0,0,0,139,146,0,0,0,0,0,0,0,1,0,0,88,8,0,0,8,0,0,0,0,11,0,0,0,0,0,38,0,0,0,0,0,116,0,0,0,0,0,0,7,15,"1A",1,8,"A","8A",29,"July",14,182,0,"ACCTTGACAAGA","CCGGACTACHVGGGTWTCTAAT","Run2",2,171.534,-45.83,5,63.29,1.02,14.2,1.7,"SURFACE"
"7","1A.07.14.500",0,0,0,37,5,0,95,0,0,99,0,0,0,0,0,0,0,2,1,46,0,0,94,0,22,0,2,0,0,0,0,0,0,0,73,0,1,0,0,0,0,46,0,0,22,0,0,0,0,0,0,17,0,0,0,0,0,0,0,0,0,0,0,0,0,0,0,0,0,2,0,0,0,0,0,1,0,0,0,0,0,0,0,0,0,655,0,0,38,0,7,0,0,24,0,0,0,16,0,0,0,0,51,8,37,88,0,1,0,0,19,0,1,0,0,0,0,0,0,0,0,0,46,0,0,0,0,0,36,0,0,51,0,0,68,0,0,0,0,0,13,9,0,0,1,0,0,0,0,0,0,0,36,0,0,0,0,2,0,0,0,0,0,0,0,0,0,0,0,0,0,177,0,0,0,0,0,0,2,0,0,0,0,0,0,0,0,0,39,0,0,0,0,170,0,0,0,0,0,0,0,0,0,0,0,0,1,0,0,0,0,0,0,140,0,0,21,0,0,1,0,0,0,0,0,123,0,0,0,0,24,1,361,2536,34,0,0,0,0,0,18,2,0,0,0,0,13,0,49,0,56,0,0,0,820,0,0,0,0,881,149,0,22,181,4,0,89,12,0,128,3,3,0,0,0,0,52,0,0,0,0,7,0,0,0,0,0,13,0,0,0,51,2,0,0,0,0,0,0,0,0,"1A",1,8,"A","8A",29,"July",14,182,500,"TGCCGAGTAATC","CCGGACTACHVGGGTWTCTAAT","Run2",2,171.534,-45.83,501,63.29,1.52,22,8,"DEEP"
"8","1A.12.14",0,0,1,224,0,0,2,5,0,2,9,3,0,0,0,0,0,0,0,2,0,0,15,0,0,0,1,3,0,0,0,0,0,0,0,0,615,0,0,0,0,585,0,0,3,29,2,5,0,1,0,16,3,0,0,0,0,0,0,0,3,0,0,4,0,0,1,28,1,15,0,13,0,0,0,0,3,0,4,0,2,0,0,2,0,0,0,1,0,2,0,0,0,0,10,0,0,0,6,0,0,0,0,0,10,216,20,0,0,2,2,8,6,0,36,0,2,0,0,0,0,0,0,12,0,0,0,0,0,0,2,51,1,38,175,0,0,0,1,0,0,173,399,0,2,0,0,0,3,0,0,18,25,4,0,4,1,0,2,0,0,103,4,56,3,263,0,0,0,5,0,0,0,18,0,7,0,14,0,0,78,0,513,2,927,5,0,18,0,0,0,87,0,18,0,0,1,0,3,0,3,23,0,0,4,0,10,5,0,4,0,15,0,7,1,1,0,0,0,41,1,0,2,172,0,851,0,0,0,0,0,227,3,1230,0,0,0,15,0,0,0,0,0,56,0,0,0,0,0,0,0,0,4,0,59,0,0,0,0,0,69,2,0,0,0,0,0,0,0,0,0,3,7,0,0,0,0,0,2,0,39,0,0,0,4,2,0,1,0,0,0,0,3,0,0,1,0,4,0,0,0,"1A",1,8,"A","8A",19,"December",14,325,0,"CCGACATTGTAG","CCGGACTACHVGGGTWTCTAAT","Run2",3,171.533,-45.83,5,63.8,0.98,11,0,"SURFACE"
"9","1A.12.14.500",0,0,0,325,0,3,0,0,2,11,1,0,0,0,0,3,2,0,0,7,0,0,1,0,0,0,124,0,0,0,2,12,0,4,185,0,6,0,0,2,2,15,0,0,2,27,0,19,2,0,2,71,0,0,2,0,2,0,0,0,0,0,5,0,0,0,0,0,0,1,0,0,0,1,0,0,0,1,0,0,0,0,0,0,0,27,0,0,0,2,0,13,0,0,30,0,0,16,0,0,0,0,31,0,2,57,138,44,12,0,41,0,0,3,4,1,0,0,0,0,0,1,4,0,0,1,5,0,92,0,0,20,0,4,112,0,0,0,0,0,59,69,10,34,3,0,0,0,0,0,0,2,0,22,0,0,4,0,0,19,3,15,0,5,8,8,0,0,1,6,0,61,0,26,0,11,0,0,16,0,6,0,6,1,44,0,0,16,0,0,0,17,0,0,0,0,1,2,0,0,0,1,0,0,0,0,10,3,0,0,8,8,2,0,1,0,0,0,0,40,0,0,0,1,0,168,12,0,2,22,3,48,416,2425,12,0,0,4,0,11,117,0,1,0,0,3,35,0,3,0,87,4,0,15,726,2,3,0,1,766,340,0,6,39,15,3,4,7,0,39,8,27,0,0,0,29,2,8,0,0,23,0,3,0,0,0,10,6,6,2,0,10,67,0,2,5,0,0,0,0,111,"1A",1,8,"A","8A",19,"December",14,325,500,"GTAGGAACCGGA","CCGGACTACHVGGGTWTCTAAT","Run2",3,171.533,-45.83,489,63.8,1.22,16.6,3.4,"DEEP"
"10","1B.03.15",0,0,0,451,0,1,0,0,0,0,0,0,0,0,0,9,0,0,0,0,2,0,0,0,0,0,251,0,0,0,0,0,0,0,0,0,61,0,0,0,0,231,0,0,0,0,0,2,0,0,0,33,6,0,0,0,0,0,0,0,0,0,0,0,0,0,1,104,1,19,0,30,0,0,0,0,0,0,0,0,0,0,0,2,0,0,0,0,0,0,0,0,0,0,5,0,0,0,0,0,1,0,0,0,13,62,449,12,0,0,15,4,3,2,3,0,0,0,0,0,0,3,0,1,0,0,0,0,0,0,4,85,0,97,1245,0,0,0,0,0,1,78,113,65,21,0,0,0,0,0,1,0,0,0,0,0,0,0,0,0,0,3,9,2,0,1478,0,0,0,0,0,80,0,0,0,1,0,0,1,1,132,1,24,0,33,4,0,0,0,0,0,33,0,0,0,0,1,0,0,0,0,1,0,0,0,1,90,2,0,41,0,1,0,0,0,1,1,0,0,53,0,0,0,1,0,357,0,0,0,0,0,486,3,742,0,0,0,0,3,0,0,0,0,4,0,0,0,0,0,0,0,0,0,0,457,0,0,0,0,1,120,0,0,0,0,0,0,0,0,0,0,10,0,0,0,0,0,0,0,0,10,0,0,0,0,0,3,0,0,0,0,0,0,0,0,0,0,0,1,0,0,"1B",1,8,"B","8B",10,"March",15,406,0,"ACTAGCGTTCAG","CCGGACTACHVGGGTWTCTAAT","Run2",4,171.534,-45.83,5,63.61,0.86,8.7,0.28,"SURFACE"
"11","1B.03.15.500",0,0,0,17,0,0,0,0,0,2,1,0,0,0,0,0,2,0,0,10,0,1,0,0,0,0,0,0,0,0,0,0,0,0,0,0,241,0,0,0,0,1,0,0,0,17,1,2,0,1,0,1,0,3,0,0,0,1,3,0,0,0,0,0,0,0,0,44,0,13,0,39,0,0,0,0,0,0,0,0,0,0,0,0,0,0,40,1,0,0,0,0,0,0,21,0,0,0,0,2,156,2,0,1,0,25,16,0,0,8,1,1,0,0,1,0,0,0,0,0,0,0,0,10,0,0,0,0,0,0,0,29,4,67,153,0,4,0,3,0,0,96,105,2,96,0,0,0,0,0,0,0,0,0,16,0,0,0,0,0,0,236,0,0,0,10,0,0,0,0,2,9,0,6,0,0,0,1,1,0,15,0,0,0,3339,0,0,5,0,0,0,871,0,0,0,0,3,0,0,0,0,0,0,0,0,0,5,3,0,0,0,562,0,0,0,1,0,0,0,4,1,0,0,147,0,747,0,0,0,0,0,21,0,362,0,0,0,0,0,0,0,0,0,0,0,0,0,0,0,0,0,0,0,0,90,0,0,0,0,0,125,0,0,0,0,0,0,0,0,0,0,0,0,0,0,0,0,0,0,0,5,0,0,0,0,0,5,0,0,0,2,0,0,0,0,0,0,1,0,0,0,"1B",1,8,"B","8B",10,"March",15,406,500,"ACACCTGCGATC","CCGGACTACHVGGGTWTCTAAT","Run2",4,171.534,-45.83,500,63.61,1.36,12.9,4.63,"DEEP"
"13","1B.06.14",0,0,0,342,0,1,0,0,0,2,0,0,4,0,0,2,0,0,2,1,0,21,2,2,0,0,978,0,0,0,0,0,2,0,7,2,170,0,0,0,0,172,0,0,12,0,0,11,0,0,0,32,0,0,0,0,1,0,0,0,6,0,0,0,0,0,0,8,0,49,0,5,0,0,0,0,0,0,0,0,0,0,0,2,0,0,0,0,0,0,0,0,0,0,11,2,0,0,2,0,0,0,1,0,9,81,336,109,0,0,15,2,2,0,2,0,0,0,0,0,0,12,0,5,0,0,3,0,3,0,17,52,0,85,720,0,0,0,0,0,18,74,59,82,13,0,0,0,0,0,9,0,7,0,0,1,0,0,0,10,1,3,2,10,0,531,0,0,0,0,0,106,0,1,0,2,0,0,4,0,212,3,91,0,52,4,1,1,0,0,0,23,3,3,0,0,0,0,0,0,0,0,0,0,0,0,86,3,0,23,0,3,0,2,0,0,0,0,0,81,0,0,0,14,0,498,0,0,0,6,0,163,108,1329,0,0,0,1,9,0,4,0,0,65,0,3,1,0,0,0,0,0,0,9,319,0,0,0,0,41,160,1,0,0,1,0,0,1,0,0,0,59,3,0,0,9,1,1,0,0,23,0,1,4,0,0,36,1,0,0,0,0,31,0,0,0,0,0,0,0,5,"1B",1,8,"B","8B",3,"June",14,126,0,"GCTGTCGTCAAC","CCGGACTACHVGGGTWTCTAAT","Run2",1,171.532,-45.829,5,63.28,0.99,11.5,1.1,"SURFACE"
"14","1B.06.14.500",0,0,0,288,2,0,119,0,0,41,0,0,0,0,0,22,0,0,0,0,0,0,41,0,0,0,161,0,0,0,0,0,0,0,197,0,34,16,0,0,43,37,0,3,0,0,0,0,0,0,0,15,0,0,0,0,0,0,0,0,0,1,0,0,0,0,0,0,0,0,0,0,0,5,0,0,0,0,0,0,0,0,0,0,0,183,0,0,0,0,0,0,0,0,40,0,0,18,0,0,0,0,0,0,0,22,198,66,36,0,11,0,0,0,0,0,0,0,0,0,0,1,0,0,0,0,14,0,113,0,0,47,0,0,31,0,0,0,0,0,8,37,1,63,0,0,0,0,0,0,0,0,44,0,0,0,0,0,0,0,0,0,0,0,0,4,0,1,0,0,0,26,0,0,0,0,0,0,0,1,35,0,9,0,11,0,0,0,0,0,0,0,0,32,0,0,0,9,13,6,0,0,0,0,0,0,9,0,11,1,0,0,0,38,0,0,0,0,0,10,0,0,0,0,0,79,22,0,0,59,0,72,171,2580,6,0,0,0,0,0,161,0,0,0,0,0,100,0,12,0,129,0,0,0,751,0,0,0,0,682,445,0,27,88,8,0,0,0,0,1,21,29,2,0,0,54,0,0,0,0,3,0,0,0,0,0,23,9,2,0,0,0,41,0,1,0,0,0,0,0,200,"1B",1,8,"B","8B",3,"June",14,126,500,"GTCAACGCTGTC","CCGGACTACHVGGGTWTCTAAT","Run2",1,171.532,-45.829,501,63.28,1.19,16.7,3.9,"DEEP"
"15","1B.07.14",0,0,0,331,0,0,0,0,0,2,0,0,2,0,0,3,0,0,2,2,0,13,0,0,0,0,900,2,0,0,0,0,1,0,18,0,95,0,0,1,2,94,0,0,5,3,0,10,0,1,0,37,0,0,0,0,6,0,0,0,13,0,0,0,1,2,0,5,0,20,0,0,0,0,0,0,0,0,0,0,0,0,0,0,1,0,0,1,0,0,0,0,0,0,27,1,0,0,0,0,0,0,15,0,1,80,175,128,0,0,26,2,2,0,4,0,0,0,0,0,0,5,0,3,0,0,1,0,2,0,33,59,0,68,589,1,0,0,0,0,13,88,14,44,16,0,1,0,1,0,2,0,0,0,0,9,0,0,0,1,0,4,0,6,0,478,0,0,1,0,0,58,0,0,0,0,0,0,1,0,22,0,47,0,47,1,0,0,0,0,0,27,12,0,0,0,0,0,0,0,0,0,0,0,0,0,73,2,0,28,0,0,0,0,2,0,0,0,0,45,0,0,0,6,0,308,0,0,0,8,0,80,226,1747,0,1,0,6,14,1,30,0,0,86,0,1,12,0,0,0,2,0,0,7,570,0,0,0,0,109,329,1,0,2,7,0,0,3,1,1,1,64,4,0,0,4,1,1,0,0,21,0,0,1,1,2,55,1,2,0,0,0,65,0,0,4,0,0,0,0,25,"1B",1,8,"B","8B",29,"July",14,182,0,"GTAACCACCACC","CCGGACTACHVGGGTWTCTAAT","Run2",2,171.534,-45.83,5,63.29,1.02,14.2,1.7,"SURFACE"
"16","1B.12.14",0,1,1,297,0,5,0,0,0,8,0,0,0,0,0,1,0,0,0,0,0,0,1,0,0,0,0,0,0,0,0,0,0,0,1,2,661,0,0,0,0,597,0,0,4,23,0,7,0,0,0,15,2,0,0,0,0,1,0,2,2,0,0,0,0,0,1,30,2,13,0,13,0,0,0,0,0,0,1,0,2,0,0,4,0,0,0,0,0,0,0,0,0,0,10,0,0,0,0,1,0,1,1,1,8,236,25,0,0,8,1,9,9,0,31,0,0,0,0,0,0,0,0,21,0,0,0,0,0,0,1,54,0,64,154,2,2,0,1,0,0,195,344,6,1,0,0,0,0,0,0,29,0,6,0,5,0,0,0,0,0,157,0,90,2,244,0,2,0,0,0,2,0,15,0,6,0,15,0,1,118,0,401,1,864,5,1,38,0,0,1,127,0,1,0,2,1,2,0,0,0,1,0,0,0,0,3,7,0,4,0,11,0,0,1,2,0,1,0,43,1,2,0,176,0,902,0,0,0,0,0,195,0,1108,0,0,0,3,0,0,0,0,0,47,0,0,0,0,0,0,0,0,0,1,61,0,0,0,0,0,78,0,0,0,0,0,0,0,0,0,0,4,1,0,0,0,0,0,1,2,31,0,0,0,0,12,2,1,0,0,0,0,0,0,2,0,0,2,1,0,0,"1B",1,8,"B","8B",19,"December",14,325,0,"CATGTAAGGCTC","CCGGACTACHVGGGTWTCTAAT","Run2",3,171.533,-45.83,5,63.8,0.98,11,0,"SURFACE"
"17","1B.12.14.500",0,1,0,275,0,0,2,0,0,8,0,0,1,0,0,6,1,0,0,1,0,0,1,0,0,0,101,3,0,0,2,4,1,0,205,0,11,0,1,0,0,15,0,0,0,28,0,12,2,0,0,67,0,0,2,0,0,0,0,0,0,0,5,0,0,3,0,0,0,0,1,1,0,6,0,0,0,0,0,0,0,1,0,0,0,51,0,0,2,0,0,8,0,1,28,0,2,10,2,1,0,0,35,0,1,67,123,48,15,0,26,0,0,1,2,0,0,2,0,0,0,0,4,0,0,5,12,1,45,1,0,15,0,1,76,0,0,0,0,0,77,58,10,39,5,0,0,0,0,0,3,3,0,26,0,1,1,0,0,15,1,8,0,0,8,1,0,0,0,2,0,76,1,27,0,5,0,0,23,0,8,0,8,0,64,0,0,17,0,0,0,17,0,0,0,0,2,1,0,0,0,0,0,2,0,0,10,3,0,0,0,9,0,0,0,0,0,0,0,27,0,0,0,10,0,175,5,0,0,14,2,42,441,2553,21,0,2,9,0,13,95,1,1,0,0,14,40,2,4,0,85,5,0,13,686,2,9,1,1,793,297,0,8,51,13,0,2,6,0,38,14,27,0,0,0,23,0,3,0,0,21,0,5,0,0,0,8,3,8,0,0,12,98,0,0,4,2,0,0,2,115,"1B",1,8,"B","8B",19,"December",14,325,500,"ACATCTAGCAGA","CCGGACTACHVGGGTWTCTAAT","Run2",3,171.533,-45.83,489,63.8,1.22,16.6,3.4,"DEEP"
"18","d8.1",0,0,0,302,0,0,0,0,0,0,0,0,0,0,8,10,14,0,7,0,0,3,0,0,0,0,118,0,3,0,14,18,0,0,90,0,47,0,0,0,0,119,0,0,8,20,0,0,0,0,0,30,9,0,0,0,0,1,0,0,0,0,0,0,0,0,0,4,0,0,0,3,0,0,0,0,0,0,0,0,0,0,0,0,0,0,0,0,0,0,0,5,0,0,4,1,4,8,0,0,0,0,3,0,6,88,134,15,0,0,0,0,0,7,0,0,0,0,8,0,0,13,0,0,0,6,32,0,49,0,0,21,0,21,151,0,0,0,0,0,47,89,28,49,67,0,0,0,0,0,0,5,0,0,0,7,0,0,0,21,0,16,10,35,0,46,0,0,0,84,0,62,0,3,12,0,6,0,10,0,79,0,85,0,74,2,0,0,0,0,0,54,0,0,0,4,0,0,0,0,0,0,0,0,0,0,37,3,0,1,0,0,0,0,0,0,10,0,0,20,0,0,0,7,0,403,18,0,16,25,14,122,420,2162,6,0,12,8,0,0,33,2,0,4,0,12,2,0,34,0,68,0,0,11,751,2,2,0,7,709,187,0,15,196,1,0,0,13,0,42,8,27,0,0,0,14,2,0,0,0,21,0,0,0,0,0,24,12,9,0,0,22,23,6,10,0,0,0,0,0,27,"8A",1,8,"A","8A",28,"January",2014,0,500,"TCCGTGGTATAG","CCGGACTACHVGGGTWTCTAAT","Run1",0,171.558,-45.839,500,65.37,1.3,19.1,7.5,"DEEP"
"19","d8.2",0,5,0,308,0,0,0,0,0,0,0,0,9,0,0,0,0,0,0,4,0,0,0,0,0,3,123,0,0,2,7,7,0,0,215,1,20,0,0,0,0,22,0,0,2,9,0,20,0,3,0,37,0,0,0,4,0,0,0,0,0,0,0,0,0,0,0,3,0,0,0,1,0,0,0,0,0,0,0,0,0,11,0,0,2,0,0,0,0,0,0,5,0,0,6,0,0,26,0,0,0,0,6,0,6,80,129,17,0,0,11,0,0,9,0,0,0,0,0,0,2,0,0,0,0,13,16,0,44,0,1,29,0,5,137,0,0,0,0,0,16,38,6,15,18,0,0,0,0,0,0,0,0,3,0,0,0,0,0,15,2,1,2,8,0,11,0,0,0,10,0,44,4,0,2,0,0,0,25,0,52,0,30,0,56,0,0,4,0,0,0,20,0,0,0,0,0,0,0,0,0,0,0,0,0,0,13,0,0,3,0,0,8,0,0,0,38,0,0,35,5,0,0,0,0,203,49,2,6,24,3,66,549,2467,8,0,5,2,0,10,101,0,2,11,0,4,23,0,7,0,77,0,0,31,634,2,5,0,6,917,163,0,47,117,8,0,0,15,0,37,14,37,0,2,3,9,2,0,0,0,26,0,0,0,0,0,6,19,7,0,0,21,32,0,14,1,0,0,0,0,54,"8B",1,8,"B","8B",28,"January",2014,0,500,"TCTACGGCACGT","CCGGACTACHVGGGTWTCTAAT","Run1",0,171.558,-45.839,500,65.37,1.3,19.1,7.5,"DEEP"
"20","S8.1",0,0,0,516,0,1,0,0,0,0,0,0,0,0,0,12,0,0,0,1,0,0,0,0,0,0,228,0,0,0,0,0,0,0,1,4,68,0,0,0,0,202,0,0,7,2,0,6,0,0,0,34,10,0,0,0,0,0,0,0,5,0,0,0,0,0,0,30,0,8,0,6,0,0,0,0,0,0,0,0,0,0,0,0,0,0,0,0,0,0,0,0,0,0,6,1,0,0,0,0,0,0,0,0,55,158,302,26,0,1,1,4,0,0,1,0,0,0,0,0,0,8,0,2,0,0,0,0,0,0,16,36,0,109,843,0,0,0,2,0,22,120,30,25,167,0,0,0,0,0,4,0,0,0,0,15,0,0,0,0,0,14,18,20,4,30,0,0,0,0,0,108,0,4,0,0,0,0,1,0,225,0,115,1,151,8,0,0,0,0,0,126,0,0,0,0,1,0,0,0,0,0,0,0,0,0,29,1,0,0,0,2,0,0,0,2,0,0,0,62,0,0,0,3,0,377,0,0,0,0,0,334,41,1741,0,0,0,2,17,0,0,0,0,11,3,0,1,0,0,5,0,0,0,0,753,0,0,0,0,5,141,0,0,0,0,0,0,0,0,0,0,15,2,0,0,0,0,0,1,0,41,0,0,0,0,3,6,9,0,0,0,0,86,0,0,2,0,0,0,0,0,"8A",1,8,"A","8A",28,"January",2014,0,0,"GAGTACAGTCTA","CCGGACTACHVGGGTWTCTAAT","Run1",0,171.558,-45.839,5,65.37,0.7,10.6,0.4,"SURFACE"
"21","S8.2",0,0,0,376,0,2,0,0,0,0,0,0,0,0,0,13,0,0,0,1,0,0,0,0,0,0,299,0,0,0,0,0,0,0,0,0,59,0,0,0,0,146,0,0,5,2,0,1,0,0,0,26,12,0,0,0,0,1,0,0,6,0,0,0,0,0,0,31,0,4,0,6,0,0,0,0,0,0,0,0,0,0,0,0,0,0,0,0,0,0,0,0,0,0,7,3,0,0,0,0,0,0,0,0,49,134,244,34,0,5,2,5,0,0,2,0,0,0,0,0,0,6,0,2,0,0,0,0,0,0,16,33,0,95,856,0,0,0,1,0,24,109,27,22,261,0,0,0,0,0,2,0,0,0,0,28,0,0,0,0,0,12,10,10,6,25,0,0,0,0,0,118,0,1,0,0,0,0,0,0,178,0,92,1,128,3,0,0,0,0,0,149,0,0,0,0,1,0,0,0,0,0,0,0,0,0,33,2,0,2,0,1,0,0,0,1,0,0,0,70,0,0,0,2,0,307,0,0,0,0,0,311,81,1797,0,0,0,0,16,0,0,0,0,6,5,0,1,0,0,4,0,0,0,1,911,0,0,0,0,6,188,0,0,2,0,0,0,0,0,0,0,27,0,0,0,1,0,0,1,0,27,0,0,0,2,4,2,8,0,0,0,0,116,0,0,1,0,0,0,0,0,"8B",1,8,"B","8B",28,"January",2014,0,0,"CCTACATGAGAC","CCGGACTACHVGGGTWTCTAAT","Run1",0,171.558,-45.839,5,65.37,0.7,10.6,0.4,"SURFACE"
