"","SampleID","Acidobacteria","Actinobacteria","Armatimonadetes","Bacteroidetes","BD1-5","Candidate division BRC1","Candidate division OD1","Candidate division OP11","Chlamydiae","Chloroflexi","Cyanobacteria","Deferribacteres","Deinococcus-Thermus","Euryarchaeota","Fibrobacteres","Firmicutes","Fusobacteria","Gemmatimonadetes","JL-ETNP-Z39","Lentisphaerae","Nitrospirae","Planctomycetes","Proteobacteria","SAR","Spirochaetae","Synergistetes","TA06","Tenericutes","Thaumarchaeota","TM6","Verrucomicrobia","Station","Kim_Station","Published_station","Replicate","Published_ID","Day","Month","Year","Time","Depth","BarcodeSequence","LinkerPrimerSequence","Description","Sample_day","LonE","LatN","Depth2","Distance.km_from_TH.","Phosphate","Nitrate","Silicate","Water_mass"
"1","1A.03.15",0,239,0,2085,0,0,0,0,0,0,1395,24,0,4,9,9,0,0,0,0,0,4,3740,0,0,0,0,0,1,0,222,"1A",1,8,"A","8A",10,"March",15,406,0,"GGCGTTGCATTC","CCGGACTACHVGGGTWTCTAAT","Run2",4,171.534,-45.83,5,63.61,0.86,8.7,0.28,"SURFACE"
"2","1A.03.15.500",45,283,1,329,0,0,0,0,1,65,21,268,0,601,0,2,2,22,0,3,19,92,4333,0,0,2,2,0,1294,0,260,"1A",1,8,"A","8A",10,"March",15,406,500,"GAAGACAGCGAC","CCGGACTACHVGGGTWTCTAAT","Run2",4,171.534,-45.83,500,63.61,1.36,12.9,4.63,"DEEP"
"3","1A.04.15",0,356,0,1426,0,0,0,0,0,0,1304,25,0,4,7,0,0,0,0,0,0,59,3763,0,0,0,0,0,3,0,741,"1A",1,8,"A","8A",21,"April",15,448,0,"TTGCGGACCCTA","CCGGACTACHVGGGTWTCTAAT","Run2",5,171.534,-45.829,5,63.35,0.94,10,0.55,"SURFACE"
"4","1A.06.14",0,449,0,1052,0,0,0,2,0,10,884,298,0,261,3,0,0,1,1,0,0,41,4505,0,0,0,0,0,41,0,138,"1A",1,8,"A","8A",3,"June",14,126,0,"ACAGGAGGGTGT","CCGGACTACHVGGGTWTCTAAT","Run2",1,171.532,-45.829,5,63.28,0.99,11.5,1.1,"SURFACE"
"5","1A.06.14.500",24,202,2,307,0,0,0,0,0,251,19,598,0,612,0,1,0,54,0,9,28,43,4487,0,0,2,0,0,1088,0,84,"1A",1,8,"A","8A",3,"June",14,126,500,"TAGACCGACTCC","CCGGACTACHVGGGTWTCTAAT","Run2",1,171.532,-45.829,501,63.28,1.19,16.7,3.9,"DEEP"
"6","1A.07.14",2,1682,0,1478,0,0,0,0,2,0,674,120,0,137,4,8,0,6,0,0,0,73,3438,0,0,0,0,0,123,0,78,"1A",1,8,"A","8A",29,"July",14,182,0,"ACCTTGACAAGA","CCGGACTACHVGGGTWTCTAAT","Run2",2,171.534,-45.83,5,63.29,1.02,14.2,1.7,"SURFACE"
"7","1A.07.14.500",0,206,0,396,0,0,0,0,0,103,1,574,0,563,0,22,0,24,0,47,16,82,4578,0,0,0,0,0,1157,0,188,"1A",1,8,"A","8A",29,"July",14,182,500,"TGCCGAGTAATC","CCGGACTACHVGGGTWTCTAAT","Run2",2,171.534,-45.83,501,63.29,1.52,22,8,"DEEP"
"8","1A.12.14",0,14,0,779,0,0,0,0,0,0,474,0,0,3,10,41,0,0,0,0,0,41,6351,0,3,0,0,0,0,3,111,"1A",1,8,"A","8A",19,"December",14,325,0,"CCGACATTGTAG","CCGGACTACHVGGGTWTCTAAT","Run2",3,171.533,-45.83,5,63.8,0.98,11,0,"SURFACE"
"9","1A.12.14.500",19,261,0,371,2,0,0,0,0,199,45,545,0,654,0,4,0,27,0,13,16,88,4428,0,0,0,2,4,913,0,118,"1A",1,8,"A","8A",19,"December",14,325,500,"GTAGGAACCGGA","CCGGACTACHVGGGTWTCTAAT","Run2",3,171.533,-45.83,489,63.8,1.22,16.6,3.4,"DEEP"
"10","1B.03.15",0,254,0,1885,0,0,0,0,0,0,1531,15,0,4,10,1,0,0,1,0,0,2,3829,0,0,0,0,0,0,0,147,"1B",1,8,"B","8B",10,"March",15,406,0,"ACTAGCGTTCAG","CCGGACTACHVGGGTWTCTAAT","Run2",4,171.534,-45.83,5,63.61,0.86,8.7,0.28,"SURFACE"
"11","1B.03.15.500",0,4,0,1829,0,0,0,0,0,0,12,0,0,0,0,1,0,0,0,0,0,2,5954,0,0,0,0,0,0,0,37,"1B",1,8,"B","8B",10,"March",15,406,500,"ACACCTGCGATC","CCGGACTACHVGGGTWTCTAAT","Run2",4,171.534,-45.83,500,63.61,1.36,12.9,4.63,"DEEP"
"13","1B.06.14",0,1027,0,1299,0,0,1,1,2,6,771,145,0,121,5,0,0,0,0,0,0,91,3915,0,0,0,0,0,36,0,316,"1B",1,8,"B","8B",3,"June",14,126,0,"GCTGTCGTCAAC","CCGGACTACHVGGGTWTCTAAT","Run2",1,171.532,-45.829,5,63.28,0.99,11.5,1.1,"SURFACE"
"14","1B.06.14.500",33,362,0,238,0,0,0,0,0,195,8,687,0,417,0,0,0,87,0,6,18,12,4808,11,13,13,0,0,895,0,149,"1B",1,8,"B","8B",3,"June",14,126,500,"GTCAACGCTGTC","CCGGACTACHVGGGTWTCTAAT","Run2",1,171.532,-45.829,501,63.28,1.19,16.7,3.9,"DEEP"
"15","1B.07.14",0,1015,0,1136,0,0,1,1,0,43,1096,292,0,262,4,0,0,6,0,0,0,35,3604,0,0,0,0,0,103,0,50,"1B",1,8,"B","8B",29,"July",14,182,0,"GTAACCACCACC","CCGGACTACHVGGGTWTCTAAT","Run2",2,171.534,-45.83,5,63.29,1.02,14.2,1.7,"SURFACE"
"16","1B.12.14",0,0,0,788,0,0,0,0,0,0,465,0,2,0,10,1,0,0,0,0,0,50,6243,0,0,0,0,0,1,0,165,"1B",1,8,"B","8B",19,"December",14,325,0,"CATGTAAGGCTC","CCGGACTACHVGGGTWTCTAAT","Run2",3,171.533,-45.83,5,63.8,0.98,11,0,"SURFACE"
"17","1B.12.14.500",13,224,0,318,1,0,0,0,1,174,49,549,0,663,0,0,0,30,0,23,10,99,4492,0,0,0,0,0,977,0,86,"1B",1,8,"B","8B",19,"December",14,325,500,"ACATCTAGCAGA","CCGGACTACHVGGGTWTCTAAT","Run2",3,171.533,-45.83,489,63.8,1.22,16.6,3.4,"DEEP"
"18","d8.1",64,186,0,494,0,3,3,0,0,111,192,345,0,628,0,1,0,61,0,10,8,91,4564,0,0,5,0,0,933,0,180,"8A",1,8,"A","8A",28,"January",2014,0,500,"TCCGTGGTATAG","CCGGACTACHVGGGTWTCTAAT","Run1",0,171.558,-45.839,500,65.37,1.3,19.1,7.5,"DEEP"
"19","d8.2",92,222,0,333,5,0,0,0,0,198,92,347,0,594,0,6,0,44,0,8,26,77,4101,0,0,4,4,0,1389,0,150,"8B",1,8,"B","8B",28,"January",2014,0,500,"TCTACGGCACGT","CCGGACTACHVGGGTWTCTAAT","Run1",0,171.558,-45.839,500,65.37,1.3,19.1,7.5,"DEEP"
"20","S8.1",0,233,0,1481,0,0,0,0,0,0,369,39,0,44,1,0,0,0,0,0,0,10,5136,0,0,0,0,0,3,1,299,"8A",1,8,"A","8A",28,"January",2014,0,0,"GAGTACAGTCTA","CCGGACTACHVGGGTWTCTAAT","Run1",0,171.558,-45.839,5,65.37,0.7,10.6,0.4,"SURFACE"
"21","S8.2",0,300,0,1605,3,0,0,0,0,0,553,78,0,89,2,0,0,0,0,0,0,7,4743,0,0,0,0,0,0,1,246,"8B",1,8,"B","8B",28,"January",2014,0,0,"CCTACATGAGAC","CCGGACTACHVGGGTWTCTAAT","Run1",0,171.558,-45.839,5,65.37,0.7,10.6,0.4,"SURFACE"
