"","SampleID","D_5__Acinetobacter","D_5__Actibacterium","D_5__AEGEAN-169 marine group","D_5__Afipia","D_5__Albimonas","D_5__Alcanivorax","D_5__Algiphilus","D_5__Alkanindiges","D_5__Altererythrobacter","D_5__Arcobacter","D_5__Arenicella","D_5__Bacteriovorax","D_5__bacterium enrichment culture clone heteroC6_4W","D_5__Balneatrix","D_5__BD1-7 clade","D_5__Bradyrhizobium","D_5__C1-B045","D_5__Candidatus Captivus","D_5__Candidatus Cryptoprodotis","D_5__Candidatus Defluviella","D_5__Candidatus Endoecteinascidia","D_5__Candidatus Lariskella","D_5__Candidatus Pelagibacter","D_5__Candidatus Planktomarina (DC5-80-3 lineage)","D_5__Candidatus Profftella","D_5__Candidatus Schneideria","D_5__Catenococcus","D_5__Celeribacter","D_5__Chelatococcus","D_5__Colwellia","D_5__Coxiella","D_5__Cycloclasticus","D_5__Dasania","D_5__Defluviicoccus","D_5__Defluviimonas","D_5__Desulfobulbus","D_5__Desulfotalea","D_5__Dinoroseobacter","D_5__Eionea","D_5__Enterobacter","D_5__Erythrobacter","D_5__Escherichia-Shigella","D_5__Fangia","D_5__Gilvimarinus","D_5__Granulosicoccus","D_5__Haliangium","D_5__Haliea","D_5__Halioglobus","D_5__Halomonas","D_5__Hellea","D_5__Hyphomonas","D_5__Idiomarina","D_5__Kangiella","D_5__Lentibacter","D_5__Litoricola","D_5__Loktanella","D_5__Luminiphilus","D_5__Magnetospira","D_5__marine metagenome","D_5__Marinicella","D_5__Marinobacter","D_5__Marinobacterium","D_5__Marinosulfonomonas","D_5__Marinovum","D_5__Mariprofundus","D_5__Massilia","D_5__Methylophaga","D_5__Microvirga","D_5__Moritella","D_5__MSBL7","D_5__MWH-UniP1 aquatic group","D_5__Neptunomonas","D_5__Nereida","D_5__Nitrincola","D_5__Nitrosococcus","D_5__Nitrosomonas","D_5__Nitrosospira","D_5__Nitrospina","D_5__Novosphingobium","D_5__Oceanibaculum","D_5__Oceanicola","D_5__Oleibacter","D_5__Oleiphilus","D_5__Oleispira","D_5__OM27 clade","D_5__OM43 clade","D_5__OM60(NOR5) clade","D_5__OM75 clade","D_5__Parvularcula","D_5__Pelagibacterium","D_5__Pelagicola","D_5__Pelomonas","D_5__Peredibacter","D_5__Photobacterium","D_5__Plesiocystis","D_5__Porticoccus","D_5__Pseudoalteromonas","D_5__Pseudohaliea","D_5__Pseudomonas","D_5__Pseudospirillum","D_5__Psychrobacter","D_5__Rahnella","D_5__Rhizobium","D_5__Rhodobium","D_5__Rhodovulum","D_5__Roseibacterium","D_5__Roseobacter","D_5__Roseobacter clade CHAB-I-5 lineage","D_5__Roseobacter clade NAC11-7 lineage","D_5__Roseobacter clade OCT lineage","D_5__Roseovarius","D_5__Salinicola","D_5__Salinisphaera","D_5__SAR92 clade","D_5__Sedimenticola","D_5__Shewanella","D_5__Sphingobium","D_5__Sphingomonas","D_5__Sphingopyxis","D_5__Spongiibacter","D_5__Stappia","D_5__Sulfitobacter","D_5__Talaromyces phialosporus","D_5__Teredinibacter","D_5__Thalassobacter","D_5__Thalassobius","D_5__Thalassospira","D_5__Thioalkalispira","D_5__Thioprofundum","D_5__Thiothrix","D_5__Tropicibacter","D_5__Uliginosibacterium","D_5__Umboniibacter","D_5__uncultured","D_5__uncultured alpha proteobacterium","D_5__uncultured bacterium","D_5__uncultured deep-sea bacterium","D_5__uncultured delta proteobacterium","D_5__uncultured delta proteobacterium DeepAnt-32C6","D_5__uncultured delta proteobacterium HF0500_03A04","D_5__uncultured gamma proteobacterium","D_5__uncultured gamma proteobacterium EB000_65A11","D_5__uncultured gamma proteobacterium HF0200_24F15","D_5__uncultured gamma proteobacterium HF4000_19M20","D_5__uncultured marine bacterium","D_5__uncultured marine microorganism","D_5__uncultured organism","D_5__uncultured planctomycete","D_5__uncultured prokaryote","D_5__uncultured proteobacterium","D_5__uncultured Rhizobiales bacterium","D_5__uncultured Rhodospirillaceae bacterium","D_5__uncultured SAR11 cluster alpha proteobacterium","D_5__uncultured SAR86 cluster bacterium","D_5__uncultured sediment bacterium","D_5__uncultured soil bacterium","D_5__uncultured Sorangiineae bacterium","D_5__Undibacterium","D_5__unidentified marine bacterioplankton","D_5__Vibrio","D_5__Vogesella","D_5__Yangia","D_5__Yersinia","D_5__ZD0417 marine group","Station","Kim_Station","Published_station","Replicate","Published_ID","Day","Month","Year","Time","Depth","BarcodeSequence","LinkerPrimerSequence","Description","Sample_day","LonE","LatN","Depth2","Distance.km_from_TH.","Temperature","Salinity","Phosphate","Nitrate","Silicate","Water_mass"
"1","1A.03.15",0,0,385,0,1,0,0,0,0,0,0,0,0,0,1,0,0,0,0,0,0,1,1,53,0,0,0,196,0,0,10,0,0,37,5,0,0,0,0,0,0,1,0,0,0,0,1,0,0,0,0,0,0,3,0,0,0,0,49,403,1,0,3,2,0,6,0,0,0,0,2,0,2,0,0,0,0,0,0,0,1,0,0,0,1,120,130,64,0,0,0,0,0,0,0,6,0,0,0,98,0,0,0,0,0,0,21,0,31,6,0,0,0,34,0,0,0,2,0,0,0,2,0,0,0,0,1,0,0,64,1,0,0,263,576,570,0,0,0,0,460,0,0,0,103,0,12,0,0,0,0,0,8,0,0,0,0,0,3,0,0,0,0,0,"1A",1,8,"A","8A",10,"March",15,434,0,"GGCGTTGCATTC","CCGGACTACHVGGGTWTCTAAT","Run2",4,171.534,-45.83,5,63.61,12.3,34.375,0.86,8.7,0.28,"SURFACE"
"2","1A.03.15.500",0,0,275,0,0,42,0,0,25,0,3,0,0,0,1,1,0,0,0,0,1,1,0,0,0,0,0,6,0,12,13,0,3,19,0,0,0,0,0,0,0,0,0,0,5,1,0,1,206,0,3,14,0,4,0,0,0,10,9,57,1,2,0,0,3,0,4,0,4,0,0,1,0,0,2,3,0,62,45,0,0,2,0,1,19,16,8,6,0,0,2,0,0,3,0,0,0,0,0,30,3,0,0,0,0,0,2,0,55,0,0,4,0,25,0,1,0,0,1,0,0,1,0,1,0,0,28,0,4,27,0,0,0,39,12,1888,1,29,0,5,999,17,2,3,98,0,38,2,0,0,0,0,23,0,0,0,0,0,18,22,0,0,0,59,"1A",1,8,"A","8A",10,"March",15,434,500,"GAAGACAGCGAC","CCGGACTACHVGGGTWTCTAAT","Run2",4,171.534,-45.83,500,63.61,7.5,34.422,1.36,12.9,4.63,"DEEP"
"3","1A.04.15",0,0,245,0,3,0,0,0,0,0,0,0,0,1,2,0,0,0,0,0,0,1,0,89,0,0,0,272,0,0,23,0,0,54,2,0,0,0,0,0,0,0,0,0,0,0,1,0,0,0,0,0,0,8,1,0,0,0,46,404,0,0,5,5,0,3,0,0,0,0,8,0,7,0,0,3,0,0,0,0,0,0,0,0,7,106,88,80,0,3,0,0,0,0,0,6,0,0,0,36,0,0,0,0,2,0,169,0,41,5,0,0,1,21,3,0,0,0,0,0,0,3,0,0,0,3,0,1,0,148,0,0,0,516,325,590,0,6,0,0,332,0,0,0,48,0,10,2,0,1,0,0,10,1,0,1,8,0,5,0,0,0,0,2,"1A",1,8,"A","8A",21,"April",15,476,0,"TTGCGGACCCTA","CCGGACTACHVGGGTWTCTAAT","Run2",5,171.534,-45.829,5,63.35,10.9,34.311,0.94,10,0.55,"SURFACE"
"4","1A.06.14",0,0,461,1,0,0,0,0,1,0,0,0,0,1,3,0,0,0,0,0,1,0,0,109,0,0,1,114,0,0,6,0,0,30,1,0,0,0,0,0,0,0,0,0,0,0,0,0,0,0,0,0,0,39,0,0,0,7,76,319,1,0,2,1,1,4,0,0,0,0,7,0,3,0,0,3,0,1,0,0,0,0,0,0,16,104,26,141,0,0,0,0,0,1,0,11,0,2,0,90,0,0,0,0,0,1,67,0,52,0,0,0,0,61,2,0,0,0,0,0,0,1,0,0,0,0,0,0,0,74,0,0,0,271,132,1209,1,5,0,0,748,1,0,0,190,0,54,6,0,3,0,0,15,0,3,0,0,0,12,0,0,0,0,13,"1A",1,8,"A","8A",3,"June",14,154,0,"ACAGGAGGGTGT","CCGGACTACHVGGGTWTCTAAT","Run2",1,171.532,-45.829,5,63.28,9.7,34.229,0.99,11.5,1.1,"SURFACE"
"5","1A.06.14.500",0,0,339,0,0,70,0,0,24,0,1,0,0,0,0,1,0,0,0,0,2,0,0,9,0,0,69,31,3,3,17,0,0,52,0,0,0,1,0,1,0,0,1,4,0,6,0,0,104,0,2,1,0,29,0,0,0,26,34,84,8,0,0,2,0,2,0,0,0,0,0,2,0,3,5,44,1,53,4,0,0,0,0,1,30,47,0,40,0,0,0,0,0,1,1,0,1,0,7,79,0,0,0,0,0,0,7,0,43,1,0,0,0,18,0,2,0,0,2,0,0,3,0,0,0,0,5,0,0,11,0,0,2,89,60,1527,2,37,1,6,926,2,3,4,268,3,28,22,0,8,0,0,8,0,0,0,0,0,41,7,0,0,2,104,"1A",1,8,"A","8A",3,"June",14,154,500,"TAGACCGACTCC","CCGGACTACHVGGGTWTCTAAT","Run2",1,171.532,-45.829,501,63.28,7.1,34.36,1.19,16.7,3.9,"DEEP"
"6","1A.07.14",2,0,228,4,0,0,0,0,0,0,14,0,0,6,0,11,0,0,0,0,0,0,0,201,0,0,1,114,0,0,31,0,0,37,0,0,0,1,0,1,0,6,0,0,0,0,2,5,0,0,0,0,10,22,0,0,0,5,28,125,0,0,1,3,11,8,0,0,0,0,2,0,1,0,0,9,0,1,0,0,0,0,0,0,20,80,72,28,5,0,0,36,0,0,3,0,0,6,0,63,0,0,0,0,0,3,43,0,68,0,0,0,0,26,6,0,0,0,0,0,6,2,0,0,0,0,0,0,0,45,0,0,0,392,26,755,7,32,0,0,508,0,0,0,103,0,81,8,0,0,0,0,11,0,0,0,0,0,91,0,0,0,7,15,"1A",1,8,"A","8A",29,"July",14,188,0,"ACCTTGACAAGA","CCGGACTACHVGGGTWTCTAAT","Run2",2,171.534,-45.83,5,63.29,8.4,34.25,1.02,14.2,1.7,"SURFACE"
"7","1A.07.14.500",0,0,37,5,0,95,0,0,99,0,0,0,2,1,46,94,0,0,0,0,0,0,0,1,0,0,0,46,0,0,0,0,0,17,0,0,0,0,0,0,0,0,0,0,0,0,0,0,655,0,0,38,0,0,0,0,0,51,88,0,0,0,0,1,0,0,0,0,0,0,0,46,0,0,0,0,0,36,0,0,0,0,0,0,13,9,0,0,0,0,0,36,0,0,0,0,0,0,0,177,0,0,0,0,0,0,0,0,0,0,0,39,0,0,0,0,0,0,0,0,0,0,0,0,0,0,21,0,0,1,0,0,0,92,1,1862,0,13,0,49,820,0,0,0,80,2,3,0,0,0,0,0,0,0,0,0,0,0,2,0,0,0,0,0,"1A",1,8,"A","8A",29,"July",14,188,500,"TGCCGAGTAATC","CCGGACTACHVGGGTWTCTAAT","Run2",2,171.534,-45.83,501,63.29,6.6,34.33,1.52,22,8,"DEEP"
"8","1A.12.14",0,1,224,0,0,2,5,0,2,3,0,0,0,0,2,15,0,3,0,0,0,0,0,615,0,0,0,585,0,29,5,1,0,16,3,0,0,0,0,0,0,4,0,0,0,0,2,0,0,0,1,0,0,10,6,0,0,0,216,20,0,2,8,6,0,36,0,0,0,0,0,0,12,0,0,0,0,0,0,0,0,0,1,0,0,173,399,0,0,0,18,25,4,1,0,4,0,0,5,0,0,0,0,14,0,0,513,2,927,5,0,0,0,87,0,0,0,1,0,3,0,5,0,0,1,1,0,0,0,41,1,2,0,745,227,1140,0,0,0,0,59,0,0,0,63,0,3,0,0,0,2,0,39,0,0,4,2,0,0,0,0,0,0,0,"1A",1,8,"A","8A",19,"December",14,353,0,"CCGACATTGTAG","CCGGACTACHVGGGTWTCTAAT","Run2",3,171.533,-45.83,5,63.8,11.4,34.302,0.98,11,0,"SURFACE"
"9","1A.12.14.500",0,0,325,0,3,0,0,2,11,0,0,2,0,0,7,1,0,0,0,0,2,0,0,6,0,2,2,15,0,27,19,0,2,71,0,2,0,0,0,0,5,0,0,0,0,0,0,0,27,0,0,0,0,30,0,0,0,31,36,138,12,0,0,0,3,4,1,0,0,0,1,4,0,0,1,5,0,92,0,0,0,0,0,0,59,69,10,34,0,0,2,0,22,4,3,0,0,1,6,61,0,0,0,0,0,0,6,1,44,0,0,0,0,17,0,0,0,1,2,0,0,3,8,2,1,0,0,0,0,40,0,0,0,118,48,1787,3,35,0,3,725,2,3,0,192,4,10,23,0,8,0,0,23,3,0,0,0,0,43,2,0,0,0,111,"1A",1,8,"A","8A",19,"December",14,353,500,"GTAGGAACCGGA","CCGGACTACHVGGGTWTCTAAT","Run2",3,171.533,-45.83,489,63.8,7.3,34.381,1.22,16.6,3.4,"DEEP"
"10","1B.03.15",0,0,451,0,1,0,0,0,0,0,0,0,0,0,0,0,0,0,0,0,0,0,0,61,0,0,0,231,0,0,2,0,0,33,6,0,0,0,0,0,0,0,0,0,0,0,2,0,0,0,0,0,0,5,0,0,1,0,62,449,0,0,4,3,2,3,0,0,0,0,3,0,1,0,0,0,0,0,0,0,0,0,0,0,1,78,113,65,0,0,0,0,0,0,0,9,0,0,0,80,0,0,0,0,1,1,24,0,33,4,0,0,0,33,0,0,0,1,0,0,0,2,0,0,0,1,1,0,0,53,0,0,0,306,486,635,0,0,0,0,457,0,0,0,106,0,8,0,0,0,0,0,10,0,0,0,0,0,0,0,0,1,0,0,"1B",1,8,"B","8B",10,"March",15,434,0,"ACTAGCGTTCAG","CCGGACTACHVGGGTWTCTAAT","Run2",4,171.534,-45.83,5,63.61,12.3,34.375,0.86,8.7,0.28,"SURFACE"
"11","1B.03.15.500",0,0,17,0,0,0,0,0,2,0,0,2,0,0,10,0,0,0,0,0,0,0,0,241,0,0,0,1,0,17,2,1,0,1,0,0,0,1,3,0,0,0,0,0,0,0,0,0,0,40,1,0,0,21,0,2,156,0,25,16,0,8,1,0,0,1,0,0,0,0,0,0,10,0,0,0,0,0,0,0,4,0,3,0,0,96,105,2,0,0,0,0,0,0,0,0,0,0,0,9,0,0,0,1,0,0,0,0,3339,0,0,0,0,871,0,0,0,3,0,0,0,3,0,0,0,1,0,0,0,4,1,0,0,342,21,357,0,0,0,0,90,0,0,0,116,0,0,0,0,0,0,0,5,0,0,0,0,2,0,0,0,0,0,0,"1B",1,8,"B","8B",10,"March",15,434,500,"ACACCTGCGATC","CCGGACTACHVGGGTWTCTAAT","Run2",4,171.534,-45.83,500,63.61,7.5,34.422,1.36,12.9,4.63,"DEEP"
"13","1B.06.14",0,0,342,0,1,0,0,0,2,0,4,0,0,2,1,2,2,0,0,0,0,2,2,170,0,0,0,172,0,0,11,0,0,32,0,0,0,0,0,0,0,0,0,0,0,0,2,0,0,0,0,0,0,11,2,0,0,1,81,336,0,0,2,2,0,2,0,0,0,0,12,0,5,0,0,3,0,3,0,0,0,0,0,0,18,74,59,82,0,0,0,7,0,0,1,2,0,0,0,106,0,0,0,0,0,3,91,0,52,4,1,0,0,23,3,0,0,0,0,0,0,3,0,0,0,0,0,0,0,81,0,0,0,393,163,1000,3,1,0,0,315,0,0,0,113,0,46,9,1,1,0,0,23,1,4,0,0,0,20,0,0,0,0,5,"1B",1,8,"B","8B",3,"June",14,154,0,"GCTGTCGTCAAC","CCGGACTACHVGGGTWTCTAAT","Run2",1,171.532,-45.829,5,63.28,9.7,34.229,0.99,11.5,1.1,"SURFACE"
"14","1B.06.14.500",0,0,288,2,0,119,0,0,41,0,0,0,0,0,0,41,0,0,0,0,0,0,0,34,16,0,43,37,3,0,0,0,0,15,0,0,0,0,0,1,0,0,0,0,0,0,0,0,183,0,0,0,0,40,0,0,0,0,11,198,36,0,0,0,0,0,0,0,0,0,1,0,0,0,0,14,0,113,0,0,0,0,0,0,8,37,1,63,0,0,0,44,0,0,0,0,1,0,0,26,0,0,0,0,1,0,9,0,11,0,0,0,0,0,0,0,0,0,9,0,0,0,0,0,0,0,0,0,0,10,0,0,0,59,72,1801,0,100,0,12,751,0,0,0,256,0,28,54,0,0,0,0,3,0,0,0,0,0,15,1,0,0,0,200,"1B",1,8,"B","8B",3,"June",14,154,500,"GTCAACGCTGTC","CCGGACTACHVGGGTWTCTAAT","Run2",1,171.532,-45.829,501,63.28,7.1,34.36,1.19,16.7,3.9,"DEEP"
"15","1B.07.14",0,0,331,0,0,0,0,0,2,0,2,0,0,2,2,0,0,2,0,0,0,1,0,95,0,1,2,94,0,3,10,1,0,37,0,0,0,0,0,0,0,0,2,0,0,0,0,1,0,0,1,0,0,27,0,0,0,15,79,175,0,0,2,2,0,4,0,0,0,0,5,0,3,0,0,1,0,2,0,1,0,0,0,0,13,88,14,44,1,0,0,0,0,0,0,0,0,1,0,58,0,0,0,0,0,0,47,0,47,1,0,0,0,27,12,0,0,0,0,0,0,2,0,0,2,0,0,0,0,45,0,0,0,258,80,1015,1,12,0,0,569,0,0,0,225,0,38,4,1,1,0,0,21,0,1,1,2,0,43,0,0,0,0,25,"1B",1,8,"B","8B",29,"July",14,188,0,"GTAACCACCACC","CCGGACTACHVGGGTWTCTAAT","Run2",2,171.534,-45.83,5,63.29,8.4,34.25,1.02,14.2,1.7,"SURFACE"
"16","1B.12.14",1,1,297,0,5,0,0,0,8,0,0,0,0,0,0,1,0,0,0,0,0,0,2,661,0,0,0,597,0,23,7,0,0,15,2,0,0,1,0,0,0,0,0,0,0,0,4,0,0,0,0,0,0,10,0,1,0,1,236,25,0,8,9,9,0,31,0,0,0,0,0,0,21,0,0,0,0,0,0,2,2,0,1,0,0,195,344,6,0,0,29,0,6,0,0,0,2,0,0,2,0,0,0,15,1,0,401,1,864,5,1,0,1,127,0,0,2,1,2,0,0,7,0,0,1,2,0,1,0,43,1,0,0,791,195,1030,0,0,0,0,61,0,0,0,72,0,4,0,0,0,1,2,31,0,0,0,12,0,0,2,0,1,0,0,"1B",1,8,"B","8B",19,"December",14,353,0,"CATGTAAGGCTC","CCGGACTACHVGGGTWTCTAAT","Run2",3,171.533,-45.83,5,63.8,11.4,34.302,0.98,11,0,"SURFACE"
"17","1B.12.14.500",1,0,275,0,0,2,0,0,8,0,1,1,0,0,1,1,0,3,0,0,2,1,0,11,0,0,0,15,0,28,12,0,0,67,0,2,0,0,0,0,5,0,3,0,1,0,0,0,51,0,0,2,0,28,2,1,0,35,43,123,15,0,0,0,1,2,0,0,0,0,0,4,0,0,5,12,1,45,1,0,0,0,0,0,77,58,10,39,0,0,3,0,26,1,1,0,0,0,2,76,1,0,0,0,0,0,8,0,64,0,0,0,0,17,0,0,0,2,1,0,0,3,0,0,0,0,0,0,0,27,0,0,0,123,42,1916,12,40,2,4,682,2,9,1,177,2,18,12,0,3,0,0,21,5,0,0,0,0,75,0,2,0,2,115,"1B",1,8,"B","8B",19,"December",14,353,500,"ACATCTAGCAGA","CCGGACTACHVGGGTWTCTAAT","Run2",3,171.533,-45.83,489,63.8,7.3,34.381,1.22,16.6,3.4,"DEEP"
"20","S8.1",0,0,516,0,1,0,0,0,0,0,0,0,0,0,1,0,0,0,0,0,0,0,4,68,0,0,0,202,0,2,6,0,0,34,10,0,0,0,0,0,0,0,0,0,0,0,0,0,0,0,0,0,0,6,0,0,0,0,158,302,0,1,4,0,0,1,0,0,0,0,8,0,2,0,0,0,0,0,0,0,0,0,2,0,22,120,30,25,0,0,0,0,0,0,0,18,0,0,0,108,0,0,0,0,0,0,115,1,151,8,0,0,0,126,0,0,0,1,0,0,0,1,0,0,0,2,0,0,0,62,0,0,0,333,334,1426,0,1,0,0,753,0,0,0,124,0,2,0,0,0,1,0,41,0,0,0,3,0,0,0,0,0,0,0,"8A",1,8,"A","8A",28,"January",2014,1,0,"GAGTACAGTCTA","CCGGACTACHVGGGTWTCTAAT","Run1",0,171.558,-45.839,5,65.37,12.6,34.279,0.7,10.6,0.4,"SURFACE"
"21","S8.2",0,0,376,0,2,0,0,0,0,0,0,0,0,0,1,0,0,0,0,0,0,0,0,59,0,0,0,146,0,2,1,0,0,26,12,0,0,1,0,0,0,0,0,0,0,0,0,0,0,0,0,0,0,7,0,0,0,0,134,244,0,5,5,0,0,2,0,0,0,0,6,0,2,0,0,0,0,0,0,0,0,0,1,0,24,109,27,22,0,0,0,0,0,0,0,10,0,0,0,118,0,0,0,0,0,0,92,1,128,3,0,0,0,149,0,0,0,1,0,0,0,2,0,0,0,1,0,0,0,70,0,0,0,258,311,1298,0,1,0,0,911,0,0,0,137,0,3,1,0,0,1,0,27,0,0,2,4,0,0,0,0,0,0,0,"8B",1,8,"B","8B",28,"January",2014,1,0,"CCTACATGAGAC","CCGGACTACHVGGGTWTCTAAT","Run1",0,171.558,-45.839,5,65.37,12.6,34.279,0.7,10.6,0.4,"SURFACE"
