"","SampleID","34P16","4-Org1-14","A714019","Acanthopleuribacterales","Acidimicrobiales","Alteromonadales","Anaerolineales","Asterionella ralfsii","Aulacoseira ambigua","Bacillales","Bacteroidales","BD2-11 terrestrial group","BD7-8 marine group","Bdellovibrionales","Burkholderiales","C0119","Campylobacterales","Cardiobacteriales","Caulobacterales","Chlamydiales","Chromatiales","Chthoniobacterales","Clostridiales","Corynebacteriales","Cytophagales","DB1-14","Deferribacterales","Deinococcales","Desulfarculales","Desulfobacterales","Desulfuromonadales","Dinophysis acuminata","E01-9C-26 marine group","Emiliania huxleyi","Enterobacteriales","Erysipelotrichales","Euptilota molle","Fibrobacterales","Flavobacteriales","Frankiales","Fusobacteriales","Gaiellales","Gammaproteobacteria Incertae Sedis","GR-WP33-30","Halobacteriales","KI89A clade","Lactobacillales","Legionellales","Lentisphaerales","marine metagenome","Mariprofundales","MB11C04 marine group","Methylophilales","Micrococcales","Mycoplasmatales","Myxococcales","Neisseriales","Nitrosomonadales","Nitrospirales","NKB5","Oceanospirillales","OCS116 clade","Order II","Order Incertae Sedis","Parvularculales","PAUC43f marine benthic group","PeM15","Phalacroma mitra","Phycisphaerales","Planctomycetales","Prasinoderma coloniale","Proboscia indica","Propionibacteriales","Protalveolata","Pseudomonadales","Pseudoscourfieldia marina","Puniceicoccales","Rhizobiales","Rhodobacterales","Rhodocyclales","Rhodospirillales","Rickettsiales","S26-47","Salinisphaerales","SAR11 clade","SAR324 clade(Marine group B)","Sh765B-TzT-29","SHA-43","Sneathiellales","Solirubrobacterales","Sphingobacteriales","Sphingomonadales","Spirochaetales","Stellarima microtrias","Subgroup 18","Subgroup 21","Subgroup 6","SubsectionI","SubsectionIII","Synergistales","Syntrophobacterales","Thermoplasmatales","Thiotrichales","uncultured archaeon","uncultured bacterium","uncultured bacterium AD106-G5","uncultured Chloroflexi bacterium","uncultured crenarchaeote","uncultured crenarchaeote ODPB-A9","uncultured cyanobacterium","uncultured Cyanobacterium sp.","uncultured deep-sea bacterium","uncultured diatom","uncultured gamma proteobacterium","uncultured marine archaeon","uncultured marine bacterium","uncultured marine eukaryote","uncultured marine group I thaumarchaeote","uncultured marine microorganism","uncultured marine rappemonad","uncultured Marinimicrobia bacterium","uncultured organism","uncultured phototrophic eukaryote","uncultured Planctomyces sp.","uncultured Planctomycetales bacterium","uncultured planctomycete","uncultured prokaryote","uncultured proteobacterium","uncultured SAR202 cluster bacterium","uncultured soil bacterium","uncultured Verrucomicrobia bacterium","unidentified archaeon PM7","unidentified marine bacterioplankton","Unknown Order","Verrucomicrobiales","Vibrionales","Virgulinella fragilis","WD2101 soil group","Xanthomonadales","Station","Kim_Station","Published_station","Replicate","Published_ID","Day","Month","Year","Time","Depth","BarcodeSequence","LinkerPrimerSequence","Description","Sample_day","LonE","LatN","Depth2","Distance.km_from_TH.","Phosphate","Nitrate","Silicate","Water_mass"
"1","1A.03.15",0,0,0,0,238,173,0,0,0,3,0,0,0,1,8,0,0,0,1,0,0,0,6,0,19,0,24,0,0,0,0,0,3,0,1,0,0,9,2047,0,0,0,0,0,0,41,0,10,0,0,0,0,120,0,0,0,0,0,0,0,788,145,0,403,0,0,0,0,1,3,4,0,0,0,0,0,19,1,585,0,490,77,0,0,801,0,12,0,0,1,19,2,0,0,0,0,0,1387,0,0,0,4,64,0,2,0,0,0,0,4,0,0,0,0,1,0,0,0,0,0,0,11,0,0,0,0,0,0,0,0,0,0,0,0,203,0,0,0,1,"1A",1,8,"A","8A",10,"March",15,434,0,"GGCGTTGCATTC","CCGGACTACHVGGGTWTCTAAT","Run2",4,171.534,-45.83,5,63.61,0.86,8.7,0.28,"SURFACE"
"2","1A.03.15.500",0,0,9,0,282,77,5,0,0,0,0,22,1,19,0,0,0,0,5,1,7,129,2,0,10,0,268,0,2,64,6,0,180,0,0,0,0,0,300,1,2,0,7,11,9,2,0,13,2,10,3,22,16,0,0,30,0,3,19,0,1610,16,0,57,0,0,0,0,13,61,1,0,0,0,3,0,3,1,77,0,362,20,0,59,358,1006,22,0,5,0,17,71,0,0,2,3,38,3,0,2,1,592,32,411,160,1,31,1,0,1,0,0,0,6,635,0,0,59,2,0,0,62,0,0,0,4,2,0,0,0,2,18,0,160,48,27,6,2,33,"1A",1,8,"A","8A",10,"March",15,434,500,"GAAGACAGCGAC","CCGGACTACHVGGGTWTCTAAT","Run2",4,171.534,-45.83,500,63.61,1.36,12.9,4.63,"DEEP"
"3","1A.04.15",0,0,0,0,355,118,0,0,0,0,0,0,0,9,11,0,0,0,1,0,1,0,0,0,13,0,25,0,0,0,3,0,9,0,0,0,0,7,1400,0,0,0,3,3,0,28,0,23,0,0,0,3,106,0,0,8,0,3,0,0,535,132,0,404,0,0,1,1,9,50,28,0,0,0,0,0,94,3,1100,0,407,92,0,3,561,0,15,0,0,0,13,0,0,0,0,0,0,1237,0,0,0,4,148,1,19,0,0,0,0,22,0,0,0,4,2,0,0,0,0,0,0,12,1,0,0,0,0,1,0,1,0,0,0,0,642,0,0,0,17,"1A",1,8,"A","8A",21,"April",15,476,0,"TTGCGGACCCTA","CCGGACTACHVGGGTWTCTAAT","Run2",5,171.534,-45.829,5,63.35,0.94,10,0.55,"SURFACE"
"4","1A.06.14",0,0,0,0,443,104,0,0,0,0,0,1,0,18,11,0,0,0,0,0,0,1,0,0,25,0,298,0,0,1,1,2,17,9,0,0,1,3,1016,1,0,0,2,2,0,71,0,6,0,0,1,5,104,2,0,14,0,3,0,0,1247,259,0,319,0,0,2,4,9,32,6,0,0,0,0,0,22,1,597,0,710,248,0,13,516,10,27,0,0,1,11,1,0,0,0,0,0,455,0,0,0,261,75,9,339,0,2,0,0,33,1,0,0,13,23,7,7,0,4,0,0,114,7,0,0,0,0,3,0,0,0,0,1,9,93,2,0,0,31,"1A",1,8,"A","8A",3,"June",14,154,0,"ACAGGAGGGTGT","CCGGACTACHVGGGTWTCTAAT","Run2",1,171.532,-45.829,5,63.28,0.99,11.5,1.1,"SURFACE"
"5","1A.06.14.500",0,0,1,0,198,57,10,0,0,1,0,53,0,33,2,10,0,0,2,0,5,25,0,3,13,0,598,0,0,57,16,2,209,0,3,0,0,0,279,0,0,0,1,2,10,25,0,17,0,44,0,5,47,0,0,56,0,45,28,0,1579,49,0,84,0,1,1,0,4,23,1,0,0,0,7,0,3,4,133,0,553,30,0,104,284,796,42,1,0,0,15,30,0,0,1,6,10,2,0,2,0,602,14,182,174,4,124,0,0,0,0,1,0,9,631,0,0,4,11,0,0,26,2,0,0,7,0,8,0,0,0,20,0,207,47,77,0,0,39,"1A",1,8,"A","8A",3,"June",14,154,500,"TAGACCGACTCC","CCGGACTACHVGGGTWTCTAAT","Run2",1,171.532,-45.829,501,63.28,1.19,16.7,3.9,"DEEP"
"6","1A.07.14",0,0,0,2,1635,111,0,4,0,8,0,6,0,20,46,0,0,0,0,2,0,0,0,6,34,0,120,0,0,1,7,0,130,9,14,0,0,4,1399,0,0,1,20,30,0,35,0,31,0,0,11,0,80,40,0,7,0,9,0,3,695,168,0,125,5,0,0,5,8,65,2,0,0,0,2,0,7,17,818,0,353,113,0,15,296,35,52,0,0,0,45,0,0,0,0,0,0,514,0,0,0,137,45,28,109,0,0,0,0,29,3,0,0,17,72,8,0,0,0,1,0,83,8,0,0,0,0,0,0,0,0,0,0,23,68,1,0,0,28,"1A",1,8,"A","8A",29,"July",14,188,0,"ACCTTGACAAGA","CCGGACTACHVGGGTWTCTAAT","Run2",2,171.534,-45.83,5,63.29,1.02,14.2,1.7,"SURFACE"
"7","1A.07.14.500",0,0,0,0,27,119,0,0,0,22,0,24,0,13,36,0,0,0,0,0,0,132,0,0,19,0,574,0,0,36,65,0,292,0,0,0,0,0,155,0,0,1,0,0,0,81,0,0,0,0,0,7,9,178,0,21,0,0,16,0,1918,0,0,0,0,0,0,0,22,4,0,0,0,0,0,0,37,100,49,0,184,58,0,0,337,1105,0,0,3,0,170,99,0,0,0,0,0,0,0,0,0,563,1,361,138,34,18,2,0,0,0,0,0,0,648,0,0,22,10,0,0,3,0,0,0,0,52,0,7,0,13,51,0,73,0,0,0,0,48,"1A",1,8,"A","8A",29,"July",14,188,500,"TGCCGAGTAATC","CCGGACTACHVGGGTWTCTAAT","Run2",2,171.534,-45.83,501,63.29,1.52,22,8,"DEEP"
"8","1A.12.14",2,0,0,0,1,526,0,0,0,26,0,0,0,4,61,0,3,0,4,0,0,1,11,4,9,2,0,0,8,0,0,0,0,3,4,0,0,10,747,0,0,0,0,0,0,69,4,5,0,0,0,3,173,9,0,8,0,0,0,0,138,8,2,20,0,0,0,4,3,38,56,3,0,0,5,0,10,29,3442,2,240,560,0,0,971,2,0,0,0,0,21,3,3,0,0,0,0,267,0,0,0,3,48,0,76,0,0,0,0,56,0,0,0,0,0,2,2,0,0,0,0,2,7,0,0,0,0,0,0,4,0,0,3,0,96,1,1,0,5,"1A",1,8,"A","8A",19,"December",14,353,0,"CCGACATTGTAG","CCGGACTACHVGGGTWTCTAAT","Run2",3,171.533,-45.83,5,63.8,0.98,11,0,"SURFACE"
"9","1A.12.14.500",1,0,3,0,257,94,2,0,0,1,0,27,0,91,9,11,0,0,0,0,1,39,1,0,52,0,545,0,0,96,27,2,198,0,2,2,0,0,280,0,0,0,0,4,12,4,0,19,0,13,3,6,69,0,4,40,0,5,16,0,1084,94,0,138,0,0,4,0,16,43,5,8,0,0,8,0,2,1,126,0,556,80,1,111,361,993,48,3,1,0,39,19,0,0,0,2,14,8,0,0,0,642,43,151,157,12,117,0,1,0,0,0,0,2,547,0,0,6,3,0,2,25,0,0,0,6,0,8,0,0,1,10,0,185,46,8,5,0,31,"1A",1,8,"A","8A",19,"December",14,353,500,"GTAGGAACCGGA","CCGGACTACHVGGGTWTCTAAT","Run2",3,171.533,-45.83,489,63.8,1.22,16.6,3.4,"DEEP"
"10","1B.03.15",0,0,0,0,254,158,0,0,0,1,0,0,0,1,6,0,0,0,0,0,0,0,0,0,16,0,15,0,0,0,0,0,1,0,0,0,0,10,1855,0,0,0,0,0,0,46,0,2,0,0,2,0,78,0,0,0,0,0,0,0,742,149,0,449,0,0,0,0,0,2,2,0,0,0,0,0,14,0,683,0,553,95,0,0,787,0,13,0,0,0,14,1,0,0,0,0,0,1519,0,0,0,4,53,0,6,0,0,0,0,4,0,0,0,1,0,0,0,0,0,0,0,10,0,0,0,0,0,0,0,0,0,0,0,0,133,0,0,0,0,"1B",1,8,"B","8B",10,"March",15,434,0,"ACTAGCGTTCAG","CCGGACTACHVGGGTWTCTAAT","Run2",4,171.534,-45.83,5,63.61,0.86,8.7,0.28,"SURFACE"
"11","1B.03.15.500",0,0,0,0,0,1162,0,0,0,0,1,0,0,2,3,0,0,0,41,0,0,0,1,1,1,10,0,0,0,0,0,0,1,0,0,0,0,0,1827,0,0,0,0,0,0,13,0,2,0,0,0,1,96,3,0,0,0,0,0,0,302,16,0,16,0,0,0,0,0,2,0,0,0,0,0,2,0,1,3966,0,21,124,0,0,165,0,0,0,0,0,0,5,0,0,0,0,0,10,0,0,0,0,5,0,0,0,0,0,0,0,0,0,0,0,0,0,0,0,0,0,0,0,0,0,0,0,0,0,0,0,0,0,0,0,36,0,0,0,3,"1B",1,8,"B","8B",10,"March",15,434,500,"ACACCTGCGATC","CCGGACTACHVGGGTWTCTAAT","Run2",4,171.534,-45.83,500,63.61,1.36,12.9,4.63,"DEEP"
"13","1B.06.14",0,0,0,0,1021,90,0,0,0,0,0,0,0,19,21,0,0,0,0,2,0,0,0,0,17,0,145,0,0,3,0,1,28,6,0,0,0,5,1269,0,0,0,7,1,0,50,0,11,0,0,0,2,74,2,0,11,0,3,0,0,580,215,0,336,0,0,4,1,12,79,10,0,0,0,0,0,20,3,866,0,502,213,0,5,658,5,21,0,0,0,13,2,0,0,0,0,0,554,0,0,0,121,81,9,125,0,4,0,0,65,0,0,0,7,20,5,1,0,1,0,0,56,3,0,0,0,0,1,0,0,0,0,2,7,288,0,0,0,53,"1B",1,8,"B","8B",3,"June",14,154,0,"GCTGTCGTCAAC","CCGGACTACHVGGGTWTCTAAT","Run2",1,171.532,-45.829,5,63.28,0.99,11.5,1.1,"SURFACE"
"14","1B.06.14.500",0,0,9,0,324,46,0,0,0,0,0,87,0,8,61,0,0,0,0,0,0,98,0,0,17,0,687,0,0,113,70,0,111,0,1,0,0,0,167,0,0,0,0,33,0,0,0,0,0,7,0,0,37,38,0,103,0,14,18,0,1462,29,0,198,0,0,0,0,5,7,0,0,0,11,0,0,0,47,134,0,461,63,0,200,232,998,10,0,0,0,54,52,13,0,0,0,33,5,0,13,0,417,10,134,162,6,161,0,0,0,0,0,0,16,530,0,0,27,0,0,0,29,2,0,0,0,0,0,0,0,0,0,0,197,41,44,0,0,100,"1B",1,8,"B","8B",3,"June",14,154,500,"GTCAACGCTGTC","CCGGACTACHVGGGTWTCTAAT","Run2",1,171.532,-45.829,501,63.28,1.19,16.7,3.9,"DEEP"
"15","1B.07.14",0,0,0,0,1008,48,0,0,0,0,0,6,0,14,9,1,0,0,1,0,0,0,0,0,26,2,292,0,0,2,7,6,66,13,1,0,1,4,1102,0,0,0,14,6,0,26,0,10,0,0,0,1,88,0,0,15,0,1,0,0,944,192,0,175,1,0,7,9,5,29,6,0,0,0,0,0,4,0,531,0,496,150,3,25,576,64,31,0,0,0,8,2,0,0,0,0,0,506,0,0,0,262,48,23,443,0,30,0,0,86,0,0,0,5,62,8,1,0,3,1,0,61,4,0,0,0,0,1,0,1,0,0,6,18,38,2,4,0,7,"1B",1,8,"B","8B",29,"July",14,188,0,"GTAACCACCACC","CCGGACTACHVGGGTWTCTAAT","Run2",2,171.534,-45.83,5,63.29,1.02,14.2,1.7,"SURFACE"
"16","1B.12.14",0,0,0,0,0,501,0,0,0,1,2,0,0,6,31,0,0,0,0,0,1,0,0,0,9,3,0,2,0,0,0,0,0,2,0,0,0,10,772,0,0,0,0,0,0,44,0,7,0,0,0,1,195,0,0,12,0,0,0,0,148,11,2,25,0,0,0,5,4,46,90,2,0,0,1,0,8,16,3421,0,323,521,0,1,915,0,0,0,0,0,3,14,0,0,0,0,0,248,0,0,0,0,45,0,66,0,0,0,0,47,0,0,0,0,0,4,0,0,0,0,0,0,1,0,0,0,0,0,0,0,0,0,0,1,156,2,0,0,0,"1B",1,8,"B","8B",19,"December",14,353,0,"CATGTAAGGCTC","CCGGACTACHVGGGTWTCTAAT","Run2",3,171.533,-45.83,5,63.8,0.98,11,0,"SURFACE"
"17","1B.12.14.500",0,0,0,0,221,87,4,0,0,0,0,29,1,110,3,9,0,0,0,1,6,22,0,0,31,0,549,0,2,51,42,0,242,0,2,0,0,0,246,1,0,0,1,0,5,10,0,12,2,16,1,7,58,2,0,36,2,13,10,0,1051,78,0,123,0,1,0,1,14,55,0,8,0,0,4,0,4,2,143,0,527,68,4,115,384,1090,49,3,2,0,41,17,0,2,0,0,11,1,0,0,1,658,33,174,178,21,95,1,1,0,0,2,0,7,560,1,0,8,2,0,0,24,0,0,0,11,0,3,0,0,1,12,1,205,42,3,4,0,29,"1B",1,8,"B","8B",19,"December",14,353,500,"ACATCTAGCAGA","CCGGACTACHVGGGTWTCTAAT","Run2",3,171.533,-45.83,489,63.8,1.22,16.6,3.4,"DEEP"
"18","d8.1",0,0,7,0,186,132,3,0,8,0,0,59,0,64,13,0,0,0,0,0,6,39,1,0,0,0,345,0,0,52,24,0,225,0,12,0,0,0,463,0,0,0,0,0,18,94,0,0,4,4,7,23,89,0,0,24,0,32,8,0,1045,63,0,134,0,2,0,7,19,66,35,0,0,0,84,0,7,16,532,0,475,129,0,27,510,487,66,0,28,0,31,4,0,0,0,16,48,47,0,5,0,610,42,301,209,6,33,2,0,4,0,12,0,14,499,5,0,15,3,0,0,14,0,0,0,3,0,0,0,0,0,22,0,90,94,22,0,1,53,"8A",1,8,"A","8A",28,"January",2014,1,500,"TCCGTGGTATAG","CCGGACTACHVGGGTWTCTAAT","Run1",0,171.558,-45.839,500,65.37,1.3,19.1,7.5,"DEEP"
"19","d8.2",0,2,3,0,213,69,4,0,0,0,0,41,2,25,0,17,0,2,0,0,24,27,6,0,11,0,347,0,0,65,16,0,137,0,2,0,0,0,307,0,0,0,9,4,7,24,0,20,0,5,9,3,38,4,0,33,0,16,26,2,890,21,0,129,0,3,2,0,7,53,8,0,3,0,19,0,6,0,202,0,473,57,0,54,527,994,39,0,3,0,15,0,0,0,0,9,73,14,0,4,0,587,48,436,240,8,101,0,2,11,0,2,0,2,663,0,0,47,11,0,0,25,0,2,3,4,0,0,0,0,15,21,4,215,75,16,1,1,27,"8B",1,8,"B","8B",28,"January",2014,1,500,"TCTACGGCACGT","CCGGACTACHVGGGTWTCTAAT","Run1",0,171.558,-45.839,500,65.37,1.3,19.1,7.5,"DEEP"
"20","S8.1",0,0,0,0,233,177,0,0,0,0,0,0,0,22,9,0,0,0,0,0,0,1,0,0,1,1,39,0,0,0,2,0,0,5,0,0,0,1,1390,0,0,0,0,0,0,119,0,6,0,0,0,11,120,0,0,3,0,0,0,0,1326,230,0,302,0,0,0,15,7,3,20,4,0,0,0,0,60,0,903,0,576,252,0,0,1012,1,4,0,0,0,90,1,0,0,0,0,0,30,3,0,0,44,62,0,241,0,0,0,0,11,3,0,5,0,2,5,0,0,0,0,0,15,2,0,0,0,0,0,0,0,0,0,17,1,227,0,2,0,0,"8A",1,8,"A","8A",28,"January",2014,1,0,"GAGTACAGTCTA","CCGGACTACHVGGGTWTCTAAT","Run1",0,171.558,-45.839,5,65.37,0.7,10.6,0.4,"SURFACE"
"21","S8.2",0,0,0,0,300,189,0,0,0,0,0,0,0,24,8,0,0,0,0,0,0,1,0,0,2,1,78,0,0,0,1,0,0,6,0,0,0,2,1476,0,0,0,0,0,0,101,0,1,0,0,0,12,109,0,0,4,0,0,0,0,1576,227,0,244,0,0,0,28,5,2,10,6,0,0,0,0,54,1,716,0,425,233,0,0,796,0,6,0,0,0,127,1,0,0,0,0,0,27,5,0,0,89,71,0,411,0,0,0,0,6,5,0,4,0,0,14,0,0,0,0,0,27,0,0,0,0,0,0,0,2,0,0,14,0,179,0,1,0,0,"8B",1,8,"B","8B",28,"January",2014,1,0,"CCTACATGAGAC","CCGGACTACHVGGGTWTCTAAT","Run1",0,171.558,-45.839,5,65.37,0.7,10.6,0.4,"SURFACE"
