"","SampleID","Chesapeake-Delaware Bay","Deep 1","marine metagenome","Surface 1","Surface 2","Surface 4","uncultured bacterium","uncultured marine bacterium","uncultured SAR11 cluster alpha proteobacterium","Station","Kim_Station","Published_station","Replicate","Published_ID","Day","Month","Year","Time","Depth","BarcodeSequence","LinkerPrimerSequence","Description","Sample_day","LonE","LatN","Depth2","Distance.km_from_TH.","Phosphate","Nitrate","Silicate","Water_mass"
"1","1A.03.15",0,0,12,103,11,665,4,3,3,"1A",1,8,"A","8A",10,"March",15,406,0,"GGCGTTGCATTC","CCGGACTACHVGGGTWTCTAAT","Run2",4,171.534,-45.83,5,63.61,0.86,8.7,0.28,"SURFACE"
"2","1A.03.15.500",0,49,7,116,14,62,109,0,1,"1A",1,8,"A","8A",10,"March",15,406,500,"GAAGACAGCGAC","CCGGACTACHVGGGTWTCTAAT","Run2",4,171.534,-45.83,500,63.61,1.36,12.9,4.63,"DEEP"
"3","1A.04.15",0,0,32,136,22,359,7,1,4,"1A",1,8,"A","8A",21,"April",15,448,0,"TTGCGGACCCTA","CCGGACTACHVGGGTWTCTAAT","Run2",5,171.534,-45.829,5,63.35,0.94,10,0.55,"SURFACE"
"4","1A.06.14",1,4,59,207,26,197,8,4,10,"1A",1,8,"A","8A",3,"June",14,126,0,"ACAGGAGGGTGT","CCGGACTACHVGGGTWTCTAAT","Run2",1,171.532,-45.829,5,63.28,0.99,11.5,1.1,"SURFACE"
"5","1A.06.14.500",0,34,17,140,13,36,37,4,3,"1A",1,8,"A","8A",3,"June",14,126,500,"TAGACCGACTCC","CCGGACTACHVGGGTWTCTAAT","Run2",1,171.532,-45.829,501,63.28,1.19,16.7,3.9,"DEEP"
"6","1A.07.14",0,2,24,145,30,78,5,3,9,"1A",1,8,"A","8A",29,"July",14,182,0,"ACCTTGACAAGA","CCGGACTACHVGGGTWTCTAAT","Run2",2,171.534,-45.83,5,63.29,1.02,14.2,1.7,"SURFACE"
"7","1A.07.14.500",0,9,88,121,9,0,105,5,0,"1A",1,8,"A","8A",29,"July",14,182,500,"TGCCGAGTAATC","CCGGACTACHVGGGTWTCTAAT","Run2",2,171.534,-45.83,501,63.29,1.52,22,8,"DEEP"
"8","1A.12.14",1,3,215,356,101,248,10,6,31,"1A",1,8,"A","8A",19,"December",14,325,0,"CCGACATTGTAG","CCGGACTACHVGGGTWTCTAAT","Run2",3,171.533,-45.83,5,63.8,0.98,11,0,"SURFACE"
"9","1A.12.14.500",0,39,33,168,22,42,50,3,4,"1A",1,8,"A","8A",19,"December",14,325,500,"GTAGGAACCGGA","CCGGACTACHVGGGTWTCTAAT","Run2",3,171.533,-45.83,489,63.8,1.22,16.6,3.4,"DEEP"
"10","1B.03.15",1,0,26,141,16,588,7,4,4,"1B",1,8,"B","8B",10,"March",15,406,0,"ACTAGCGTTCAG","CCGGACTACHVGGGTWTCTAAT","Run2",4,171.534,-45.83,5,63.61,0.86,8.7,0.28,"SURFACE"
"11","1B.03.15.500",0,2,24,85,19,26,3,2,4,"1B",1,8,"B","8B",10,"March",15,406,500,"ACACCTGCGATC","CCGGACTACHVGGGTWTCTAAT","Run2",4,171.534,-45.83,500,63.61,1.36,12.9,4.63,"DEEP"
"13","1B.06.14",0,7,74,243,48,252,15,7,12,"1B",1,8,"B","8B",3,"June",14,126,0,"GCTGTCGTCAAC","CCGGACTACHVGGGTWTCTAAT","Run2",1,171.532,-45.829,5,63.28,0.99,11.5,1.1,"SURFACE"
"14","1B.06.14.500",0,21,11,129,3,37,30,1,0,"1B",1,8,"B","8B",3,"June",14,126,500,"GTCAACGCTGTC","CCGGACTACHVGGGTWTCTAAT","Run2",1,171.532,-45.829,501,63.28,1.19,16.7,3.9,"DEEP"
"15","1B.07.14",2,11,65,258,31,177,16,6,10,"1B",1,8,"B","8B",29,"July",14,182,0,"GTAACCACCACC","CCGGACTACHVGGGTWTCTAAT","Run2",2,171.534,-45.83,5,63.29,1.02,14.2,1.7,"SURFACE"
"16","1B.12.14",2,1,236,331,94,202,14,10,25,"1B",1,8,"B","8B",19,"December",14,325,0,"CATGTAAGGCTC","CCGGACTACHVGGGTWTCTAAT","Run2",3,171.533,-45.83,5,63.8,0.98,11,0,"SURFACE"
"17","1B.12.14.500",0,58,38,166,22,38,52,4,6,"1B",1,8,"B","8B",19,"December",14,325,500,"ACATCTAGCAGA","CCGGACTACHVGGGTWTCTAAT","Run2",3,171.533,-45.83,489,63.8,1.22,16.6,3.4,"DEEP"
"18","d8.1",0,23,53,199,19,114,84,7,11,"8A",1,8,"A","8A",28,"January",2014,0,500,"TCCGTGGTATAG","CCGGACTACHVGGGTWTCTAAT","Run1",0,171.558,-45.839,500,65.37,1.3,19.1,7.5,"DEEP"
"19","d8.2",0,65,47,204,34,71,101,2,3,"8B",1,8,"B","8B",28,"January",2014,0,500,"TCTACGGCACGT","CCGGACTACHVGGGTWTCTAAT","Run1",0,171.558,-45.839,500,65.37,1.3,19.1,7.5,"DEEP"
"20","S8.1",2,3,126,428,66,338,11,14,24,"8A",1,8,"A","8A",28,"January",2014,0,0,"GAGTACAGTCTA","CCGGACTACHVGGGTWTCTAAT","Run1",0,171.558,-45.839,5,65.37,0.7,10.6,0.4,"SURFACE"
"21","S8.2",2,0,93,309,43,317,5,6,21,"8B",1,8,"B","8B",28,"January",2014,0,0,"CCTACATGAGAC","CCGGACTACHVGGGTWTCTAAT","Run1",0,171.558,-45.839,5,65.37,0.7,10.6,0.4,"SURFACE"
