"","SampleID","Genus","value","Station","Kim_Station","Published_station","Replicate","Published_ID","Day","Month","Year","Time","Depth","BarcodeSequence","LinkerPrimerSequence","Description","Sample_day","LonE","LatN","Depth2","Distance.km_from_TH.","Phosphate","Nitrate","Silicate","Water_mass"
"1","1A.03.15","Candidatus Nitrosopumilus",0,"1A",1,8,"A","8A",10,"March",15,434,0,"GGCGTTGCATTC","CCGGACTACHVGGGTWTCTAAT","Run2",4,171.534,-45.83,5,63.61,0.86,8.7,0.28,"SURFACE"
"2","1A.03.15","marine metagenome",0,"1A",1,8,"A","8A",10,"March",15,434,0,"GGCGTTGCATTC","CCGGACTACHVGGGTWTCTAAT","Run2",4,171.534,-45.83,5,63.61,0.86,8.7,0.28,"SURFACE"
"3","1A.03.15","uncultured archaeon",0,"1A",1,8,"A","8A",10,"March",15,434,0,"GGCGTTGCATTC","CCGGACTACHVGGGTWTCTAAT","Run2",4,171.534,-45.83,5,63.61,0.86,8.7,0.28,"SURFACE"
"4","1A.03.15","uncultured crenarchaeote",0,"1A",1,8,"A","8A",10,"March",15,434,0,"GGCGTTGCATTC","CCGGACTACHVGGGTWTCTAAT","Run2",4,171.534,-45.83,5,63.61,0.86,8.7,0.28,"SURFACE"
"5","1A.03.15","uncultured crenarchaeote ODPB-A9",0,"1A",1,8,"A","8A",10,"March",15,434,0,"GGCGTTGCATTC","CCGGACTACHVGGGTWTCTAAT","Run2",4,171.534,-45.83,5,63.61,0.86,8.7,0.28,"SURFACE"
"6","1A.03.15","uncultured marine archaeon",1,"1A",1,8,"A","8A",10,"March",15,434,0,"GGCGTTGCATTC","CCGGACTACHVGGGTWTCTAAT","Run2",4,171.534,-45.83,5,63.61,0.86,8.7,0.28,"SURFACE"
"7","1A.03.15","uncultured marine group I thaumarchaeote",0,"1A",1,8,"A","8A",10,"March",15,434,0,"GGCGTTGCATTC","CCGGACTACHVGGGTWTCTAAT","Run2",4,171.534,-45.83,5,63.61,0.86,8.7,0.28,"SURFACE"
"8","1A.03.15","unidentified archaeon PM7",0,"1A",1,8,"A","8A",10,"March",15,434,0,"GGCGTTGCATTC","CCGGACTACHVGGGTWTCTAAT","Run2",4,171.534,-45.83,5,63.61,0.86,8.7,0.28,"SURFACE"
"9","1A.03.15.500","Candidatus Nitrosopumilus",160,"1A",1,8,"A","8A",10,"March",15,434,500,"GAAGACAGCGAC","CCGGACTACHVGGGTWTCTAAT","Run2",4,171.534,-45.83,500,63.61,1.36,12.9,4.63,"DEEP"
"10","1A.03.15.500","marine metagenome",10,"1A",1,8,"A","8A",10,"March",15,434,500,"GAAGACAGCGAC","CCGGACTACHVGGGTWTCTAAT","Run2",4,171.534,-45.83,500,63.61,1.36,12.9,4.63,"DEEP"
"11","1A.03.15.500","uncultured archaeon",411,"1A",1,8,"A","8A",10,"March",15,434,500,"GAAGACAGCGAC","CCGGACTACHVGGGTWTCTAAT","Run2",4,171.534,-45.83,500,63.61,1.36,12.9,4.63,"DEEP"
"12","1A.03.15.500","uncultured crenarchaeote",1,"1A",1,8,"A","8A",10,"March",15,434,500,"GAAGACAGCGAC","CCGGACTACHVGGGTWTCTAAT","Run2",4,171.534,-45.83,500,63.61,1.36,12.9,4.63,"DEEP"
"13","1A.03.15.500","uncultured crenarchaeote ODPB-A9",0,"1A",1,8,"A","8A",10,"March",15,434,500,"GAAGACAGCGAC","CCGGACTACHVGGGTWTCTAAT","Run2",4,171.534,-45.83,500,63.61,1.36,12.9,4.63,"DEEP"
"14","1A.03.15.500","uncultured marine archaeon",635,"1A",1,8,"A","8A",10,"March",15,434,500,"GAAGACAGCGAC","CCGGACTACHVGGGTWTCTAAT","Run2",4,171.534,-45.83,500,63.61,1.36,12.9,4.63,"DEEP"
"15","1A.03.15.500","uncultured marine group I thaumarchaeote",59,"1A",1,8,"A","8A",10,"March",15,434,500,"GAAGACAGCGAC","CCGGACTACHVGGGTWTCTAAT","Run2",4,171.534,-45.83,500,63.61,1.36,12.9,4.63,"DEEP"
"16","1A.03.15.500","unidentified archaeon PM7",18,"1A",1,8,"A","8A",10,"March",15,434,500,"GAAGACAGCGAC","CCGGACTACHVGGGTWTCTAAT","Run2",4,171.534,-45.83,500,63.61,1.36,12.9,4.63,"DEEP"
"17","1A.04.15","Candidatus Nitrosopumilus",0,"1A",1,8,"A","8A",21,"April",15,476,0,"TTGCGGACCCTA","CCGGACTACHVGGGTWTCTAAT","Run2",5,171.534,-45.829,5,63.35,0.94,10,0.55,"SURFACE"
"18","1A.04.15","marine metagenome",0,"1A",1,8,"A","8A",21,"April",15,476,0,"TTGCGGACCCTA","CCGGACTACHVGGGTWTCTAAT","Run2",5,171.534,-45.829,5,63.35,0.94,10,0.55,"SURFACE"
"19","1A.04.15","uncultured archaeon",1,"1A",1,8,"A","8A",21,"April",15,476,0,"TTGCGGACCCTA","CCGGACTACHVGGGTWTCTAAT","Run2",5,171.534,-45.829,5,63.35,0.94,10,0.55,"SURFACE"
"20","1A.04.15","uncultured crenarchaeote",0,"1A",1,8,"A","8A",21,"April",15,476,0,"TTGCGGACCCTA","CCGGACTACHVGGGTWTCTAAT","Run2",5,171.534,-45.829,5,63.35,0.94,10,0.55,"SURFACE"
"21","1A.04.15","uncultured crenarchaeote ODPB-A9",0,"1A",1,8,"A","8A",21,"April",15,476,0,"TTGCGGACCCTA","CCGGACTACHVGGGTWTCTAAT","Run2",5,171.534,-45.829,5,63.35,0.94,10,0.55,"SURFACE"
"22","1A.04.15","uncultured marine archaeon",2,"1A",1,8,"A","8A",21,"April",15,476,0,"TTGCGGACCCTA","CCGGACTACHVGGGTWTCTAAT","Run2",5,171.534,-45.829,5,63.35,0.94,10,0.55,"SURFACE"
"23","1A.04.15","uncultured marine group I thaumarchaeote",0,"1A",1,8,"A","8A",21,"April",15,476,0,"TTGCGGACCCTA","CCGGACTACHVGGGTWTCTAAT","Run2",5,171.534,-45.829,5,63.35,0.94,10,0.55,"SURFACE"
"24","1A.04.15","unidentified archaeon PM7",0,"1A",1,8,"A","8A",21,"April",15,476,0,"TTGCGGACCCTA","CCGGACTACHVGGGTWTCTAAT","Run2",5,171.534,-45.829,5,63.35,0.94,10,0.55,"SURFACE"
"25","1A.06.14","Candidatus Nitrosopumilus",9,"1A",1,8,"A","8A",3,"June",14,154,0,"ACAGGAGGGTGT","CCGGACTACHVGGGTWTCTAAT","Run2",1,171.532,-45.829,5,63.28,0.99,11.5,1.1,"SURFACE"
"26","1A.06.14","marine metagenome",0,"1A",1,8,"A","8A",3,"June",14,154,0,"ACAGGAGGGTGT","CCGGACTACHVGGGTWTCTAAT","Run2",1,171.532,-45.829,5,63.28,0.99,11.5,1.1,"SURFACE"
"27","1A.06.14","uncultured archaeon",9,"1A",1,8,"A","8A",3,"June",14,154,0,"ACAGGAGGGTGT","CCGGACTACHVGGGTWTCTAAT","Run2",1,171.532,-45.829,5,63.28,0.99,11.5,1.1,"SURFACE"
"28","1A.06.14","uncultured crenarchaeote",0,"1A",1,8,"A","8A",3,"June",14,154,0,"ACAGGAGGGTGT","CCGGACTACHVGGGTWTCTAAT","Run2",1,171.532,-45.829,5,63.28,0.99,11.5,1.1,"SURFACE"
"29","1A.06.14","uncultured crenarchaeote ODPB-A9",0,"1A",1,8,"A","8A",3,"June",14,154,0,"ACAGGAGGGTGT","CCGGACTACHVGGGTWTCTAAT","Run2",1,171.532,-45.829,5,63.28,0.99,11.5,1.1,"SURFACE"
"30","1A.06.14","uncultured marine archaeon",23,"1A",1,8,"A","8A",3,"June",14,154,0,"ACAGGAGGGTGT","CCGGACTACHVGGGTWTCTAAT","Run2",1,171.532,-45.829,5,63.28,0.99,11.5,1.1,"SURFACE"
"31","1A.06.14","uncultured marine group I thaumarchaeote",0,"1A",1,8,"A","8A",3,"June",14,154,0,"ACAGGAGGGTGT","CCGGACTACHVGGGTWTCTAAT","Run2",1,171.532,-45.829,5,63.28,0.99,11.5,1.1,"SURFACE"
"32","1A.06.14","unidentified archaeon PM7",0,"1A",1,8,"A","8A",3,"June",14,154,0,"ACAGGAGGGTGT","CCGGACTACHVGGGTWTCTAAT","Run2",1,171.532,-45.829,5,63.28,0.99,11.5,1.1,"SURFACE"
"33","1A.06.14.500","Candidatus Nitrosopumilus",207,"1A",1,8,"A","8A",3,"June",14,154,500,"TAGACCGACTCC","CCGGACTACHVGGGTWTCTAAT","Run2",1,171.532,-45.829,501,63.28,1.19,16.7,3.9,"DEEP"
"34","1A.06.14.500","marine metagenome",44,"1A",1,8,"A","8A",3,"June",14,154,500,"TAGACCGACTCC","CCGGACTACHVGGGTWTCTAAT","Run2",1,171.532,-45.829,501,63.28,1.19,16.7,3.9,"DEEP"
"35","1A.06.14.500","uncultured archaeon",182,"1A",1,8,"A","8A",3,"June",14,154,500,"TAGACCGACTCC","CCGGACTACHVGGGTWTCTAAT","Run2",1,171.532,-45.829,501,63.28,1.19,16.7,3.9,"DEEP"
"36","1A.06.14.500","uncultured crenarchaeote",0,"1A",1,8,"A","8A",3,"June",14,154,500,"TAGACCGACTCC","CCGGACTACHVGGGTWTCTAAT","Run2",1,171.532,-45.829,501,63.28,1.19,16.7,3.9,"DEEP"
"37","1A.06.14.500","uncultured crenarchaeote ODPB-A9",0,"1A",1,8,"A","8A",3,"June",14,154,500,"TAGACCGACTCC","CCGGACTACHVGGGTWTCTAAT","Run2",1,171.532,-45.829,501,63.28,1.19,16.7,3.9,"DEEP"
"38","1A.06.14.500","uncultured marine archaeon",631,"1A",1,8,"A","8A",3,"June",14,154,500,"TAGACCGACTCC","CCGGACTACHVGGGTWTCTAAT","Run2",1,171.532,-45.829,501,63.28,1.19,16.7,3.9,"DEEP"
"39","1A.06.14.500","uncultured marine group I thaumarchaeote",4,"1A",1,8,"A","8A",3,"June",14,154,500,"TAGACCGACTCC","CCGGACTACHVGGGTWTCTAAT","Run2",1,171.532,-45.829,501,63.28,1.19,16.7,3.9,"DEEP"
"40","1A.06.14.500","unidentified archaeon PM7",20,"1A",1,8,"A","8A",3,"June",14,154,500,"TAGACCGACTCC","CCGGACTACHVGGGTWTCTAAT","Run2",1,171.532,-45.829,501,63.28,1.19,16.7,3.9,"DEEP"
"41","1A.07.14","Candidatus Nitrosopumilus",23,"1A",1,8,"A","8A",29,"July",14,188,0,"ACCTTGACAAGA","CCGGACTACHVGGGTWTCTAAT","Run2",2,171.534,-45.83,5,63.29,1.02,14.2,1.7,"SURFACE"
"42","1A.07.14","marine metagenome",0,"1A",1,8,"A","8A",29,"July",14,188,0,"ACCTTGACAAGA","CCGGACTACHVGGGTWTCTAAT","Run2",2,171.534,-45.83,5,63.29,1.02,14.2,1.7,"SURFACE"
"43","1A.07.14","uncultured archaeon",28,"1A",1,8,"A","8A",29,"July",14,188,0,"ACCTTGACAAGA","CCGGACTACHVGGGTWTCTAAT","Run2",2,171.534,-45.83,5,63.29,1.02,14.2,1.7,"SURFACE"
"44","1A.07.14","uncultured crenarchaeote",0,"1A",1,8,"A","8A",29,"July",14,188,0,"ACCTTGACAAGA","CCGGACTACHVGGGTWTCTAAT","Run2",2,171.534,-45.83,5,63.29,1.02,14.2,1.7,"SURFACE"
"45","1A.07.14","uncultured crenarchaeote ODPB-A9",0,"1A",1,8,"A","8A",29,"July",14,188,0,"ACCTTGACAAGA","CCGGACTACHVGGGTWTCTAAT","Run2",2,171.534,-45.83,5,63.29,1.02,14.2,1.7,"SURFACE"
"46","1A.07.14","uncultured marine archaeon",72,"1A",1,8,"A","8A",29,"July",14,188,0,"ACCTTGACAAGA","CCGGACTACHVGGGTWTCTAAT","Run2",2,171.534,-45.83,5,63.29,1.02,14.2,1.7,"SURFACE"
"47","1A.07.14","uncultured marine group I thaumarchaeote",0,"1A",1,8,"A","8A",29,"July",14,188,0,"ACCTTGACAAGA","CCGGACTACHVGGGTWTCTAAT","Run2",2,171.534,-45.83,5,63.29,1.02,14.2,1.7,"SURFACE"
"48","1A.07.14","unidentified archaeon PM7",0,"1A",1,8,"A","8A",29,"July",14,188,0,"ACCTTGACAAGA","CCGGACTACHVGGGTWTCTAAT","Run2",2,171.534,-45.83,5,63.29,1.02,14.2,1.7,"SURFACE"
"49","1A.07.14.500","Candidatus Nitrosopumilus",73,"1A",1,8,"A","8A",29,"July",14,188,500,"TGCCGAGTAATC","CCGGACTACHVGGGTWTCTAAT","Run2",2,171.534,-45.83,501,63.29,1.52,22,8,"DEEP"
"50","1A.07.14.500","marine metagenome",0,"1A",1,8,"A","8A",29,"July",14,188,500,"TGCCGAGTAATC","CCGGACTACHVGGGTWTCTAAT","Run2",2,171.534,-45.83,501,63.29,1.52,22,8,"DEEP"
"51","1A.07.14.500","uncultured archaeon",361,"1A",1,8,"A","8A",29,"July",14,188,500,"TGCCGAGTAATC","CCGGACTACHVGGGTWTCTAAT","Run2",2,171.534,-45.83,501,63.29,1.52,22,8,"DEEP"
"52","1A.07.14.500","uncultured crenarchaeote",2,"1A",1,8,"A","8A",29,"July",14,188,500,"TGCCGAGTAATC","CCGGACTACHVGGGTWTCTAAT","Run2",2,171.534,-45.83,501,63.29,1.52,22,8,"DEEP"
"53","1A.07.14.500","uncultured crenarchaeote ODPB-A9",0,"1A",1,8,"A","8A",29,"July",14,188,500,"TGCCGAGTAATC","CCGGACTACHVGGGTWTCTAAT","Run2",2,171.534,-45.83,501,63.29,1.52,22,8,"DEEP"
"54","1A.07.14.500","uncultured marine archaeon",648,"1A",1,8,"A","8A",29,"July",14,188,500,"TGCCGAGTAATC","CCGGACTACHVGGGTWTCTAAT","Run2",2,171.534,-45.83,501,63.29,1.52,22,8,"DEEP"
"55","1A.07.14.500","uncultured marine group I thaumarchaeote",22,"1A",1,8,"A","8A",29,"July",14,188,500,"TGCCGAGTAATC","CCGGACTACHVGGGTWTCTAAT","Run2",2,171.534,-45.83,501,63.29,1.52,22,8,"DEEP"
"56","1A.07.14.500","unidentified archaeon PM7",51,"1A",1,8,"A","8A",29,"July",14,188,500,"TGCCGAGTAATC","CCGGACTACHVGGGTWTCTAAT","Run2",2,171.534,-45.83,501,63.29,1.52,22,8,"DEEP"
"57","1A.12.14","Candidatus Nitrosopumilus",0,"1A",1,8,"A","8A",19,"December",14,353,0,"CCGACATTGTAG","CCGGACTACHVGGGTWTCTAAT","Run2",3,171.533,-45.83,5,63.8,0.98,11,0,"SURFACE"
"58","1A.12.14","marine metagenome",0,"1A",1,8,"A","8A",19,"December",14,353,0,"CCGACATTGTAG","CCGGACTACHVGGGTWTCTAAT","Run2",3,171.533,-45.83,5,63.8,0.98,11,0,"SURFACE"
"59","1A.12.14","uncultured archaeon",0,"1A",1,8,"A","8A",19,"December",14,353,0,"CCGACATTGTAG","CCGGACTACHVGGGTWTCTAAT","Run2",3,171.533,-45.83,5,63.8,0.98,11,0,"SURFACE"
"60","1A.12.14","uncultured crenarchaeote",0,"1A",1,8,"A","8A",19,"December",14,353,0,"CCGACATTGTAG","CCGGACTACHVGGGTWTCTAAT","Run2",3,171.533,-45.83,5,63.8,0.98,11,0,"SURFACE"
"61","1A.12.14","uncultured crenarchaeote ODPB-A9",0,"1A",1,8,"A","8A",19,"December",14,353,0,"CCGACATTGTAG","CCGGACTACHVGGGTWTCTAAT","Run2",3,171.533,-45.83,5,63.8,0.98,11,0,"SURFACE"
"62","1A.12.14","uncultured marine archaeon",0,"1A",1,8,"A","8A",19,"December",14,353,0,"CCGACATTGTAG","CCGGACTACHVGGGTWTCTAAT","Run2",3,171.533,-45.83,5,63.8,0.98,11,0,"SURFACE"
"63","1A.12.14","uncultured marine group I thaumarchaeote",0,"1A",1,8,"A","8A",19,"December",14,353,0,"CCGACATTGTAG","CCGGACTACHVGGGTWTCTAAT","Run2",3,171.533,-45.83,5,63.8,0.98,11,0,"SURFACE"
"64","1A.12.14","unidentified archaeon PM7",0,"1A",1,8,"A","8A",19,"December",14,353,0,"CCGACATTGTAG","CCGGACTACHVGGGTWTCTAAT","Run2",3,171.533,-45.83,5,63.8,0.98,11,0,"SURFACE"
"65","1A.12.14.500","Candidatus Nitrosopumilus",185,"1A",1,8,"A","8A",19,"December",14,353,500,"GTAGGAACCGGA","CCGGACTACHVGGGTWTCTAAT","Run2",3,171.533,-45.83,489,63.8,1.22,16.6,3.4,"DEEP"
"66","1A.12.14.500","marine metagenome",13,"1A",1,8,"A","8A",19,"December",14,353,500,"GTAGGAACCGGA","CCGGACTACHVGGGTWTCTAAT","Run2",3,171.533,-45.83,489,63.8,1.22,16.6,3.4,"DEEP"
"67","1A.12.14.500","uncultured archaeon",151,"1A",1,8,"A","8A",19,"December",14,353,500,"GTAGGAACCGGA","CCGGACTACHVGGGTWTCTAAT","Run2",3,171.533,-45.83,489,63.8,1.22,16.6,3.4,"DEEP"
"68","1A.12.14.500","uncultured crenarchaeote",0,"1A",1,8,"A","8A",19,"December",14,353,500,"GTAGGAACCGGA","CCGGACTACHVGGGTWTCTAAT","Run2",3,171.533,-45.83,489,63.8,1.22,16.6,3.4,"DEEP"
"69","1A.12.14.500","uncultured crenarchaeote ODPB-A9",1,"1A",1,8,"A","8A",19,"December",14,353,500,"GTAGGAACCGGA","CCGGACTACHVGGGTWTCTAAT","Run2",3,171.533,-45.83,489,63.8,1.22,16.6,3.4,"DEEP"
"70","1A.12.14.500","uncultured marine archaeon",547,"1A",1,8,"A","8A",19,"December",14,353,500,"GTAGGAACCGGA","CCGGACTACHVGGGTWTCTAAT","Run2",3,171.533,-45.83,489,63.8,1.22,16.6,3.4,"DEEP"
"71","1A.12.14.500","uncultured marine group I thaumarchaeote",6,"1A",1,8,"A","8A",19,"December",14,353,500,"GTAGGAACCGGA","CCGGACTACHVGGGTWTCTAAT","Run2",3,171.533,-45.83,489,63.8,1.22,16.6,3.4,"DEEP"
"72","1A.12.14.500","unidentified archaeon PM7",10,"1A",1,8,"A","8A",19,"December",14,353,500,"GTAGGAACCGGA","CCGGACTACHVGGGTWTCTAAT","Run2",3,171.533,-45.83,489,63.8,1.22,16.6,3.4,"DEEP"
"73","1B.03.15","Candidatus Nitrosopumilus",0,"1B",1,8,"B","8B",10,"March",15,434,0,"ACTAGCGTTCAG","CCGGACTACHVGGGTWTCTAAT","Run2",4,171.534,-45.83,5,63.61,0.86,8.7,0.28,"SURFACE"
"74","1B.03.15","marine metagenome",0,"1B",1,8,"B","8B",10,"March",15,434,0,"ACTAGCGTTCAG","CCGGACTACHVGGGTWTCTAAT","Run2",4,171.534,-45.83,5,63.61,0.86,8.7,0.28,"SURFACE"
"75","1B.03.15","uncultured archaeon",0,"1B",1,8,"B","8B",10,"March",15,434,0,"ACTAGCGTTCAG","CCGGACTACHVGGGTWTCTAAT","Run2",4,171.534,-45.83,5,63.61,0.86,8.7,0.28,"SURFACE"
"76","1B.03.15","uncultured crenarchaeote",0,"1B",1,8,"B","8B",10,"March",15,434,0,"ACTAGCGTTCAG","CCGGACTACHVGGGTWTCTAAT","Run2",4,171.534,-45.83,5,63.61,0.86,8.7,0.28,"SURFACE"
"77","1B.03.15","uncultured crenarchaeote ODPB-A9",0,"1B",1,8,"B","8B",10,"March",15,434,0,"ACTAGCGTTCAG","CCGGACTACHVGGGTWTCTAAT","Run2",4,171.534,-45.83,5,63.61,0.86,8.7,0.28,"SURFACE"
"78","1B.03.15","uncultured marine archaeon",0,"1B",1,8,"B","8B",10,"March",15,434,0,"ACTAGCGTTCAG","CCGGACTACHVGGGTWTCTAAT","Run2",4,171.534,-45.83,5,63.61,0.86,8.7,0.28,"SURFACE"
"79","1B.03.15","uncultured marine group I thaumarchaeote",0,"1B",1,8,"B","8B",10,"March",15,434,0,"ACTAGCGTTCAG","CCGGACTACHVGGGTWTCTAAT","Run2",4,171.534,-45.83,5,63.61,0.86,8.7,0.28,"SURFACE"
"80","1B.03.15","unidentified archaeon PM7",0,"1B",1,8,"B","8B",10,"March",15,434,0,"ACTAGCGTTCAG","CCGGACTACHVGGGTWTCTAAT","Run2",4,171.534,-45.83,5,63.61,0.86,8.7,0.28,"SURFACE"
"81","1B.03.15.500","Candidatus Nitrosopumilus",0,"1B",1,8,"B","8B",10,"March",15,434,500,"ACACCTGCGATC","CCGGACTACHVGGGTWTCTAAT","Run2",4,171.534,-45.83,500,63.61,1.36,12.9,4.63,"DEEP"
"82","1B.03.15.500","marine metagenome",0,"1B",1,8,"B","8B",10,"March",15,434,500,"ACACCTGCGATC","CCGGACTACHVGGGTWTCTAAT","Run2",4,171.534,-45.83,500,63.61,1.36,12.9,4.63,"DEEP"
"83","1B.03.15.500","uncultured archaeon",0,"1B",1,8,"B","8B",10,"March",15,434,500,"ACACCTGCGATC","CCGGACTACHVGGGTWTCTAAT","Run2",4,171.534,-45.83,500,63.61,1.36,12.9,4.63,"DEEP"
"84","1B.03.15.500","uncultured crenarchaeote",0,"1B",1,8,"B","8B",10,"March",15,434,500,"ACACCTGCGATC","CCGGACTACHVGGGTWTCTAAT","Run2",4,171.534,-45.83,500,63.61,1.36,12.9,4.63,"DEEP"
"85","1B.03.15.500","uncultured crenarchaeote ODPB-A9",0,"1B",1,8,"B","8B",10,"March",15,434,500,"ACACCTGCGATC","CCGGACTACHVGGGTWTCTAAT","Run2",4,171.534,-45.83,500,63.61,1.36,12.9,4.63,"DEEP"
"86","1B.03.15.500","uncultured marine archaeon",0,"1B",1,8,"B","8B",10,"March",15,434,500,"ACACCTGCGATC","CCGGACTACHVGGGTWTCTAAT","Run2",4,171.534,-45.83,500,63.61,1.36,12.9,4.63,"DEEP"
"87","1B.03.15.500","uncultured marine group I thaumarchaeote",0,"1B",1,8,"B","8B",10,"March",15,434,500,"ACACCTGCGATC","CCGGACTACHVGGGTWTCTAAT","Run2",4,171.534,-45.83,500,63.61,1.36,12.9,4.63,"DEEP"
"88","1B.03.15.500","unidentified archaeon PM7",0,"1B",1,8,"B","8B",10,"March",15,434,500,"ACACCTGCGATC","CCGGACTACHVGGGTWTCTAAT","Run2",4,171.534,-45.83,500,63.61,1.36,12.9,4.63,"DEEP"
"90","1B.06.14","Candidatus Nitrosopumilus",7,"1B",1,8,"B","8B",3,"June",14,154,0,"GCTGTCGTCAAC","CCGGACTACHVGGGTWTCTAAT","Run2",1,171.532,-45.829,5,63.28,0.99,11.5,1.1,"SURFACE"
"91","1B.06.14","marine metagenome",0,"1B",1,8,"B","8B",3,"June",14,154,0,"GCTGTCGTCAAC","CCGGACTACHVGGGTWTCTAAT","Run2",1,171.532,-45.829,5,63.28,0.99,11.5,1.1,"SURFACE"
"92","1B.06.14","uncultured archaeon",9,"1B",1,8,"B","8B",3,"June",14,154,0,"GCTGTCGTCAAC","CCGGACTACHVGGGTWTCTAAT","Run2",1,171.532,-45.829,5,63.28,0.99,11.5,1.1,"SURFACE"
"93","1B.06.14","uncultured crenarchaeote",0,"1B",1,8,"B","8B",3,"June",14,154,0,"GCTGTCGTCAAC","CCGGACTACHVGGGTWTCTAAT","Run2",1,171.532,-45.829,5,63.28,0.99,11.5,1.1,"SURFACE"
"94","1B.06.14","uncultured crenarchaeote ODPB-A9",0,"1B",1,8,"B","8B",3,"June",14,154,0,"GCTGTCGTCAAC","CCGGACTACHVGGGTWTCTAAT","Run2",1,171.532,-45.829,5,63.28,0.99,11.5,1.1,"SURFACE"
"95","1B.06.14","uncultured marine archaeon",20,"1B",1,8,"B","8B",3,"June",14,154,0,"GCTGTCGTCAAC","CCGGACTACHVGGGTWTCTAAT","Run2",1,171.532,-45.829,5,63.28,0.99,11.5,1.1,"SURFACE"
"96","1B.06.14","uncultured marine group I thaumarchaeote",0,"1B",1,8,"B","8B",3,"June",14,154,0,"GCTGTCGTCAAC","CCGGACTACHVGGGTWTCTAAT","Run2",1,171.532,-45.829,5,63.28,0.99,11.5,1.1,"SURFACE"
"97","1B.06.14","unidentified archaeon PM7",0,"1B",1,8,"B","8B",3,"June",14,154,0,"GCTGTCGTCAAC","CCGGACTACHVGGGTWTCTAAT","Run2",1,171.532,-45.829,5,63.28,0.99,11.5,1.1,"SURFACE"
"98","1B.06.14.500","Candidatus Nitrosopumilus",197,"1B",1,8,"B","8B",3,"June",14,154,500,"GTCAACGCTGTC","CCGGACTACHVGGGTWTCTAAT","Run2",1,171.532,-45.829,501,63.28,1.19,16.7,3.9,"DEEP"
"99","1B.06.14.500","marine metagenome",7,"1B",1,8,"B","8B",3,"June",14,154,500,"GTCAACGCTGTC","CCGGACTACHVGGGTWTCTAAT","Run2",1,171.532,-45.829,501,63.28,1.19,16.7,3.9,"DEEP"
"100","1B.06.14.500","uncultured archaeon",134,"1B",1,8,"B","8B",3,"June",14,154,500,"GTCAACGCTGTC","CCGGACTACHVGGGTWTCTAAT","Run2",1,171.532,-45.829,501,63.28,1.19,16.7,3.9,"DEEP"
"101","1B.06.14.500","uncultured crenarchaeote",0,"1B",1,8,"B","8B",3,"June",14,154,500,"GTCAACGCTGTC","CCGGACTACHVGGGTWTCTAAT","Run2",1,171.532,-45.829,501,63.28,1.19,16.7,3.9,"DEEP"
"102","1B.06.14.500","uncultured crenarchaeote ODPB-A9",0,"1B",1,8,"B","8B",3,"June",14,154,500,"GTCAACGCTGTC","CCGGACTACHVGGGTWTCTAAT","Run2",1,171.532,-45.829,501,63.28,1.19,16.7,3.9,"DEEP"
"103","1B.06.14.500","uncultured marine archaeon",530,"1B",1,8,"B","8B",3,"June",14,154,500,"GTCAACGCTGTC","CCGGACTACHVGGGTWTCTAAT","Run2",1,171.532,-45.829,501,63.28,1.19,16.7,3.9,"DEEP"
"104","1B.06.14.500","uncultured marine group I thaumarchaeote",27,"1B",1,8,"B","8B",3,"June",14,154,500,"GTCAACGCTGTC","CCGGACTACHVGGGTWTCTAAT","Run2",1,171.532,-45.829,501,63.28,1.19,16.7,3.9,"DEEP"
"105","1B.06.14.500","unidentified archaeon PM7",0,"1B",1,8,"B","8B",3,"June",14,154,500,"GTCAACGCTGTC","CCGGACTACHVGGGTWTCTAAT","Run2",1,171.532,-45.829,501,63.28,1.19,16.7,3.9,"DEEP"
"106","1B.07.14","Candidatus Nitrosopumilus",18,"1B",1,8,"B","8B",29,"July",14,188,0,"GTAACCACCACC","CCGGACTACHVGGGTWTCTAAT","Run2",2,171.534,-45.83,5,63.29,1.02,14.2,1.7,"SURFACE"
"107","1B.07.14","marine metagenome",0,"1B",1,8,"B","8B",29,"July",14,188,0,"GTAACCACCACC","CCGGACTACHVGGGTWTCTAAT","Run2",2,171.534,-45.83,5,63.29,1.02,14.2,1.7,"SURFACE"
"108","1B.07.14","uncultured archaeon",23,"1B",1,8,"B","8B",29,"July",14,188,0,"GTAACCACCACC","CCGGACTACHVGGGTWTCTAAT","Run2",2,171.534,-45.83,5,63.29,1.02,14.2,1.7,"SURFACE"
"109","1B.07.14","uncultured crenarchaeote",0,"1B",1,8,"B","8B",29,"July",14,188,0,"GTAACCACCACC","CCGGACTACHVGGGTWTCTAAT","Run2",2,171.534,-45.83,5,63.29,1.02,14.2,1.7,"SURFACE"
"110","1B.07.14","uncultured crenarchaeote ODPB-A9",0,"1B",1,8,"B","8B",29,"July",14,188,0,"GTAACCACCACC","CCGGACTACHVGGGTWTCTAAT","Run2",2,171.534,-45.83,5,63.29,1.02,14.2,1.7,"SURFACE"
"111","1B.07.14","uncultured marine archaeon",62,"1B",1,8,"B","8B",29,"July",14,188,0,"GTAACCACCACC","CCGGACTACHVGGGTWTCTAAT","Run2",2,171.534,-45.83,5,63.29,1.02,14.2,1.7,"SURFACE"
"112","1B.07.14","uncultured marine group I thaumarchaeote",0,"1B",1,8,"B","8B",29,"July",14,188,0,"GTAACCACCACC","CCGGACTACHVGGGTWTCTAAT","Run2",2,171.534,-45.83,5,63.29,1.02,14.2,1.7,"SURFACE"
"113","1B.07.14","unidentified archaeon PM7",0,"1B",1,8,"B","8B",29,"July",14,188,0,"GTAACCACCACC","CCGGACTACHVGGGTWTCTAAT","Run2",2,171.534,-45.83,5,63.29,1.02,14.2,1.7,"SURFACE"
"114","1B.12.14","Candidatus Nitrosopumilus",1,"1B",1,8,"B","8B",19,"December",14,353,0,"CATGTAAGGCTC","CCGGACTACHVGGGTWTCTAAT","Run2",3,171.533,-45.83,5,63.8,0.98,11,0,"SURFACE"
"115","1B.12.14","marine metagenome",0,"1B",1,8,"B","8B",19,"December",14,353,0,"CATGTAAGGCTC","CCGGACTACHVGGGTWTCTAAT","Run2",3,171.533,-45.83,5,63.8,0.98,11,0,"SURFACE"
"116","1B.12.14","uncultured archaeon",0,"1B",1,8,"B","8B",19,"December",14,353,0,"CATGTAAGGCTC","CCGGACTACHVGGGTWTCTAAT","Run2",3,171.533,-45.83,5,63.8,0.98,11,0,"SURFACE"
"117","1B.12.14","uncultured crenarchaeote",0,"1B",1,8,"B","8B",19,"December",14,353,0,"CATGTAAGGCTC","CCGGACTACHVGGGTWTCTAAT","Run2",3,171.533,-45.83,5,63.8,0.98,11,0,"SURFACE"
"118","1B.12.14","uncultured crenarchaeote ODPB-A9",0,"1B",1,8,"B","8B",19,"December",14,353,0,"CATGTAAGGCTC","CCGGACTACHVGGGTWTCTAAT","Run2",3,171.533,-45.83,5,63.8,0.98,11,0,"SURFACE"
"119","1B.12.14","uncultured marine archaeon",0,"1B",1,8,"B","8B",19,"December",14,353,0,"CATGTAAGGCTC","CCGGACTACHVGGGTWTCTAAT","Run2",3,171.533,-45.83,5,63.8,0.98,11,0,"SURFACE"
"120","1B.12.14","uncultured marine group I thaumarchaeote",0,"1B",1,8,"B","8B",19,"December",14,353,0,"CATGTAAGGCTC","CCGGACTACHVGGGTWTCTAAT","Run2",3,171.533,-45.83,5,63.8,0.98,11,0,"SURFACE"
"121","1B.12.14","unidentified archaeon PM7",0,"1B",1,8,"B","8B",19,"December",14,353,0,"CATGTAAGGCTC","CCGGACTACHVGGGTWTCTAAT","Run2",3,171.533,-45.83,5,63.8,0.98,11,0,"SURFACE"
"122","1B.12.14.500","Candidatus Nitrosopumilus",205,"1B",1,8,"B","8B",19,"December",14,353,500,"ACATCTAGCAGA","CCGGACTACHVGGGTWTCTAAT","Run2",3,171.533,-45.83,489,63.8,1.22,16.6,3.4,"DEEP"
"123","1B.12.14.500","marine metagenome",16,"1B",1,8,"B","8B",19,"December",14,353,500,"ACATCTAGCAGA","CCGGACTACHVGGGTWTCTAAT","Run2",3,171.533,-45.83,489,63.8,1.22,16.6,3.4,"DEEP"
"124","1B.12.14.500","uncultured archaeon",174,"1B",1,8,"B","8B",19,"December",14,353,500,"ACATCTAGCAGA","CCGGACTACHVGGGTWTCTAAT","Run2",3,171.533,-45.83,489,63.8,1.22,16.6,3.4,"DEEP"
"125","1B.12.14.500","uncultured crenarchaeote",1,"1B",1,8,"B","8B",19,"December",14,353,500,"ACATCTAGCAGA","CCGGACTACHVGGGTWTCTAAT","Run2",3,171.533,-45.83,489,63.8,1.22,16.6,3.4,"DEEP"
"126","1B.12.14.500","uncultured crenarchaeote ODPB-A9",1,"1B",1,8,"B","8B",19,"December",14,353,500,"ACATCTAGCAGA","CCGGACTACHVGGGTWTCTAAT","Run2",3,171.533,-45.83,489,63.8,1.22,16.6,3.4,"DEEP"
"127","1B.12.14.500","uncultured marine archaeon",560,"1B",1,8,"B","8B",19,"December",14,353,500,"ACATCTAGCAGA","CCGGACTACHVGGGTWTCTAAT","Run2",3,171.533,-45.83,489,63.8,1.22,16.6,3.4,"DEEP"
"128","1B.12.14.500","uncultured marine group I thaumarchaeote",8,"1B",1,8,"B","8B",19,"December",14,353,500,"ACATCTAGCAGA","CCGGACTACHVGGGTWTCTAAT","Run2",3,171.533,-45.83,489,63.8,1.22,16.6,3.4,"DEEP"
"129","1B.12.14.500","unidentified archaeon PM7",12,"1B",1,8,"B","8B",19,"December",14,353,500,"ACATCTAGCAGA","CCGGACTACHVGGGTWTCTAAT","Run2",3,171.533,-45.83,489,63.8,1.22,16.6,3.4,"DEEP"
"130","d8.1","Candidatus Nitrosopumilus",90,"8A",1,8,"A","8A",28,"January",2014,1,500,"TCCGTGGTATAG","CCGGACTACHVGGGTWTCTAAT","Run1",0,171.558,-45.839,500,65.37,1.3,19.1,7.5,"DEEP"
"131","d8.1","marine metagenome",4,"8A",1,8,"A","8A",28,"January",2014,1,500,"TCCGTGGTATAG","CCGGACTACHVGGGTWTCTAAT","Run1",0,171.558,-45.839,500,65.37,1.3,19.1,7.5,"DEEP"
"132","d8.1","uncultured archaeon",301,"8A",1,8,"A","8A",28,"January",2014,1,500,"TCCGTGGTATAG","CCGGACTACHVGGGTWTCTAAT","Run1",0,171.558,-45.839,500,65.37,1.3,19.1,7.5,"DEEP"
"133","d8.1","uncultured crenarchaeote",2,"8A",1,8,"A","8A",28,"January",2014,1,500,"TCCGTGGTATAG","CCGGACTACHVGGGTWTCTAAT","Run1",0,171.558,-45.839,500,65.37,1.3,19.1,7.5,"DEEP"
"134","d8.1","uncultured crenarchaeote ODPB-A9",0,"8A",1,8,"A","8A",28,"January",2014,1,500,"TCCGTGGTATAG","CCGGACTACHVGGGTWTCTAAT","Run1",0,171.558,-45.839,500,65.37,1.3,19.1,7.5,"DEEP"
"135","d8.1","uncultured marine archaeon",499,"8A",1,8,"A","8A",28,"January",2014,1,500,"TCCGTGGTATAG","CCGGACTACHVGGGTWTCTAAT","Run1",0,171.558,-45.839,500,65.37,1.3,19.1,7.5,"DEEP"
"136","d8.1","uncultured marine group I thaumarchaeote",15,"8A",1,8,"A","8A",28,"January",2014,1,500,"TCCGTGGTATAG","CCGGACTACHVGGGTWTCTAAT","Run1",0,171.558,-45.839,500,65.37,1.3,19.1,7.5,"DEEP"
"137","d8.1","unidentified archaeon PM7",22,"8A",1,8,"A","8A",28,"January",2014,1,500,"TCCGTGGTATAG","CCGGACTACHVGGGTWTCTAAT","Run1",0,171.558,-45.839,500,65.37,1.3,19.1,7.5,"DEEP"
"138","d8.2","Candidatus Nitrosopumilus",215,"8B",1,8,"B","8B",28,"January",2014,1,500,"TCTACGGCACGT","CCGGACTACHVGGGTWTCTAAT","Run1",0,171.558,-45.839,500,65.37,1.3,19.1,7.5,"DEEP"
"139","d8.2","marine metagenome",5,"8B",1,8,"B","8B",28,"January",2014,1,500,"TCTACGGCACGT","CCGGACTACHVGGGTWTCTAAT","Run1",0,171.558,-45.839,500,65.37,1.3,19.1,7.5,"DEEP"
"140","d8.2","uncultured archaeon",436,"8B",1,8,"B","8B",28,"January",2014,1,500,"TCTACGGCACGT","CCGGACTACHVGGGTWTCTAAT","Run1",0,171.558,-45.839,500,65.37,1.3,19.1,7.5,"DEEP"
"141","d8.2","uncultured crenarchaeote",0,"8B",1,8,"B","8B",28,"January",2014,1,500,"TCTACGGCACGT","CCGGACTACHVGGGTWTCTAAT","Run1",0,171.558,-45.839,500,65.37,1.3,19.1,7.5,"DEEP"
"142","d8.2","uncultured crenarchaeote ODPB-A9",2,"8B",1,8,"B","8B",28,"January",2014,1,500,"TCTACGGCACGT","CCGGACTACHVGGGTWTCTAAT","Run1",0,171.558,-45.839,500,65.37,1.3,19.1,7.5,"DEEP"
"143","d8.2","uncultured marine archaeon",663,"8B",1,8,"B","8B",28,"January",2014,1,500,"TCTACGGCACGT","CCGGACTACHVGGGTWTCTAAT","Run1",0,171.558,-45.839,500,65.37,1.3,19.1,7.5,"DEEP"
"144","d8.2","uncultured marine group I thaumarchaeote",47,"8B",1,8,"B","8B",28,"January",2014,1,500,"TCTACGGCACGT","CCGGACTACHVGGGTWTCTAAT","Run1",0,171.558,-45.839,500,65.37,1.3,19.1,7.5,"DEEP"
"145","d8.2","unidentified archaeon PM7",21,"8B",1,8,"B","8B",28,"January",2014,1,500,"TCTACGGCACGT","CCGGACTACHVGGGTWTCTAAT","Run1",0,171.558,-45.839,500,65.37,1.3,19.1,7.5,"DEEP"
"146","S8.1","Candidatus Nitrosopumilus",1,"8A",1,8,"A","8A",28,"January",2014,1,0,"GAGTACAGTCTA","CCGGACTACHVGGGTWTCTAAT","Run1",0,171.558,-45.839,5,65.37,0.7,10.6,0.4,"SURFACE"
"147","S8.1","marine metagenome",0,"8A",1,8,"A","8A",28,"January",2014,1,0,"GAGTACAGTCTA","CCGGACTACHVGGGTWTCTAAT","Run1",0,171.558,-45.839,5,65.37,0.7,10.6,0.4,"SURFACE"
"148","S8.1","uncultured archaeon",0,"8A",1,8,"A","8A",28,"January",2014,1,0,"GAGTACAGTCTA","CCGGACTACHVGGGTWTCTAAT","Run1",0,171.558,-45.839,5,65.37,0.7,10.6,0.4,"SURFACE"
"149","S8.1","uncultured crenarchaeote",0,"8A",1,8,"A","8A",28,"January",2014,1,0,"GAGTACAGTCTA","CCGGACTACHVGGGTWTCTAAT","Run1",0,171.558,-45.839,5,65.37,0.7,10.6,0.4,"SURFACE"
"150","S8.1","uncultured crenarchaeote ODPB-A9",0,"8A",1,8,"A","8A",28,"January",2014,1,0,"GAGTACAGTCTA","CCGGACTACHVGGGTWTCTAAT","Run1",0,171.558,-45.839,5,65.37,0.7,10.6,0.4,"SURFACE"
"151","S8.1","uncultured marine archaeon",2,"8A",1,8,"A","8A",28,"January",2014,1,0,"GAGTACAGTCTA","CCGGACTACHVGGGTWTCTAAT","Run1",0,171.558,-45.839,5,65.37,0.7,10.6,0.4,"SURFACE"
"152","S8.1","uncultured marine group I thaumarchaeote",0,"8A",1,8,"A","8A",28,"January",2014,1,0,"GAGTACAGTCTA","CCGGACTACHVGGGTWTCTAAT","Run1",0,171.558,-45.839,5,65.37,0.7,10.6,0.4,"SURFACE"
"153","S8.1","unidentified archaeon PM7",0,"8A",1,8,"A","8A",28,"January",2014,1,0,"GAGTACAGTCTA","CCGGACTACHVGGGTWTCTAAT","Run1",0,171.558,-45.839,5,65.37,0.7,10.6,0.4,"SURFACE"
"154","S8.2","Candidatus Nitrosopumilus",0,"8B",1,8,"B","8B",28,"January",2014,1,0,"CCTACATGAGAC","CCGGACTACHVGGGTWTCTAAT","Run1",0,171.558,-45.839,5,65.37,0.7,10.6,0.4,"SURFACE"
"155","S8.2","marine metagenome",0,"8B",1,8,"B","8B",28,"January",2014,1,0,"CCTACATGAGAC","CCGGACTACHVGGGTWTCTAAT","Run1",0,171.558,-45.839,5,65.37,0.7,10.6,0.4,"SURFACE"
"156","S8.2","uncultured archaeon",0,"8B",1,8,"B","8B",28,"January",2014,1,0,"CCTACATGAGAC","CCGGACTACHVGGGTWTCTAAT","Run1",0,171.558,-45.839,5,65.37,0.7,10.6,0.4,"SURFACE"
"157","S8.2","uncultured crenarchaeote",0,"8B",1,8,"B","8B",28,"January",2014,1,0,"CCTACATGAGAC","CCGGACTACHVGGGTWTCTAAT","Run1",0,171.558,-45.839,5,65.37,0.7,10.6,0.4,"SURFACE"
"158","S8.2","uncultured crenarchaeote ODPB-A9",0,"8B",1,8,"B","8B",28,"January",2014,1,0,"CCTACATGAGAC","CCGGACTACHVGGGTWTCTAAT","Run1",0,171.558,-45.839,5,65.37,0.7,10.6,0.4,"SURFACE"
"159","S8.2","uncultured marine archaeon",0,"8B",1,8,"B","8B",28,"January",2014,1,0,"CCTACATGAGAC","CCGGACTACHVGGGTWTCTAAT","Run1",0,171.558,-45.839,5,65.37,0.7,10.6,0.4,"SURFACE"
"160","S8.2","uncultured marine group I thaumarchaeote",0,"8B",1,8,"B","8B",28,"January",2014,1,0,"CCTACATGAGAC","CCGGACTACHVGGGTWTCTAAT","Run1",0,171.558,-45.839,5,65.37,0.7,10.6,0.4,"SURFACE"
"161","S8.2","unidentified archaeon PM7",0,"8B",1,8,"B","8B",28,"January",2014,1,0,"CCTACATGAGAC","CCGGACTACHVGGGTWTCTAAT","Run1",0,171.558,-45.839,5,65.37,0.7,10.6,0.4,"SURFACE"
