"","SampleID","0319-6G20","1G93","480-2","Acanthopleuribacteraceae","Acetobacteraceae","Acidimicrobiaceae","Acidobacteriaceae (Subgroup 1)","Acidothermaceae","Acinetobacter radioresistens","Aerococcaceae","Aeromonadaceae","AKYG597","Alcaligenaceae","Alcanivoracaceae","Algiphilaceae","Alteromonadaceae","Anaerolineaceae","Anaplasmataceae","ANME-1b","Asterionella ralfsii","AT-s3-44","Bacillaceae","Bacteriovoracaceae","Bdellovibrionaceae","Bradyrhizobiaceae","Burkholderiaceae","Campylobacteraceae","Cardiobacteriaceae","Caulobacteraceae","CHAB-XI-27","Chesapeake-Delaware Bay","Chitinophagaceae","Chlamydiaceae","Christensenellaceae","Chromatiaceae","Clostridiaceae 1","Colwelliaceae","Comamonadaceae","Corethron pennatum","Corynebacteriaceae","Coxiellaceae","Crustacea","Cryomorphaceae","Cryptosporangiaceae","CrystalBog021C3","cvE6","Cylindrotheca closterium","Cymbomonas tetramitiformis","Cytophagaceae","DA101 soil group","Deep 1","Deep Sea Hydrothermal Vent Gp 6(DHVEG-6)","Deferribacterales Incertae Sedis","Delphineis sp. CCMP1095","Demequinaceae","Desulfarculaceae","Desulfobacteraceae","Desulfobulbaceae","Desulfurellaceae","Desulfuromonadaceae","DEV007","Dinophysis acuminata","DUNssu371","Ectothiorhodospiraceae","EF100-94H03","Emiliania huxleyi","Enterobacteriaceae","Entomoplasmatales Incertae Sedis","Erythrobacteraceae","Euptilota molle","EV818SWSAP88","Family Incertae Sedis","Family XI","Family XII","Family XIII","Family XVIII","FamilyI","FamilyII","Fibrobacteraceae","Flammeovirgaceae","Flavobacteriaceae","Francisellaceae","FukuN18 freshwater group","Fusobacteriaceae","G02-CR02-full","Gaiellaceae","Geobacteraceae","GR-WP33-58","Gracilibacteraceae","Granulosicoccaceae","Gven-D09","H2-104-2","Hahellaceae","Haliangiaceae","Halobacteriaceae","Halomonadaceae","Helicobacteraceae","Heterosigma akashiwo","Holosporaceae","Hydrogenophilaceae","Hyphomicrobiaceae","Hyphomonadaceae","I-10","Idiomarinaceae","Intrasporangiaceae","J8P41000-1F04","JG34-KF-161","JL-ETNP-Y6","JTB255 marine benthic group","Lachnospiraceae","Legionellaceae","Leptospiraceae","Litoricolaceae","LR A2-29","LWSR-14","Marine Group II","Marine Group III","marine metagenome","Marine Methylotrophic Group 2","Marinilabiaceae","Mariprofundaceae","MBAE14","Methylobacteriaceae","Methylocystaceae","Methylophilaceae","Microbacteriaceae","Micrococcaceae","Micromonosporaceae","mitochondria","Moraxellaceae","Moritellaceae","Mycoplasmataceae","Nannocystaceae","Neisseriaceae","Nephroselmis pyriformis","Nit5Au0613-695","Nitrosomonadaceae","Nitrospinaceae","Nitrospiraceae","Nocardiaceae","NS11-12 marine group","NS7 marine group","NS9 marine group","Oceanospirillaceae","Ochrosphaera neapolitana","Oleiphilaceae","OM1 clade","OM182 clade","Opitutaceae","ORI-860-26","Oxalobacteraceae","Parachlamydiaceae","Parvularculaceae","Pasteurellaceae","Patulibacteraceae","PAUC34f","Peptostreptococcaceae","Phalacroma mitra","Phycisphaeraceae","Phyllobacteriaceae","Piscirickettsiaceae","Planctomycetaceae","Porphyridium aerugineum","Porphyridium purpureum","Prasinoderma coloniale","Prevotellaceae","Proboscia indica","Propionibacteriaceae","Pseudoalteromonadaceae","Pseudomonadaceae","Pseudonocardiaceae","Pseudoscourfieldia marina","Puniceicoccaceae","Pyramimonas disomata","RB446","Resultor mikron","Rhizobiales Incertae Sedis","Rhodobacteraceae","Rhodobiaceae","Rhodocyclaceae","Rhodospirillaceae","Rhodospirillales Incertae Sedis","Rhodothermaceae","Rickettsiaceae","Rickettsiales Incertae Sedis","Rikenellaceae","Rubritaleaceae","Ruminococcaceae","S25-593","Salinisphaeraceae","Sandaracinaceae","Saprospiraceae","SAR116 clade","SAR406 clade(Marine group A)","SAR86 clade","Schleiferiaceae","Shewanellaceae","SHWN-night2","Simkaniaceae","SM2D12","Sneathiellaceae","Solimonadaceae","Sphingobacteriaceae","Sphingomonadaceae","Spirochaetaceae","Sporichthyaceae","SS1-B-06-26","Staphylococcaceae","Stellarima microtrias","Streptococcaceae","SUP05 cluster","Surface 1","Surface 2","Surface 4","Sva0996 marine group","Sva1033","Syndiniales","Synergistaceae","Syntrophaceae","T9d","Thiotrichaceae","Thiotrichales Incertae Sedis","TM146","Trueperaceae","uncultured","uncultured Acidobacteria bacterium","uncultured Acidobacteriales bacterium","uncultured Acidobacterium sp.","uncultured actinobacterium","uncultured actinobacterium HF0500","uncultured alpha proteobacterium","uncultured anaerobic bacterium","uncultured archaeon","uncultured bacterium","uncultured bacterium AD106-G5","uncultured bacterium AD264-E4","uncultured bacterium GR-WP33-30","uncultured BD2-11 clade bacterium","uncultured Chloroflexi bacterium","uncultured Chloroflexus sp.","uncultured Chlorophyta","uncultured Codakia orbicularis gill symbiont","uncultured crenarchaeote ODPB-A9","uncultured cyanobacterium","uncultured Cyanobacterium sp.","uncultured deep-sea bacterium","uncultured delta proteobacterium","uncultured delta proteobacterium HF0500","uncultured diatom","uncultured eukaryote","uncultured gamma proteobacterium","uncultured gamma proteobacterium HF0200","uncultured Gemmatimonadales bacterium","uncultured Gemmatimonadetes bacterium","uncultured marine archaeon","uncultured marine bacterium","uncultured marine eukaryote","uncultured marine group I thaumarchaeote","uncultured marine microorganism","uncultured marine rappemonad","uncultured organism","uncultured phototrophic eukaryote","uncultured Planctomycetales bacterium","uncultured planctomycete","uncultured prokaryote","uncultured proteobacterium","uncultured Rhizobiales bacterium","uncultured SAR11 cluster alpha proteobacterium","uncultured SAR202 cluster bacterium","uncultured soil bacterium","uncultured Verrucomicrobia bacterium","unidentified archaeon PM7","unidentified marine bacterioplankton","Unknown Family","Veillonellaceae","Verrucomicrobiaceae","Vibrionaceae","Virgulinella fragilis","WCHB1-69","Xanthobacteraceae","Xanthomonadaceae","ZD0405","Station","Kim_Station","Published_station","Replicate","Published_ID","Day","Month","Year","Time","Depth","BarcodeSequence","LinkerPrimerSequence","Description","Sample_day","LonE","LatN","Depth2","Distance.km_from_TH.","Temperature","Salinity","Phosphate","Nitrate","Silicate","Water_mass","Water_mass_DFA","Water_mass_PCA","Water_mass_Sergio"
"1","1A.03.15",0,0,0,0,0,0,0,0,0,0,0,0,2,0,0,180,2,0,0,0,0,0,0,1,0,0,0,0,0,0,0,6,0,0,0,1,0,0,0,0,10,0,47,0,0,0,0,0,0,0,0,0,0,0,0,0,0,0,0,0,3,0,1,0,0,0,1,0,0,0,0,405,6,0,0,0,1387,0,9,19,1877,0,0,0,0,0,0,0,0,0,0,0,0,0,0,0,0,0,0,0,0,1,0,0,0,0,0,8,2,0,0,0,0,0,0,4,0,12,0,0,0,0,0,0,121,0,0,0,0,0,0,0,0,0,0,0,0,0,0,0,0,13,119,100,0,0,229,2,0,0,6,0,0,0,1,0,0,0,1,0,0,3,0,0,4,0,0,0,0,1,0,0,19,0,0,0,0,591,2,0,498,0,0,1,1,0,0,0,8,0,0,13,66,24,678,0,0,1,0,0,0,0,0,2,0,0,0,3,0,0,0,104,11,668,9,0,0,0,0,0,64,0,0,0,0,0,0,0,0,0,9,0,0,164,0,0,0,0,0,0,0,0,0,4,0,0,0,0,0,0,33,0,0,0,1,4,0,0,0,0,11,0,0,0,0,0,0,3,0,0,0,0,1,0,0,205,0,0,0,0,1,8,"1A",1,8,"A","8A",10,"March",15,406,0,"GGCGTTGCATTC","CCGGACTACHVGGGTWTCTAAT","Run2",4,171.534,-45.83,5,63.61,12.3,34.375,0.86,8.7,0.28,"SAW","SAW","SAW","SAW"
"2","1A.04.15",0,0,0,0,0,0,0,0,0,0,0,0,8,0,0,122,0,0,0,0,1,0,2,7,0,0,0,0,0,0,0,2,0,0,0,0,0,0,0,0,24,0,85,0,0,0,0,0,0,0,0,0,0,0,0,0,0,0,0,0,170,0,0,1,0,0,0,0,0,0,0,405,0,0,0,0,1240,0,7,13,1114,0,0,0,0,0,0,4,0,0,0,0,0,0,0,0,0,0,0,0,3,1,0,0,0,0,0,4,17,0,0,0,1,0,0,4,0,32,0,0,0,0,0,0,106,0,0,0,0,0,0,0,0,0,0,0,3,0,0,0,9,8,200,37,0,0,313,8,0,0,3,0,0,0,0,0,0,1,10,0,0,51,0,0,28,0,0,0,0,0,0,0,94,0,0,0,0,1109,0,0,406,0,0,0,1,0,0,0,15,3,0,3,75,25,481,0,0,2,0,1,0,0,0,0,0,0,0,0,0,0,0,136,22,363,43,0,0,0,0,0,151,0,0,0,9,0,0,0,1,0,7,0,1,177,0,0,0,0,0,0,0,0,0,22,0,0,3,0,0,0,26,0,0,0,2,2,0,0,0,0,12,1,0,1,0,1,0,4,0,1,1,0,5,4,0,479,0,0,0,0,0,5,"1A",1,8,"A","8A",21,"April",15,448,0,"TTGCGGACCCTA","CCGGACTACHVGGGTWTCTAAT","Run2",5,171.534,-45.829,5,63.35,10.9,34.311,0.94,10,0.55,"SAW","SAW","SAW","SAW"
"3","1A.06.14",13,0,0,0,0,0,0,0,0,0,0,0,7,0,0,104,0,0,0,0,9,0,2,19,1,0,0,0,0,0,1,5,0,0,0,0,0,0,0,0,7,0,101,1,1,0,0,0,0,1,4,0,0,0,0,0,0,0,0,0,24,2,0,0,0,9,0,0,1,1,0,321,0,0,0,0,457,0,3,25,726,0,0,0,0,0,0,1,0,0,0,0,0,0,0,0,0,0,0,0,0,0,0,0,0,0,0,111,31,0,0,0,0,0,0,255,10,59,0,0,1,0,0,0,106,2,0,0,20,0,0,0,0,0,0,0,3,1,0,0,1,9,184,92,0,0,408,53,0,0,4,0,0,0,1,3,0,4,9,0,1,32,0,0,6,0,0,0,0,0,0,0,22,0,0,0,0,602,0,0,705,0,0,1,0,0,0,0,14,14,0,6,217,297,839,0,0,2,0,0,0,0,0,1,0,0,0,0,0,0,0,207,26,197,35,0,0,0,0,1,75,2,0,0,2,0,0,0,2,0,21,0,9,668,0,0,0,0,2,0,0,0,0,34,1,0,3,0,0,0,57,0,0,0,23,13,7,0,4,0,115,7,0,0,0,3,0,10,0,0,2,0,13,12,0,70,2,0,0,0,0,159,"1A",1,8,"A","8A",3,"June",14,126,0,"ACAGGAGGGTGT","CCGGACTACHVGGGTWTCTAAT","Run2",1,171.532,-45.829,5,63.28,9.7,34.229,0.99,11.5,1.1,"SAW","SAW","SAW","SAW"
"4","1A.07.14",4,0,1,2,0,0,0,0,0,0,0,0,2,10,0,111,0,0,0,4,17,0,0,20,16,0,0,0,0,0,0,43,0,0,0,0,0,36,0,6,32,0,66,0,0,0,0,0,0,0,3,0,0,0,0,0,0,0,0,0,39,0,0,0,0,9,15,0,0,0,0,125,0,0,0,0,515,0,4,34,1170,0,0,0,0,1,0,7,0,0,0,0,0,0,0,0,0,0,0,0,0,0,0,0,40,0,0,22,27,0,0,0,0,0,0,131,6,24,0,0,11,0,0,0,80,0,0,0,4,2,0,0,3,0,0,0,9,1,0,0,0,18,148,71,0,0,1536,16,0,0,8,2,5,0,0,4,0,5,8,0,0,65,0,0,2,0,0,0,0,0,0,0,7,0,0,0,0,821,2,0,336,0,1,0,0,0,0,0,12,15,0,2,81,116,517,0,0,6,0,0,0,0,0,0,0,0,0,8,0,0,0,146,30,78,101,0,0,0,0,10,45,0,0,0,1,0,0,0,0,0,0,0,28,389,0,0,0,0,0,0,0,0,0,29,3,0,32,0,0,0,69,0,0,0,73,23,0,0,0,1,83,8,0,0,0,0,0,9,0,0,0,0,91,43,0,29,1,0,0,0,0,62,"1A",1,8,"A","8A",29,"July",14,182,0,"ACCTTGACAAGA","CCGGACTACHVGGGTWTCTAAT","Run2",2,171.534,-45.83,5,63.29,8.4,34.25,1.02,14.2,1.7,"SAW","SAW","SAW","SAW"
"5","1A.12.14",6,0,0,0,0,0,0,0,0,0,0,0,0,2,5,501,0,0,0,0,0,0,4,0,15,0,3,0,0,0,1,19,0,1,0,0,30,25,0,3,5,0,19,0,0,0,0,0,0,1,4,0,0,0,0,8,0,0,0,0,0,0,0,0,0,3,4,0,4,0,0,21,13,0,0,0,268,0,10,9,709,0,0,0,0,0,0,0,0,0,0,0,0,0,0,0,0,0,0,0,0,4,0,0,7,0,0,13,0,2,0,0,6,0,0,3,0,215,0,0,0,0,0,0,174,4,0,0,6,0,0,0,0,0,0,0,0,0,0,0,0,6,16,2,0,1,1,0,0,0,37,0,0,1,0,0,0,4,3,0,3,38,0,0,56,0,3,0,0,5,0,0,10,0,0,0,0,3458,14,3,241,0,2,0,3,0,18,0,4,0,0,0,551,0,90,0,0,0,0,0,0,0,3,1,3,0,0,24,0,4,0,359,104,248,0,0,0,0,0,0,45,0,0,0,2,1,0,0,0,0,0,0,0,167,0,0,0,0,0,0,0,0,0,56,0,0,0,0,0,0,5,0,0,0,0,8,2,0,0,0,2,7,0,0,0,0,2,31,0,4,1,0,3,0,0,78,1,1,0,0,1,26,"1A",1,8,"A","8A",19,"December",14,325,0,"CCGACATTGTAG","CCGGACTACHVGGGTWTCTAAT","Run2",3,171.533,-45.83,5,63.8,11.4,34.302,0.98,11,0,"SAW","SAW","SAW","SAW"
"6","1B.03.15",0,0,0,0,0,0,0,0,1,0,0,0,3,0,0,161,0,0,0,0,1,0,0,1,0,0,1,0,0,0,1,5,0,0,0,0,0,0,0,0,2,0,44,0,0,0,0,0,0,0,0,0,0,0,0,0,0,0,0,0,1,0,0,0,0,0,1,0,0,0,0,454,0,0,0,0,1524,0,10,16,1717,0,0,0,0,0,0,0,0,0,0,0,0,0,0,0,0,0,0,0,0,0,0,0,0,0,0,8,0,0,0,0,0,0,0,4,0,26,0,0,2,0,0,0,78,0,0,0,0,1,0,0,0,0,0,0,0,0,1,0,0,9,98,82,0,0,253,0,0,0,3,0,0,0,0,0,0,0,0,0,0,2,0,0,2,0,0,0,0,0,0,0,14,0,0,0,0,689,0,0,557,0,0,0,0,0,0,0,4,0,0,9,92,15,656,0,0,0,0,0,0,0,0,1,0,0,0,1,0,0,0,143,17,596,3,0,0,0,0,0,53,1,0,0,1,0,0,0,0,0,8,0,0,186,0,0,0,0,0,0,0,0,0,4,0,0,0,0,0,0,30,0,0,0,0,5,0,0,0,0,10,0,0,0,0,0,0,4,0,0,0,0,0,0,0,133,0,0,0,0,0,11,"1B",1,8,"B","8B",10,"March",15,406,0,"ACTAGCGTTCAG","CCGGACTACHVGGGTWTCTAAT","Run2",4,171.534,-45.83,5,63.61,12.3,34.375,0.86,8.7,0.28,"SAW","SAW","SAW","SAW"
"8","1B.06.14",10,0,0,0,0,0,0,0,0,0,0,0,12,0,0,93,0,0,0,0,6,0,1,18,2,0,0,0,0,0,0,8,0,0,0,0,0,7,0,0,12,0,80,0,0,0,0,0,0,0,7,0,0,0,0,0,0,0,0,0,75,1,0,0,1,6,0,0,2,0,0,338,0,0,0,0,556,0,5,17,1036,0,0,0,0,0,0,0,0,0,0,0,0,0,0,0,0,0,0,0,0,0,0,0,2,0,0,22,53,0,0,0,2,0,2,115,6,75,0,0,0,0,0,0,74,0,0,0,6,0,0,0,1,0,0,0,3,3,0,0,2,22,139,110,1,0,982,61,0,3,2,0,0,0,0,0,0,1,12,0,0,79,0,0,10,0,0,0,0,0,0,0,21,0,0,0,0,869,1,0,502,0,0,2,3,0,1,0,15,5,0,3,178,148,367,0,2,3,2,0,0,0,0,1,0,0,0,0,0,0,0,245,49,252,43,0,0,0,0,7,81,0,0,0,0,0,0,0,4,0,7,0,9,394,0,0,0,0,4,0,0,0,0,65,0,0,1,0,0,0,48,0,0,0,20,15,1,0,1,0,56,3,0,0,1,1,0,12,0,0,1,0,22,14,0,212,0,0,0,0,0,21,"1B",1,8,"B","8B",3,"June",14,126,0,"GCTGTCGTCAAC","CCGGACTACHVGGGTWTCTAAT","Run2",1,171.532,-45.829,5,63.28,9.7,34.229,0.99,11.5,1.1,"SAW","SAW","SAW","SAW"
"9","1B.07.14",4,0,0,0,0,0,0,0,0,0,0,0,5,0,0,46,0,0,0,0,20,1,1,15,0,0,0,0,0,0,2,1,0,0,0,0,5,0,0,0,12,0,70,0,0,0,0,0,0,0,11,0,1,0,0,0,0,0,0,0,16,6,0,0,2,13,2,0,2,1,0,175,0,0,0,0,506,0,5,26,839,0,0,0,0,0,0,7,0,0,0,0,0,0,0,0,0,0,0,0,0,1,0,0,0,0,0,124,7,0,0,0,0,0,0,224,39,65,0,0,0,0,0,0,88,0,0,0,27,0,0,0,0,0,0,1,1,2,0,0,1,14,183,61,1,0,902,21,0,0,4,0,2,0,0,4,0,9,6,0,1,29,0,0,6,1,0,0,0,0,0,0,4,0,0,0,0,531,0,0,476,0,0,1,4,0,0,0,11,25,0,5,99,290,577,0,0,5,0,0,0,0,1,0,0,0,0,0,0,0,0,261,31,178,108,0,0,0,0,7,45,3,0,0,12,0,0,0,7,0,11,0,23,785,0,0,0,1,30,0,0,0,0,88,0,0,6,0,1,0,31,0,0,0,62,18,1,0,3,1,61,4,0,0,1,1,0,10,0,2,1,0,49,32,0,22,2,4,0,0,0,164,"1B",1,8,"B","8B",29,"July",14,182,0,"GTAACCACCACC","CCGGACTACHVGGGTWTCTAAT","Run2",2,171.534,-45.83,5,63.29,8.4,34.25,1.02,14.2,1.7,"SAW","SAW","SAW","SAW"
"10","1B.12.14",0,0,0,0,0,0,0,0,0,0,0,0,0,0,0,480,0,0,0,0,0,0,7,0,1,0,0,0,0,0,2,1,0,0,0,0,24,0,0,0,8,0,15,0,0,0,0,0,0,0,1,0,0,0,0,0,0,0,0,1,0,0,0,2,0,2,0,0,9,0,0,25,0,0,0,0,249,0,10,9,752,0,0,0,0,0,0,0,0,0,0,0,0,0,0,0,1,0,0,0,0,0,0,1,0,0,0,15,1,0,0,0,0,0,1,0,0,236,0,2,1,0,0,0,196,0,0,0,2,1,0,0,0,0,0,0,0,0,0,0,0,1,9,10,0,1,0,0,0,0,31,0,1,0,0,0,0,5,4,0,1,47,0,0,90,0,2,0,2,0,0,0,8,0,0,0,0,3447,15,0,328,0,2,0,0,0,38,0,4,1,0,2,518,0,104,0,0,0,0,0,0,0,0,7,0,0,0,1,0,0,0,334,96,202,0,0,0,0,0,0,44,0,0,2,12,0,0,0,0,0,2,0,0,135,0,0,0,0,0,0,0,1,0,47,0,0,0,0,0,0,4,0,0,0,0,15,0,0,0,0,1,1,0,0,0,0,1,25,0,0,1,0,0,1,0,118,2,0,0,0,0,18,"1B",1,8,"B","8B",19,"December",14,325,0,"CATGTAAGGCTC","CCGGACTACHVGGGTWTCTAAT","Run2",3,171.533,-45.83,5,63.8,11.4,34.302,0.98,11,0,"SAW","SAW","SAW","SAW"
"12","2A.04.15",0,0,0,0,0,0,0,0,1,0,0,0,5,0,0,153,0,0,0,0,1,0,2,8,0,0,0,0,0,0,1,4,0,2,0,0,0,0,0,1,10,0,39,0,1,0,0,0,0,1,1,0,0,0,0,0,0,0,0,0,179,0,0,0,0,0,1,0,1,0,1,394,1,0,0,0,658,0,7,9,1060,0,0,0,0,0,0,5,0,0,0,0,0,0,0,0,0,0,0,0,0,0,1,0,0,0,0,8,29,0,1,0,1,0,0,11,0,22,0,0,0,0,0,0,100,0,0,0,0,2,0,0,0,0,0,0,1,1,0,0,6,12,151,55,0,0,394,12,0,0,6,0,0,0,0,0,0,1,9,0,0,93,0,0,12,0,0,0,0,0,1,0,52,0,0,0,0,1068,0,0,481,0,0,0,0,0,0,0,6,4,1,0,143,39,986,0,0,1,0,0,0,0,0,1,0,0,0,0,0,0,0,165,20,387,37,0,0,0,0,0,144,0,0,0,3,0,0,0,2,0,8,0,1,206,0,0,0,0,0,0,0,0,0,35,0,0,4,0,0,0,52,0,0,0,1,3,0,0,0,0,44,2,0,0,0,1,0,6,0,0,1,0,8,3,0,321,0,0,0,0,0,12,"2A",2,7,"A","7A",21,"April",15,448,0,"AACGTTAGTGTG","CCGGACTACHVGGGTWTCTAAT","Run2",5,171.439,-45.822,5,55.96,10.9,34.297,0.93,9.4,0.42,"SAW","SAW","SAW","SAW"
"14","2A.07.14",0,0,0,0,0,0,0,0,0,0,0,0,3,0,0,55,0,0,0,0,22,0,1,4,0,0,0,0,0,0,1,1,0,2,0,0,4,0,0,1,7,0,57,2,1,0,1,0,0,1,11,0,0,0,0,1,0,0,0,0,11,14,0,0,3,32,0,0,0,0,0,182,4,0,0,0,339,0,5,25,503,0,2,0,0,0,0,7,0,0,0,0,0,0,0,0,0,0,0,0,0,0,0,0,0,0,0,149,13,0,0,0,0,0,0,437,68,59,0,0,0,0,0,0,84,0,0,0,21,1,0,0,1,0,0,2,7,12,0,0,0,8,143,115,2,0,447,54,0,0,1,0,1,0,0,2,0,11,10,0,1,21,0,1,5,0,0,1,0,0,0,0,0,0,0,0,0,375,0,0,566,0,0,0,1,0,1,0,9,56,0,2,84,416,710,0,0,1,0,0,0,0,0,0,0,0,0,2,0,1,0,231,31,130,70,0,0,0,0,4,34,4,0,0,11,0,0,0,2,1,17,0,64,1138,0,0,0,3,49,0,0,0,0,35,0,0,5,0,0,1,31,0,0,0,126,28,0,0,7,3,75,5,0,2,2,8,0,10,0,0,4,0,42,54,0,17,3,8,1,0,0,262,"2A",2,7,"A","7A",29,"July",14,182,0,"CATAGCTCGGTC","CCGGACTACHVGGGTWTCTAAT","Run2",2,171.445,-45.819,5,56.46,8.2,34.26,0.78,9,1.2,"SAW","SAW","SAW","SAW"
"15","2A.12.14",0,0,0,0,0,0,0,0,0,0,0,0,0,0,0,231,0,0,0,0,0,1,2,0,0,0,1,0,0,0,1,0,0,0,0,0,4,0,0,1,2,0,2,0,0,0,0,0,0,1,2,0,0,0,0,0,0,0,0,0,0,0,0,0,0,0,1,0,6,0,0,69,0,0,0,0,165,0,1,1,904,1,0,0,0,0,0,0,0,0,0,0,0,0,0,0,0,0,0,0,0,1,0,0,0,0,0,20,0,0,0,0,0,0,2,1,1,208,0,0,0,0,0,1,231,0,0,0,0,2,0,0,0,0,0,0,0,0,0,0,0,5,12,4,0,0,1,0,0,1,44,0,0,0,0,0,1,1,3,0,7,23,0,0,9,0,4,0,0,0,0,0,39,0,0,0,0,2734,2,0,641,0,0,0,1,0,15,0,4,0,0,4,493,0,164,0,0,0,0,0,0,1,0,5,0,0,0,3,0,1,0,527,92,539,0,0,0,0,0,0,88,0,0,0,6,0,0,0,0,0,2,0,0,100,0,0,0,0,0,0,0,0,0,59,0,0,0,0,0,0,2,0,0,0,0,19,0,0,0,0,2,0,0,0,0,0,0,31,0,0,1,0,1,0,0,204,0,0,0,0,0,38,"2A",2,7,"A","7A",19,"December",14,325,0,"TGCAAGCTAAGT","CCGGACTACHVGGGTWTCTAAT","Run2",3,171.469,-45.818,5,58.26,11.2,34.33,0.95,10.9,0.2,"SAW","SAW","SAW","SAW"
"16","2B.03.15",0,0,0,0,0,0,0,0,1,0,0,0,2,0,0,122,0,0,0,0,0,0,0,0,0,0,0,0,0,0,1,1,0,0,0,0,0,0,0,0,3,0,51,0,0,0,0,0,0,0,2,0,0,0,0,0,0,0,0,0,2,1,0,0,0,0,1,0,1,0,0,519,0,0,0,0,1430,0,4,9,1613,0,0,0,0,0,0,0,0,0,0,0,0,0,0,0,0,0,0,0,0,1,0,0,0,0,0,18,0,0,0,1,0,0,0,0,0,24,0,0,0,0,0,0,96,0,0,0,0,0,0,0,0,0,0,0,0,0,0,0,0,5,135,55,0,0,87,0,0,0,5,0,0,0,0,0,0,0,2,0,0,0,0,0,7,0,0,0,0,0,0,0,5,0,0,0,0,568,1,1,547,0,0,0,0,0,0,0,5,0,0,6,75,7,983,0,0,0,0,0,0,0,0,1,0,0,0,0,0,0,0,150,12,630,7,0,0,0,0,0,54,0,0,0,0,0,0,0,0,0,9,0,0,183,0,0,0,0,0,0,0,0,0,16,0,0,0,0,0,0,35,0,0,0,0,4,0,0,0,0,11,0,0,0,0,1,0,5,0,0,0,0,0,0,0,203,0,0,0,0,0,24,"2B",2,7,"B","7B",10,"March",15,406,0,"TGCGAGTATATG","CCGGACTACHVGGGTWTCTAAT","Run2",4,171.434,-45.81,5,55.53,12.7,34.341,0.9,9.6,0.17,"SAW","SAW","SAW","SAW"
"17","2B.04.15",0,0,0,0,0,0,0,0,0,0,0,0,9,0,0,146,0,0,0,0,0,0,2,15,14,0,0,0,0,0,1,8,0,0,0,0,0,7,0,0,17,0,45,0,0,0,1,0,1,0,1,0,0,0,0,0,0,0,0,0,191,0,0,0,0,0,0,0,0,0,1,494,0,0,0,0,720,0,6,7,1073,0,0,0,0,0,0,4,0,0,0,0,0,0,0,0,0,0,0,0,1,0,0,0,2,0,0,3,28,0,0,0,0,0,0,12,0,31,0,0,0,0,0,0,99,0,0,0,0,0,0,0,0,0,0,0,2,0,0,0,7,7,169,48,0,0,517,9,0,0,5,0,0,0,0,0,0,0,15,0,0,59,0,0,7,0,0,0,0,0,0,0,72,0,1,0,0,1011,0,0,441,0,1,0,0,0,1,0,11,3,0,0,112,49,891,0,0,0,0,2,0,0,0,0,0,0,0,0,0,0,0,138,16,353,29,0,0,0,0,0,124,0,0,0,9,0,0,0,1,0,8,0,0,223,0,0,0,0,0,0,0,0,0,34,0,0,6,0,0,0,72,0,0,0,1,5,0,0,2,0,39,0,0,0,0,0,0,4,0,0,0,0,2,6,0,316,2,0,0,0,0,6,"2B",2,7,"B","7B",21,"April",15,448,0,"TGCATGACAGTC","CCGGACTACHVGGGTWTCTAAT","Run2",5,171.439,-45.822,5,55.96,10.9,34.297,0.93,9.4,0.42,"SAW","SAW","SAW","SAW"
"18","2B.06.14",7,1,0,0,0,0,0,0,1,0,0,0,11,0,0,69,0,0,0,0,11,0,4,17,0,0,0,0,0,0,2,6,0,0,0,0,2,1,0,0,9,0,67,0,1,0,0,0,0,1,1,0,0,0,0,0,0,0,0,0,34,3,0,0,1,7,0,0,2,1,0,362,0,0,0,0,451,0,5,10,921,0,1,0,0,0,0,2,0,0,0,0,0,0,0,0,0,0,0,0,0,0,0,0,0,0,0,31,27,0,1,0,0,0,0,280,5,83,0,0,0,0,0,0,78,0,0,0,9,0,0,0,0,0,0,0,3,4,0,0,3,6,148,124,0,1,683,52,0,0,4,0,0,0,0,0,0,8,11,0,1,30,0,0,3,0,0,0,0,0,0,0,14,0,0,0,0,756,1,0,634,0,0,0,0,0,0,0,11,10,0,4,159,205,546,0,0,2,0,0,0,0,0,1,0,0,0,0,0,0,0,216,41,385,43,0,0,0,0,2,67,0,0,0,3,0,0,0,1,0,13,0,9,605,0,0,0,1,5,0,0,0,0,58,0,0,1,0,0,0,44,0,0,0,32,20,0,0,1,0,64,4,0,0,1,0,0,8,0,0,1,0,17,14,0,55,3,0,0,0,1,51,"2B",2,7,"B","7B",3,"June",14,126,0,"AAGCTTGAAACC","CCGGACTACHVGGGTWTCTAAT","Run2",1,171.435,-45.816,5,55.6,9.8,34.235,0.81,11.9,1.6,"SAW","SAW","SAW","SAW"
"19","2B.07.14",7,0,0,0,0,0,0,0,0,0,0,0,2,0,0,51,0,0,0,0,30,1,0,18,3,0,0,0,0,0,1,2,0,0,0,0,1,4,0,0,5,0,73,0,1,0,0,0,0,0,18,0,0,0,0,0,0,0,0,0,6,8,0,0,7,21,2,0,5,1,0,169,0,0,1,0,247,0,4,25,485,0,0,0,0,0,1,4,0,0,0,0,0,0,0,0,0,0,0,1,0,0,0,0,2,1,0,181,17,0,0,0,0,0,1,483,66,70,0,0,0,0,0,0,102,0,0,0,25,0,0,0,0,0,0,2,2,11,2,0,0,7,168,109,5,0,281,52,0,0,4,0,0,0,0,9,0,11,15,0,0,26,0,2,6,0,0,0,0,0,0,0,4,0,0,1,0,334,0,0,585,0,0,0,1,0,0,0,8,54,0,8,86,451,753,0,0,1,0,0,0,0,0,0,0,0,0,0,1,0,1,289,35,130,77,0,0,0,0,4,25,1,0,0,17,0,0,0,2,0,8,0,53,1158,0,0,0,6,29,0,0,0,0,52,1,0,6,0,1,1,28,0,0,0,128,29,0,0,5,0,82,11,0,0,1,7,0,9,0,1,2,0,44,58,0,7,1,10,2,0,0,261,"2B",2,7,"B","7B",29,"July",14,182,0,"AACCATGCCAAC","CCGGACTACHVGGGTWTCTAAT","Run2",2,171.445,-45.819,5,56.46,8.2,34.26,0.78,9,1.2,"SAW","SAW","SAW","SAW"
"20","2B.12.14",0,0,0,0,0,0,0,0,0,0,0,0,3,0,0,221,0,0,0,0,0,0,1,0,0,0,1,0,1,0,1,0,0,0,0,0,4,0,0,1,1,0,21,0,0,0,0,0,0,0,0,0,0,0,0,0,0,0,0,0,0,0,0,0,0,9,0,0,3,0,0,43,0,0,0,0,67,0,1,10,1249,0,0,0,0,0,0,0,0,0,0,0,0,0,0,1,0,0,0,0,0,0,0,0,0,0,0,37,0,0,0,0,0,0,0,4,0,132,0,1,0,0,0,0,144,0,0,0,3,0,0,0,0,0,0,0,1,0,0,0,1,28,53,7,0,0,37,0,0,0,22,0,0,0,0,0,0,14,1,0,0,5,0,0,6,0,19,0,0,1,0,0,17,0,0,0,0,2547,2,0,468,0,0,0,0,0,6,0,4,0,0,2,513,5,601,0,0,0,0,0,0,0,0,2,0,0,0,0,0,0,0,415,69,293,0,0,0,0,0,0,88,0,0,0,19,0,0,0,0,0,0,0,0,266,0,0,0,0,0,0,0,0,0,21,1,0,0,0,0,4,3,0,0,0,0,13,0,0,0,0,6,13,0,0,0,0,0,31,0,0,4,0,2,0,0,104,0,1,0,1,0,76,"2B",2,7,"B","7B",19,"December",14,325,0,"GTGTGTGCCATA","CCGGACTACHVGGGTWTCTAAT","Run2",3,171.469,-45.818,5,58.26,11.2,34.33,0.95,10.9,0.2,"SAW","SAW","SAW","SAW"
"21","3A.03.15",0,0,0,0,0,0,0,0,0,0,0,0,2,0,0,339,0,0,0,0,0,0,0,1,0,0,0,0,0,0,2,1,1,1,0,0,0,0,0,0,25,0,11,0,0,0,0,0,0,0,0,0,0,0,0,0,0,0,0,0,4,2,0,0,0,1,1,0,1,0,0,686,0,0,0,0,2796,0,0,1,695,0,0,0,0,0,0,0,0,0,0,0,0,0,0,0,0,0,0,0,0,1,0,0,0,0,0,4,1,0,0,2,0,0,0,10,0,68,2,0,0,0,0,0,89,0,1,0,1,0,0,0,0,0,0,0,0,0,0,0,0,2,76,4,0,0,27,2,0,0,10,0,0,0,0,0,0,0,2,0,0,2,0,0,14,0,0,0,0,0,0,0,8,0,1,0,0,306,3,1,366,0,0,0,0,0,0,2,3,0,1,2,38,4,300,0,0,0,1,0,0,0,0,1,0,0,0,0,0,0,0,222,26,556,10,0,0,0,0,0,63,0,0,0,0,0,0,0,4,0,7,0,0,121,0,0,0,0,0,0,0,0,0,65,0,0,0,0,0,0,24,0,0,0,1,6,0,0,0,0,6,1,0,0,0,0,0,9,0,0,1,0,0,0,0,792,0,0,0,0,0,7,"3A",3,6,"A","6A",10,"March",15,406,0,"TACCACAACGAA","CCGGACTACHVGGGTWTCTAAT","Run2",4,171.335,-45.813,5,47.89,12.1,34.376,0.9,9.1,0.26,"SAW","SAW","SAW","FRONT"
"22","3A.04.15",2,0,0,0,0,0,0,1,0,0,0,0,2,0,0,437,3,0,0,0,8,1,0,8,0,0,4,0,0,0,1,3,2,0,0,0,0,0,0,1,50,0,40,0,0,0,0,0,0,1,3,0,2,0,0,0,0,0,0,0,35,8,0,1,0,0,3,0,3,0,2,201,0,0,0,0,1522,0,3,10,1083,0,0,0,0,0,0,7,0,0,0,0,0,0,0,0,0,0,0,1,0,1,0,0,0,0,0,9,13,0,1,0,0,0,0,62,2,40,0,0,0,0,0,0,166,0,1,0,0,0,0,0,0,0,0,0,18,2,0,0,0,7,48,67,0,0,567,15,0,0,6,0,0,0,0,0,0,0,30,0,0,39,0,0,33,0,0,0,0,0,0,0,16,0,0,0,0,797,2,0,312,0,0,2,0,0,6,0,1,18,1,1,22,76,346,0,0,0,0,2,0,0,0,0,0,0,0,0,0,0,1,119,14,339,101,0,0,0,0,0,85,2,0,0,1,0,0,0,2,0,5,0,6,223,0,0,0,0,1,0,0,0,0,28,0,0,4,0,0,0,154,0,0,0,46,7,0,0,1,0,15,0,0,1,0,0,0,2,0,0,0,0,89,115,0,226,0,0,0,0,0,3,"3A",3,6,"A","6A",21,"April",15,448,0,"TCAATCGCTTTC","CCGGACTACHVGGGTWTCTAAT","Run2",5,171.335,-45.814,5,47.92,10.9,34.339,0.94,10.4,0.33,"SAW","SAW","SAW","FRONT"
"23","3A.06.14",8,0,0,0,0,0,0,0,0,0,0,0,8,0,1,68,0,2,0,0,18,0,14,31,27,0,0,0,0,0,0,6,3,0,0,0,0,6,0,0,4,0,74,0,0,0,0,0,0,2,4,0,0,0,0,0,0,0,0,0,26,12,0,0,0,22,0,0,0,0,0,269,4,0,0,0,274,0,0,39,581,0,0,0,0,0,0,1,0,0,0,0,0,0,0,0,0,0,0,0,0,0,0,0,8,0,0,64,49,0,0,0,0,0,0,268,37,53,0,0,1,0,0,0,99,1,0,0,37,0,0,0,0,0,0,0,0,5,0,0,0,23,98,129,0,0,782,42,0,0,0,0,0,0,0,10,0,15,21,0,3,71,0,0,22,0,0,0,0,0,0,0,39,0,0,0,0,772,0,0,580,0,0,0,0,0,0,0,7,27,0,10,149,220,551,0,0,0,0,4,0,0,1,0,0,0,0,29,0,0,2,210,32,143,58,0,0,0,0,0,45,10,0,0,6,0,0,0,3,0,22,3,20,1056,0,0,6,2,14,0,0,0,0,91,1,0,0,0,0,0,50,0,0,0,12,24,0,0,3,0,90,5,0,0,0,9,0,10,0,0,0,8,40,26,0,62,0,6,0,0,0,70,"3A",3,6,"A","6A",3,"June",14,126,0,"TAAGCGTCTCGA","CCGGACTACHVGGGTWTCTAAT","Run2",1,171.346,-45.807,5,48.66,9.9,34.287,0.87,12.2,1.3,"SAW","SAW","SAW","FRONT"
"24","3A.07.14",20,22,1,0,0,0,0,1,0,0,0,0,0,0,0,106,0,0,0,8,24,2,0,33,12,0,0,0,0,0,0,40,0,0,0,0,1,117,0,0,2,0,82,3,0,0,0,0,0,0,15,0,15,0,0,0,0,0,0,0,0,15,0,0,0,5,13,0,0,0,0,114,0,0,0,0,253,0,22,24,484,0,0,0,0,1,0,0,0,0,0,0,0,0,0,0,0,0,0,0,0,0,0,0,133,0,0,157,2,0,6,0,0,0,0,375,49,40,0,0,0,0,0,0,41,14,0,0,34,0,0,0,0,0,0,6,5,11,0,0,0,8,156,146,10,0,144,86,8,0,0,0,0,0,0,0,0,2,36,0,0,32,0,0,11,0,0,1,0,0,0,0,0,0,0,0,0,280,0,0,568,0,0,0,0,3,0,0,0,70,0,0,40,699,608,0,0,0,0,0,0,0,0,13,0,0,0,0,0,2,0,236,12,89,98,0,0,0,0,0,22,60,0,0,25,1,0,0,0,0,0,0,72,1162,0,0,0,0,36,0,0,0,0,98,0,2,6,0,0,0,59,0,0,0,81,8,0,0,0,0,85,4,0,0,0,0,0,1,0,1,9,0,90,45,0,20,0,13,0,0,11,324,"3A",3,6,"A","6A",29,"July",14,182,0,"TATGGAGCTAGT","CCGGACTACHVGGGTWTCTAAT","Run2",2,171.346,-45.811,5,48.69,9,34.458,0.87,12.4,2.2,"FRONT","FRONT","FRONT","FRONT"
"25","3A.12.14",0,0,0,0,0,0,0,0,0,0,0,0,0,0,0,254,0,0,0,0,0,1,0,0,0,0,2,0,0,0,2,0,0,0,0,0,0,0,0,0,2,0,20,0,0,0,0,0,0,0,0,0,0,0,0,0,0,0,0,0,2,0,0,2,0,0,0,0,8,0,1,113,0,0,0,0,916,0,2,1,711,0,0,0,0,0,0,0,0,0,0,0,0,0,0,0,1,0,0,1,0,0,0,0,0,0,0,17,0,0,0,0,0,0,0,0,0,118,0,0,0,0,0,0,211,0,0,0,0,0,0,0,0,0,0,0,1,0,0,0,0,4,12,5,0,0,1,1,0,0,23,0,0,0,1,0,0,0,2,0,0,29,0,0,11,0,0,0,0,0,0,0,250,0,0,0,0,2033,0,0,538,0,0,0,0,0,4,0,2,0,0,1,321,0,242,0,0,0,0,0,0,0,1,3,0,0,0,1,0,0,0,475,66,731,2,0,0,0,0,0,92,0,0,0,3,0,0,0,1,0,4,0,0,89,0,0,0,0,0,0,0,0,0,27,0,0,0,0,0,1,1,0,0,0,0,15,0,0,0,0,4,1,1,0,0,0,0,14,0,0,2,0,0,0,0,398,0,0,0,0,0,20,"3A",3,6,"A","6A",19,"December",14,325,0,"TGACAACCGAAT","CCGGACTACHVGGGTWTCTAAT","Run2",3,171.382,-45.81,5,51.49,11.1,34.343,0.8,8.5,0.3,"SAW","SAW","SAW","FRONT"
"26","3B.03.15",0,0,0,0,0,0,0,0,0,0,0,0,1,0,0,170,0,0,0,0,0,0,0,0,0,0,1,0,0,0,0,2,0,0,0,0,0,0,0,0,6,0,76,0,0,0,0,0,0,3,0,0,0,0,0,0,0,0,0,0,3,0,0,0,0,0,2,0,0,0,0,387,0,0,0,0,1747,0,6,3,1277,0,0,0,0,0,0,1,0,0,0,0,0,0,0,0,0,0,0,0,0,0,0,0,0,0,0,7,0,0,0,1,0,0,0,2,0,26,0,0,0,0,0,0,123,0,0,0,0,0,0,0,0,0,0,0,0,0,1,0,0,8,223,57,0,0,11,0,0,0,3,0,0,0,0,0,0,0,0,0,0,1,0,0,6,0,0,0,0,0,0,0,17,0,0,0,0,556,1,0,547,0,0,0,0,0,1,0,7,0,0,4,85,6,710,0,0,0,0,0,0,0,0,1,0,0,0,0,0,0,0,179,19,749,6,0,0,0,0,0,76,0,0,0,0,1,0,0,1,0,18,0,0,142,0,0,0,0,0,0,0,0,0,8,0,0,0,0,0,0,38,0,0,0,1,4,0,0,0,0,13,0,0,0,0,0,0,4,0,0,1,0,1,0,0,363,0,0,0,1,0,12,"3B",3,6,"B","6B",10,"March",15,406,0,"TCTGGAACGGTT","CCGGACTACHVGGGTWTCTAAT","Run2",4,171.335,-45.813,5,47.89,12.1,34.376,0.9,9.1,0.26,"SAW","SAW","SAW","FRONT"
"28","3B.06.14",12,4,0,0,0,0,0,0,0,0,0,0,11,0,0,79,0,0,0,0,6,0,3,14,1,0,0,0,0,0,1,2,1,0,0,0,1,0,0,0,7,0,73,0,1,0,0,0,0,1,6,0,0,0,0,0,0,0,0,0,26,7,0,0,0,20,0,0,1,1,0,322,0,0,0,0,206,0,6,21,887,0,0,0,0,0,1,7,0,0,0,0,0,0,0,0,0,0,0,0,0,0,0,0,0,1,0,54,21,0,0,0,0,0,0,296,14,81,0,0,0,0,0,0,82,0,0,0,16,0,0,0,0,0,1,0,1,1,0,0,1,8,136,159,0,0,617,47,0,0,1,0,0,0,0,1,0,11,15,0,2,37,0,0,8,0,0,0,1,1,0,0,22,0,0,1,0,710,0,0,582,0,0,0,0,0,0,0,10,15,0,11,160,241,632,0,0,4,0,0,0,0,0,1,0,0,0,0,0,0,1,235,43,286,43,0,0,0,0,0,41,1,0,0,5,0,0,0,0,0,20,1,8,825,0,0,0,1,5,0,0,0,0,82,0,0,0,0,0,0,40,0,0,0,25,24,1,0,3,0,118,7,0,0,0,2,0,15,0,0,2,0,15,18,0,43,4,1,0,0,0,87,"3B",3,6,"B","6B",3,"June",14,126,0,"ATAGCTTCGTGG","CCGGACTACHVGGGTWTCTAAT","Run2",1,171.346,-45.807,5,48.66,9.9,34.287,0.87,12.2,1.3,"SAW","SAW","SAW","FRONT"
"29","3B.07.14",1,0,0,0,0,0,0,0,0,0,0,0,1,0,0,58,0,1,0,0,16,0,0,17,2,0,0,0,0,0,0,1,0,0,0,0,3,1,0,0,8,0,65,0,1,0,1,0,0,0,20,0,5,0,0,0,0,0,0,0,9,12,0,0,5,24,0,0,4,3,0,151,0,0,0,0,196,0,3,22,418,0,0,0,0,0,1,5,0,0,0,0,0,0,0,0,0,0,0,0,1,0,0,0,0,0,0,178,10,0,0,0,0,0,0,598,78,55,0,0,0,0,0,0,101,0,0,0,25,0,0,0,0,0,0,1,4,14,0,0,0,9,142,133,2,0,253,60,0,0,2,0,0,0,0,7,0,16,17,0,0,19,0,0,6,0,0,1,0,0,0,0,5,0,0,0,0,353,2,0,581,0,0,0,0,0,0,0,10,76,0,2,88,468,783,0,0,1,0,0,0,0,0,0,0,0,0,0,0,0,1,281,31,129,79,0,0,0,1,3,23,5,0,0,17,0,0,0,1,1,14,0,75,1140,0,0,0,5,39,0,0,0,0,17,1,0,5,0,2,1,33,0,0,0,139,20,1,0,6,2,74,9,0,1,1,7,0,9,0,0,3,0,31,59,0,5,2,8,0,0,0,256,"3B",3,6,"B","6B",29,"July",14,182,0,"ACTACCTCTTCA","CCGGACTACHVGGGTWTCTAAT","Run2",2,171.346,-45.811,5,48.69,9,34.458,0.87,12.4,2.2,"FRONT","FRONT","FRONT","FRONT"
"31","4A.03.15",0,0,0,0,0,0,0,0,0,0,0,0,1,0,0,174,0,0,0,0,0,0,0,1,1,0,0,0,0,0,0,2,0,0,0,0,1,0,0,0,8,0,49,0,0,2,0,0,0,0,0,0,0,0,0,0,0,0,0,0,4,0,0,0,0,0,0,0,1,0,0,558,0,0,0,0,1673,0,5,6,1557,0,0,0,0,0,0,0,0,0,0,0,0,0,0,0,0,0,0,1,0,2,0,0,0,0,0,13,3,0,0,0,0,0,0,3,0,28,0,0,0,0,0,0,131,0,0,0,0,0,0,0,0,0,0,0,1,0,0,0,0,5,51,48,0,0,26,3,0,0,4,0,0,0,0,0,0,0,3,0,0,0,0,0,5,0,0,0,0,0,0,0,4,0,0,1,0,698,2,2,451,0,0,1,0,0,0,0,5,0,0,4,67,11,903,0,0,1,0,0,0,0,0,1,0,0,0,0,0,0,0,158,16,520,18,0,0,0,0,0,54,0,0,0,1,0,0,0,0,0,6,0,1,171,0,0,0,0,0,0,0,0,0,14,0,0,0,0,0,0,29,0,0,0,2,5,0,0,0,0,10,0,0,0,0,0,0,3,0,0,0,0,3,4,0,244,0,0,0,0,0,8,"4A",4,5,"A","5A",10,"March",15,406,0,"GTACTACCTCGG","CCGGACTACHVGGGTWTCTAAT","Run2",4,171.237,-45.807,5,40.26,12.3,34.489,0.84,8.6,0.52,"FRONT","FRONT","SAW","FRONT"
"32","4A.04.15",0,0,1,0,0,0,0,4,0,0,0,0,11,0,0,109,0,0,0,1,0,0,6,2,0,0,0,0,0,0,1,1,0,0,0,0,0,1,0,0,16,0,35,0,0,0,0,0,0,0,4,0,5,0,5,0,0,0,0,0,27,0,0,0,0,0,0,0,0,0,0,667,3,0,0,0,1041,0,28,8,835,0,0,0,0,0,0,4,0,0,0,0,0,0,0,0,0,0,0,0,0,4,1,0,0,0,1,4,29,0,0,0,0,3,0,11,0,49,0,0,0,0,0,0,140,0,0,8,0,0,0,0,0,11,0,0,6,7,0,0,0,3,154,63,0,0,81,5,0,0,23,0,0,2,0,0,0,0,11,0,0,41,0,0,1,0,0,0,0,3,0,0,80,0,0,0,0,1032,0,4,721,0,0,0,0,0,0,0,0,4,0,3,164,22,853,0,0,0,0,7,0,0,0,1,0,0,0,19,0,0,0,222,19,372,21,0,0,0,0,0,166,0,0,0,1,0,0,0,1,0,0,0,8,198,0,0,0,0,0,0,0,0,0,45,0,0,0,0,0,0,101,0,0,0,5,8,0,0,0,0,102,0,0,0,0,0,0,18,0,1,6,0,2,9,0,223,1,0,0,1,0,18,"4A",4,5,"A","5A",21,"April",15,448,0,"TCACCCAAGGTA","CCGGACTACHVGGGTWTCTAAT","Run2",5,171.241,-45.807,5,40.55,11.6,34.397,0.74,6.3,1.14,"FRONT","FRONT","FRONT","FRONT"
"33","4A.06.14",11,0,0,0,0,0,0,0,0,0,0,0,8,0,0,91,0,1,0,0,6,0,0,16,0,0,0,0,0,0,1,12,0,0,0,0,0,0,0,0,8,0,33,6,0,0,0,0,0,0,4,0,0,0,0,0,0,0,0,0,10,77,0,0,0,14,1,0,0,0,0,220,0,0,2,0,382,0,7,16,588,0,0,0,0,0,4,9,0,0,0,0,0,0,0,0,0,0,0,4,0,0,0,0,0,0,0,118,15,0,1,0,0,0,0,383,5,59,0,0,0,0,0,0,76,0,0,0,15,0,0,0,0,0,0,0,2,8,0,0,0,6,131,144,0,0,440,49,0,0,8,0,0,0,1,2,0,21,3,0,0,69,0,2,10,0,0,0,0,0,0,0,10,0,0,0,0,369,2,0,669,0,0,5,0,0,0,0,32,9,0,12,158,391,622,0,0,3,0,0,0,0,0,0,0,0,0,1,0,0,0,241,33,202,70,0,4,0,0,0,32,2,0,0,7,0,0,0,1,0,13,0,11,1167,0,0,0,0,10,0,0,0,0,162,4,0,10,0,0,0,57,0,0,0,31,23,13,0,7,0,108,16,0,0,0,2,0,12,0,0,3,0,22,26,0,40,1,10,2,0,0,145,"4A",4,5,"A","5A",3,"June",14,126,0,"CGGGATCAAATT","CCGGACTACHVGGGTWTCTAAT","Run2",1,171.248,-45.801,5,41.04,9.9,34.385,0.82,11.7,1.3,"SAW","SAW","SAW","FRONT"
"34","4A.07.14",27,0,0,0,0,0,0,0,0,0,0,0,0,0,0,15,0,0,0,0,20,0,0,0,1,0,0,0,0,0,0,0,0,0,0,0,0,0,0,0,10,0,37,0,0,0,16,0,0,0,33,0,0,0,0,0,0,0,0,0,5,40,0,0,0,9,0,0,27,0,0,90,0,0,0,0,98,0,0,17,251,0,24,0,0,0,0,0,0,0,0,0,0,0,0,0,0,0,0,20,0,0,0,0,0,0,0,285,0,0,0,0,0,0,0,500,274,115,0,0,0,0,0,0,172,0,0,0,8,0,0,8,1,2,0,8,26,48,0,0,0,0,129,256,0,0,165,35,0,0,9,0,0,0,0,0,0,2,0,0,0,2,0,0,0,0,0,0,0,0,0,0,0,0,0,0,0,336,0,0,824,0,0,0,0,0,0,0,0,57,0,0,109,483,635,0,0,0,0,0,0,0,0,21,0,0,0,0,0,0,0,99,16,205,161,0,0,0,24,6,0,7,0,0,2,0,0,0,0,0,35,0,61,1034,0,0,0,0,76,0,0,0,0,38,0,0,17,0,14,0,14,0,0,0,244,13,0,0,17,0,71,26,0,0,0,0,0,1,0,0,0,0,60,261,0,0,0,13,0,0,0,148,"4A",4,5,"A","5A",29,"July",14,182,0,"GATGATAACCCA","CCGGACTACHVGGGTWTCTAAT","Run2",2,171.264,-45.805,5,42.34,9.2,34.493,0.68,9.7,1.9,"FRONT","FRONT","FRONT","FRONT"
"35","4A.12.14",0,0,0,0,0,0,0,0,0,0,0,0,1,0,0,167,0,0,0,0,0,1,0,0,0,0,0,0,0,0,1,0,0,0,0,0,1,0,0,2,0,0,20,0,0,0,0,0,0,1,3,0,0,0,0,0,0,0,0,0,2,0,0,0,0,0,0,0,2,0,0,357,0,0,0,0,2146,0,6,0,363,0,0,0,0,1,0,0,0,0,0,0,0,0,0,1,1,0,0,0,0,1,0,0,0,0,0,17,0,0,0,0,1,0,0,0,0,72,0,1,0,2,0,0,163,0,0,0,0,0,0,0,0,0,0,0,0,0,0,0,0,0,4,8,0,0,1,0,0,0,12,0,0,0,0,0,0,0,2,0,1,26,0,0,12,1,2,0,0,0,0,0,286,0,0,0,0,1116,1,0,582,0,0,0,1,0,2,0,2,0,0,2,311,0,78,0,0,0,0,0,0,0,0,3,0,0,0,1,0,0,0,657,52,733,1,0,0,0,0,0,126,0,0,0,3,0,0,0,0,0,2,0,0,48,0,0,0,0,0,0,0,0,0,23,0,0,0,0,0,0,1,0,0,0,0,6,0,0,0,0,8,0,0,0,0,0,1,17,0,0,4,0,0,0,0,323,0,0,0,0,0,10,"4A",4,5,"A","5A",19,"December",14,325,0,"CTCCTTAAGGCG","CCGGACTACHVGGGTWTCTAAT","Run2",3,171.287,-45.803,5,44.11,11.4,34.651,0.77,8,0.2,"SAW","FRONT","FRONT","FRONT"
"36","4B.03.15",0,0,0,0,0,0,0,0,0,0,1,0,2,0,0,189,0,0,0,0,0,1,1,0,0,0,0,0,0,0,1,2,0,0,0,0,0,0,0,0,10,0,60,0,0,1,0,0,0,0,1,0,0,0,0,0,0,0,0,0,2,1,0,2,0,0,0,0,1,0,0,638,0,0,0,0,1694,0,6,3,1318,0,0,0,0,1,0,0,0,0,0,0,0,0,0,0,0,0,0,1,0,1,0,1,0,0,0,11,4,0,0,0,0,1,0,3,0,49,0,0,0,0,0,0,158,0,0,0,0,0,0,0,0,0,0,0,0,0,0,0,1,4,64,56,0,0,31,3,0,0,8,0,0,0,0,0,0,0,3,0,0,1,0,0,10,0,0,0,0,0,0,0,6,0,0,0,0,756,1,0,518,0,0,1,0,0,1,0,4,0,0,4,86,8,668,0,0,0,0,0,0,0,0,2,0,0,0,0,0,0,0,228,26,522,29,0,0,0,0,0,70,0,0,0,2,0,0,0,0,0,6,0,1,194,0,0,0,0,0,0,0,0,0,20,0,0,0,0,0,0,31,0,0,0,2,1,0,0,0,0,15,0,0,0,0,0,0,5,0,0,1,0,1,3,0,220,0,0,1,0,0,13,"4B",4,5,"B","5B",10,"March",15,406,0,"TTCCTGTTAACC","CCGGACTACHVGGGTWTCTAAT","Run2",4,171.237,-45.807,5,40.26,12.3,34.489,0.84,8.6,0.52,"FRONT","FRONT","SAW","FRONT"
"37","4B.06.14",8,0,0,0,0,0,0,0,0,0,0,0,5,0,0,80,0,1,0,0,11,0,0,9,0,0,0,0,0,0,1,3,0,0,0,0,0,5,0,0,13,0,50,0,1,0,0,0,0,0,7,0,0,0,0,0,0,1,0,0,51,10,0,0,0,7,0,0,0,2,0,357,0,0,0,0,527,0,3,16,778,0,0,0,0,0,0,2,0,0,0,0,0,0,0,0,0,0,0,1,0,0,0,0,1,0,0,54,29,0,2,0,1,0,0,218,11,71,0,0,0,0,0,0,80,0,0,0,5,0,0,0,1,0,0,0,5,2,0,0,2,10,103,103,0,0,1069,44,0,0,3,0,0,0,0,1,0,7,16,0,3,43,0,1,14,0,0,0,0,0,0,0,5,0,0,0,0,615,0,0,578,0,0,0,0,0,0,0,10,18,0,5,157,205,442,0,0,8,0,0,0,0,0,0,0,0,0,0,0,0,0,238,47,313,65,0,0,0,0,2,54,1,0,0,4,0,0,0,3,0,7,0,19,611,0,0,0,1,3,0,0,0,0,63,0,0,4,0,0,1,50,0,0,0,47,12,0,0,0,0,75,4,0,2,1,0,0,15,0,0,2,0,30,32,0,77,4,1,0,0,0,50,"4B",4,5,"B","5B",3,"June",14,126,0,"AGTCATCGAATG","CCGGACTACHVGGGTWTCTAAT","Run2",1,171.248,-45.801,5,41.04,9.9,34.385,0.82,11.7,1.3,"SAW","SAW","SAW","FRONT"
"39","4B.12.14",0,0,0,0,3,0,0,0,0,0,0,0,0,0,0,284,0,0,0,0,0,0,0,0,0,0,1,0,1,0,4,4,0,0,0,0,0,1,0,0,1,0,16,0,0,0,0,0,0,2,2,0,0,0,2,0,0,0,0,1,2,0,1,0,0,0,1,0,3,0,0,332,0,0,0,0,1697,0,10,1,372,0,0,0,0,0,0,0,0,0,0,0,0,0,0,2,0,0,0,2,0,1,0,0,0,0,0,17,2,0,0,0,0,0,0,0,0,79,0,0,0,0,0,0,229,0,0,0,0,0,0,0,0,0,0,0,0,0,0,0,0,0,6,3,0,0,1,0,0,0,17,0,0,0,0,0,0,1,2,0,0,39,0,0,9,0,1,0,0,0,0,0,335,0,1,0,0,1037,1,1,572,0,0,0,1,0,2,0,2,0,0,0,316,1,199,0,0,0,0,0,0,0,0,3,0,0,0,0,0,0,0,520,40,1112,0,0,0,0,0,0,84,0,0,0,0,0,0,0,0,0,1,0,0,67,0,0,0,0,0,0,0,0,0,46,0,0,0,0,0,0,4,0,0,0,0,4,0,0,0,0,7,0,0,0,0,0,0,11,0,0,2,0,0,0,0,281,0,0,0,0,2,22,"4B",4,5,"B","5B",19,"December",14,325,0,"TTGCCTGGGTCA","CCGGACTACHVGGGTWTCTAAT","Run2",3,171.287,-45.803,5,44.11,11.4,34.651,0.77,8,0.2,"SAW","FRONT","FRONT","FRONT"
"40","5A.03.15",0,0,0,0,0,0,0,0,0,0,0,0,1,0,0,222,0,0,0,0,1,0,0,2,1,0,2,0,0,0,0,1,0,0,0,0,0,0,0,0,18,0,162,0,0,0,0,0,0,0,0,0,0,0,0,0,0,0,0,0,5,0,0,0,0,0,0,0,1,0,0,386,0,0,0,0,1153,0,24,11,1570,0,0,0,0,0,0,0,0,0,0,0,0,0,0,0,0,0,0,1,0,2,0,0,0,0,0,17,2,0,0,0,0,0,0,3,0,28,0,0,0,0,0,0,122,0,0,0,0,0,0,0,0,0,0,0,2,0,0,0,0,10,140,56,0,0,366,2,0,0,2,0,0,0,0,0,0,0,18,0,0,6,0,0,10,0,0,0,0,0,0,0,3,0,0,0,0,739,3,0,564,0,0,0,0,0,0,0,3,1,0,2,112,54,476,0,0,0,0,0,0,0,0,1,0,0,0,0,0,0,0,283,15,656,22,0,0,0,0,0,61,0,0,0,0,0,0,0,0,0,3,0,0,165,0,0,0,0,0,0,0,0,0,5,0,0,1,0,0,0,15,0,0,0,6,3,0,0,0,0,8,0,0,0,0,0,0,4,0,0,2,0,2,19,0,162,0,0,0,0,0,12,"5A",5,4,"A","4A",10,"March",15,406,0,"CTATCCAAGTGG","CCGGACTACHVGGGTWTCTAAT","Run2",4,171.141,-45.804,5,32.86,12.7,34.569,0.67,5.1,0.86,"FRONT","FRONT","FRONT","FRONT"
"41","5A.04.15",0,0,0,0,0,0,0,0,0,0,0,0,4,0,0,386,14,0,0,0,10,0,0,4,0,0,3,0,0,0,0,1,0,0,0,0,0,0,0,0,56,0,86,0,2,0,1,0,0,0,2,0,0,0,0,0,0,0,0,0,21,7,0,2,0,0,12,0,1,0,0,244,0,0,0,0,1690,0,4,5,1169,7,0,0,0,1,0,13,0,0,0,2,0,0,0,0,0,0,2,2,1,20,0,0,0,0,0,13,12,0,0,0,0,0,4,9,1,40,0,0,0,0,0,0,182,0,1,0,2,12,0,0,0,0,0,0,3,2,0,0,0,7,23,65,0,0,229,4,0,0,3,0,0,0,0,0,0,0,15,0,5,26,0,0,19,0,0,2,0,0,0,0,6,0,0,0,0,665,0,0,515,0,0,15,3,0,3,0,0,16,0,0,33,97,406,0,4,0,1,0,0,0,0,18,0,0,3,1,0,0,0,208,17,338,86,0,0,0,0,1,54,0,0,0,1,0,0,0,4,0,5,0,3,353,0,0,0,0,0,0,0,0,0,10,0,0,2,0,0,0,75,0,0,0,23,7,0,0,0,0,23,0,0,0,0,0,1,2,0,2,0,0,41,191,0,162,0,3,0,0,0,3,"5A",5,4,"A","4A",21,"April",15,448,0,"AGCCAGTCATAC","CCGGACTACHVGGGTWTCTAAT","Run2",5,171.128,-45.801,5,31.82,12.1,34.695,0.61,4.45,1.3,"STW","STW","STW","FRONT"
"42","5A.06.14",7,1,0,0,0,0,0,1,0,0,0,0,5,0,0,84,0,0,0,1,8,0,1,17,0,0,0,0,0,0,1,2,0,0,0,0,0,0,0,0,12,0,67,0,0,0,0,0,0,0,3,0,0,0,0,0,0,0,0,0,14,62,1,0,0,33,1,0,1,0,0,179,0,0,0,0,344,0,4,16,475,0,1,0,0,0,0,4,0,0,0,0,0,0,0,0,0,0,0,2,0,0,0,0,0,1,0,132,15,0,0,0,0,0,0,623,16,44,0,0,0,0,0,0,75,0,0,0,14,0,0,0,0,0,0,0,5,3,1,0,1,8,167,107,0,0,369,49,0,0,2,0,0,0,0,2,0,18,11,0,2,21,0,1,5,0,0,0,0,2,0,0,6,0,0,3,0,427,0,0,597,0,1,3,0,0,0,0,6,30,0,7,135,372,657,0,0,3,2,0,0,0,1,1,0,0,0,0,0,0,1,192,20,229,68,0,0,0,0,2,33,1,0,0,8,0,0,0,0,0,10,1,20,1298,0,0,0,2,11,0,1,0,0,72,0,0,6,0,0,4,29,0,0,0,47,19,0,0,0,1,114,6,0,3,1,2,0,10,0,1,2,0,20,62,0,19,3,4,0,0,0,140,"5A",5,4,"A","4A",3,"June",14,126,0,"ATCTTGGAGTCG","CCGGACTACHVGGGTWTCTAAT","Run2",1,171.15,-45.794,5,33.44,9.8,34.354,0.79,11.3,1.3,"SAW","SAW","SAW","FRONT"
"43","5A.07.14",40,0,0,0,0,0,0,0,0,0,0,0,0,0,0,27,0,0,0,0,2,0,0,9,66,0,0,0,0,0,0,16,0,6,0,0,0,18,0,0,0,0,64,0,0,0,0,0,0,1,23,0,0,0,0,0,0,0,0,0,12,24,0,0,0,6,1,0,0,0,0,79,14,0,0,0,206,0,25,28,292,0,0,0,0,0,0,0,0,1,3,0,0,0,0,0,0,0,0,0,0,0,0,0,62,0,0,204,0,0,0,0,0,0,0,483,26,55,0,0,0,0,0,0,47,0,6,0,24,0,0,0,0,0,0,26,0,28,13,0,0,2,180,117,0,0,389,0,0,0,0,0,0,0,1,0,0,2,33,1,0,23,0,0,0,0,0,0,0,0,0,0,0,28,0,0,0,278,0,0,498,0,0,0,0,0,0,0,0,151,0,0,66,514,546,0,0,3,0,0,1,0,0,11,0,0,0,18,0,0,1,229,38,83,156,0,0,0,0,0,43,0,0,0,33,1,0,0,2,0,16,0,109,1304,0,0,0,0,10,0,0,0,0,51,0,0,67,0,10,0,40,0,0,0,308,7,0,0,1,7,15,8,0,0,0,0,0,34,16,0,0,0,61,185,0,8,4,40,0,0,1,189,"5A",5,4,"A","4A",29,"July",14,182,0,"TTGTATGACAGG","CCGGACTACHVGGGTWTCTAAT","Run2",2,171.148,-45.8,5,33.31,10,34.665,0.79,10.7,2.3,"STW","STW","FRONT","FRONT"
"44","5A.12.14",0,0,0,0,0,0,0,0,0,0,0,0,0,0,0,271,0,0,0,0,0,0,3,0,1,0,0,0,1,0,4,0,0,0,0,0,17,1,0,0,5,0,12,0,0,0,0,0,0,0,2,0,0,0,0,0,0,0,0,0,3,0,0,0,0,0,0,0,2,0,0,302,0,0,0,0,1093,0,9,5,897,0,0,0,0,0,0,0,0,0,0,0,0,0,0,0,5,0,0,0,0,0,0,0,0,0,0,73,0,0,0,0,0,0,0,0,0,85,0,0,0,0,0,0,300,0,0,0,0,0,0,0,0,0,0,0,0,0,0,0,0,3,24,13,0,0,1,0,0,0,24,0,0,0,0,0,0,0,0,0,0,16,0,0,14,0,0,0,0,0,0,0,145,0,0,0,0,1229,1,0,359,0,0,0,4,0,0,0,3,7,0,0,160,0,476,0,0,0,0,0,0,0,0,1,0,0,0,0,0,0,1,543,63,1055,0,0,0,0,0,0,127,0,0,0,0,0,0,0,0,0,2,0,0,157,0,0,0,0,0,0,0,0,0,45,0,0,0,0,0,0,6,0,0,0,0,9,0,0,0,0,13,0,0,0,0,0,0,12,0,0,2,0,0,0,0,134,0,0,0,0,0,99,"5A",5,4,"A","4A",19,"December",14,325,0,"CAATTCTGCTTC","CCGGACTACHVGGGTWTCTAAT","Run2",3,171.195,-45.798,5,36.98,10.8,34.505,0.44,2.2,0.1,"SAW","FRONT","FRONT","FRONT"
"45","5B.03.15",0,0,0,0,0,0,0,0,0,0,0,0,1,0,0,305,0,0,0,0,1,0,1,0,0,0,3,0,0,0,1,1,0,0,0,1,0,0,0,0,17,0,103,0,0,0,0,0,0,0,2,0,0,0,0,0,0,0,0,0,11,0,0,0,0,0,0,0,0,0,0,516,0,0,0,0,1834,0,17,2,1385,0,0,0,0,0,0,0,0,0,0,0,0,0,0,0,0,0,0,0,0,3,0,0,0,0,0,15,1,0,0,0,0,0,0,3,0,35,0,0,0,0,0,0,147,0,0,0,0,1,0,0,0,0,0,0,7,3,0,0,0,5,115,45,0,1,163,3,0,0,8,0,0,0,0,0,0,0,13,0,0,9,0,0,11,0,0,0,0,0,0,0,4,0,0,0,0,563,1,2,378,0,0,0,0,0,0,1,1,6,0,2,53,34,494,0,0,0,0,0,0,0,0,1,0,0,0,0,0,0,0,233,22,676,18,0,0,0,0,0,69,1,0,0,1,0,0,0,0,0,2,0,1,122,0,0,0,0,0,0,0,0,0,9,0,0,2,0,0,0,24,0,0,0,3,6,0,0,0,0,5,0,0,2,0,0,0,4,0,0,1,0,5,15,0,225,0,0,0,0,0,4,"5B",5,4,"B","4B",10,"March",15,406,0,"CAGTCTAGTACG","CCGGACTACHVGGGTWTCTAAT","Run2",4,171.141,-45.804,5,32.86,12.7,34.569,0.67,5.1,0.86,"FRONT","FRONT","FRONT","FRONT"
"46","5B.04.15",1,1,0,0,0,0,0,0,0,0,0,0,3,0,0,435,20,0,0,0,22,1,2,6,0,0,1,0,2,0,1,1,0,0,0,0,0,0,0,0,55,0,55,0,0,0,0,0,0,0,9,0,0,0,0,0,0,0,0,0,13,4,0,0,0,0,4,0,2,0,0,243,0,0,0,0,1656,1,4,7,1118,1,0,0,0,0,0,7,0,0,0,0,0,0,0,0,0,0,1,2,0,26,0,0,0,0,0,18,7,0,2,0,0,0,0,13,0,55,0,0,0,0,0,0,238,0,0,0,0,0,0,0,0,0,0,0,2,2,0,0,0,7,40,54,0,0,267,13,0,0,2,0,0,0,0,0,0,0,11,0,0,10,0,0,11,0,0,0,0,0,0,3,6,1,0,0,1,611,1,0,410,0,0,11,0,0,1,0,3,16,0,0,37,98,376,0,0,1,1,3,0,0,0,5,0,0,0,1,0,0,0,196,20,361,78,0,0,0,0,0,72,1,0,0,0,0,0,0,2,0,6,0,1,369,0,0,1,0,0,0,0,0,0,11,0,0,0,0,0,0,126,0,0,0,33,7,0,0,0,0,30,1,0,0,0,1,0,4,0,0,0,1,38,242,0,143,1,3,0,0,0,2,"5B",5,4,"B","4B",21,"April",15,448,0,"TAACGGCGCTCT","CCGGACTACHVGGGTWTCTAAT","Run2",5,171.128,-45.801,5,31.82,12.1,34.695,0.61,4.45,1.3,"STW","STW","STW","FRONT"
"47","5B.06.14",16,2,0,0,0,6,1,0,1,0,0,0,11,0,0,93,0,0,0,0,21,0,0,2,11,0,0,0,0,0,2,24,0,0,0,0,0,47,0,0,8,0,34,0,0,0,0,0,0,0,11,0,0,0,0,0,0,0,0,0,27,18,0,0,0,9,1,0,0,2,0,343,2,0,0,0,646,0,2,11,784,0,0,0,0,1,0,6,0,0,0,0,0,0,0,0,0,0,0,0,0,0,0,0,7,1,0,55,18,0,0,0,0,0,4,193,10,86,0,0,0,0,0,0,73,0,0,0,6,9,0,0,0,0,0,0,8,8,0,0,0,2,92,83,1,0,779,25,0,0,5,0,2,0,0,1,0,10,20,0,0,36,1,0,11,0,0,2,0,1,0,0,7,0,0,2,0,696,0,0,533,0,0,0,0,0,0,0,11,14,0,1,181,266,411,0,2,6,0,0,0,0,1,0,0,0,0,0,0,2,0,270,63,271,102,0,0,0,0,7,49,2,0,0,0,0,0,0,3,0,4,0,27,619,0,0,1,0,5,0,0,0,0,127,0,0,4,0,0,4,31,0,0,0,96,13,3,0,3,0,57,2,0,1,0,0,0,16,0,0,4,0,38,84,0,73,5,2,0,1,0,52,"5B",5,4,"B","4B",3,"June",14,126,0,"AGCACCGGTCTT","CCGGACTACHVGGGTWTCTAAT","Run2",1,171.15,-45.794,5,33.44,9.8,34.354,0.79,11.3,1.3,"SAW","SAW","SAW","FRONT"
"48","5B.07.14",11,1,0,0,0,0,0,0,0,0,0,0,1,0,0,28,4,0,0,5,19,0,1,11,0,0,0,4,0,0,0,1,0,6,0,0,1,0,12,0,7,0,42,0,0,0,4,0,0,0,28,0,0,0,0,1,0,0,0,0,7,28,0,0,5,16,2,0,1,0,0,89,0,0,0,0,131,2,1,31,275,0,6,0,0,0,0,5,0,0,0,0,0,0,1,0,0,0,0,1,0,0,0,0,0,0,0,214,10,0,3,0,0,0,7,550,225,52,0,0,0,0,0,0,79,1,0,0,16,0,0,0,2,0,0,20,4,24,5,0,0,2,158,113,1,0,146,44,0,0,3,0,0,0,0,10,0,4,23,0,3,18,0,3,1,0,0,1,2,0,0,1,3,26,0,0,0,169,0,0,660,0,0,2,2,0,0,0,15,106,1,1,58,544,527,0,0,0,0,0,0,0,0,0,0,0,0,2,3,0,2,241,30,123,131,0,0,0,0,1,9,9,0,0,15,0,0,2,1,0,19,2,54,1368,0,0,0,11,47,0,0,0,0,62,1,0,40,0,9,2,31,1,0,0,298,17,0,0,20,3,44,18,0,3,0,1,0,7,0,1,0,5,49,190,0,2,3,29,0,1,0,171,"5B",5,4,"B","4B",29,"July",14,182,0,"GGTAAGTTTGAC","CCGGACTACHVGGGTWTCTAAT","Run2",2,171.148,-45.8,5,33.31,10,34.665,0.79,10.7,2.3,"STW","STW","FRONT","FRONT"
"49","5B.12.14",0,0,0,0,0,0,0,0,0,0,0,0,1,0,0,286,0,0,0,0,0,0,1,0,0,0,0,0,0,0,0,0,0,0,0,0,7,1,0,0,5,0,50,0,0,0,0,0,0,0,2,0,0,0,0,0,0,0,0,0,2,0,0,1,0,0,0,0,6,0,0,246,0,0,0,0,1303,0,7,4,987,0,0,0,0,0,0,0,0,0,0,0,0,0,0,0,0,0,0,2,0,2,0,0,0,1,0,25,0,0,0,0,0,0,1,0,0,47,0,0,0,0,0,0,206,0,0,0,0,1,0,0,0,0,0,0,2,0,0,0,0,3,19,13,0,1,2,2,0,0,13,0,0,0,0,0,0,0,0,0,0,21,0,0,5,0,2,0,0,0,0,0,231,0,0,0,0,1559,2,0,465,0,0,0,1,0,0,0,1,0,0,1,185,0,307,0,0,0,0,0,0,0,0,4,0,0,0,0,0,0,0,396,31,709,3,0,0,0,0,0,79,0,0,0,1,1,0,0,1,0,3,0,0,149,0,0,0,0,0,0,0,0,0,12,0,0,0,0,0,0,7,0,0,0,0,4,0,0,0,0,7,0,0,0,0,0,1,7,0,0,2,0,3,1,0,283,0,0,0,0,0,34,"5B",5,4,"B","4B",19,"December",14,325,0,"ACTGGCAAACCT","CCGGACTACHVGGGTWTCTAAT","Run2",3,171.195,-45.798,5,36.98,10.8,34.505,0.44,2.2,0.1,"SAW","FRONT","FRONT","FRONT"
"50","6A.03.15",0,0,0,0,0,0,0,0,0,0,0,0,0,0,0,366,0,0,0,0,2,1,0,1,0,0,4,0,0,0,0,3,0,1,0,0,3,2,0,0,15,0,72,0,0,0,0,0,0,0,1,0,0,0,0,0,0,0,0,0,3,5,0,0,0,0,0,0,5,0,0,470,0,0,0,0,1862,0,9,2,699,0,0,0,0,0,0,2,1,0,0,0,0,0,0,0,0,0,0,2,0,2,0,0,1,0,0,16,4,0,0,0,0,0,0,10,0,40,0,0,0,0,0,0,96,0,0,0,2,1,0,0,0,0,0,0,7,2,0,0,0,3,48,35,0,0,181,0,0,0,4,0,0,0,0,0,0,0,22,0,0,3,0,0,10,0,0,0,0,0,0,0,6,0,0,0,0,1139,3,3,574,0,0,1,0,0,1,2,1,4,0,1,105,22,175,0,0,0,0,0,0,0,0,5,0,0,0,0,0,0,0,337,29,716,25,0,0,0,0,0,51,1,0,0,2,0,0,0,0,0,2,0,0,128,0,0,0,0,0,0,0,0,0,6,0,0,0,0,0,0,21,0,0,0,7,5,1,0,0,0,9,0,0,1,0,0,0,1,0,0,0,0,7,33,0,318,1,2,0,0,0,14,"6A",6,3,"A","3A",10,"March",15,406,0,"GTGTCCGGATTC","CCGGACTACHVGGGTWTCTAAT","Run2",4,171.027,-45.796,5,23.94,13.8,34.761,0.47,2.7,0.5,"STW","STW","STW","FRONT"
"51","6A.04.15",0,0,0,0,0,0,0,0,0,0,0,0,0,0,0,324,0,0,0,0,18,2,2,0,0,0,0,0,0,0,0,3,0,0,0,0,0,0,0,0,13,0,41,0,0,4,0,0,0,1,2,0,0,0,0,0,2,0,0,0,33,0,0,0,0,0,6,0,12,0,0,268,23,0,0,0,901,0,2,0,731,0,0,0,0,0,0,4,0,0,0,0,0,0,0,0,0,0,0,4,0,9,0,0,0,0,0,42,24,0,9,0,0,0,1,19,0,44,0,0,1,0,0,0,229,2,0,0,0,0,0,0,0,0,0,0,35,6,0,0,5,3,63,83,0,0,178,19,0,0,0,0,0,0,0,0,0,0,24,0,0,61,0,0,8,0,0,2,0,0,0,0,6,0,0,0,0,754,8,0,657,0,0,0,6,0,0,0,11,49,0,0,82,39,1021,0,0,5,6,1,0,0,0,0,0,0,0,31,0,2,0,229,23,327,86,0,0,0,0,0,115,2,0,0,0,0,0,0,6,0,0,0,0,370,0,0,0,0,0,0,0,0,0,3,0,0,5,0,0,0,200,0,0,0,43,5,0,0,0,0,60,0,0,0,0,0,0,6,0,0,0,0,102,162,0,116,0,2,0,1,0,43,"6A",6,3,"A","3A",21,"April",15,448,0,"GTTTGCTCGAGA","CCGGACTACHVGGGTWTCTAAT","Run2",5,171.036,-45.796,5,24.65,12.4,34.695,0.67,4.7,1.35,"STW","STW","STW","FRONT"
"52","6A.06.14",6,1,0,0,0,0,0,0,0,0,0,0,4,0,0,80,0,0,0,0,12,0,1,10,0,0,0,0,0,0,1,0,0,2,0,0,1,2,0,0,12,0,66,0,1,0,2,0,0,2,12,0,0,0,0,0,0,0,0,0,20,39,0,0,1,17,1,0,2,2,0,214,5,0,0,0,237,0,5,30,570,0,4,0,0,0,1,9,0,0,0,0,0,0,0,0,0,0,0,2,0,2,0,0,0,0,0,118,12,0,1,0,0,0,0,615,32,59,0,0,0,0,0,0,81,0,0,0,10,0,0,0,1,0,0,2,2,7,0,0,0,7,163,133,0,0,499,36,0,1,1,0,0,0,0,1,0,18,15,0,3,22,0,2,6,0,5,0,0,0,0,0,6,3,0,0,0,444,0,0,524,0,0,2,0,0,0,0,12,30,1,5,126,328,558,0,0,3,0,0,0,0,0,1,0,0,0,6,0,0,1,227,28,276,75,0,0,0,0,2,32,1,0,0,5,2,0,0,1,0,12,0,48,998,0,0,0,1,14,0,1,0,0,46,0,0,5,0,2,2,36,0,0,0,132,20,0,0,1,0,77,8,0,0,2,2,0,6,0,0,2,1,26,156,0,32,3,5,0,0,0,119,"6A",6,3,"A","3A",3,"June",14,126,0,"GCAAATCAGCCT","CCGGACTACHVGGGTWTCTAAT","Run2",1,171.046,-45.788,5,25.32,12.2,34.769,0.54,5.4,1.6,"STW","STW","STW","FRONT"
"53","6A.07.14",6,1,0,0,0,0,0,0,0,0,0,0,2,0,0,61,0,0,0,3,11,0,0,2,0,0,0,0,1,2,0,0,0,5,0,0,14,0,0,0,16,0,46,0,1,0,4,0,0,0,26,0,0,0,0,0,0,0,0,0,25,43,0,0,3,5,2,0,3,0,0,91,0,0,0,0,274,1,0,26,310,0,4,0,0,0,0,1,0,2,0,0,0,0,0,0,0,0,0,3,0,0,0,0,0,0,0,171,15,0,0,0,0,0,6,548,215,82,0,0,0,0,1,0,86,0,0,0,16,1,0,0,0,0,0,16,2,23,4,0,0,4,131,114,0,0,475,23,0,0,3,0,1,0,0,2,0,3,13,0,8,11,1,1,2,0,0,1,0,0,0,4,1,17,0,0,0,307,0,0,459,0,2,0,0,1,1,0,9,111,0,3,77,426,485,0,0,2,0,0,0,0,0,1,0,1,0,0,2,0,0,189,25,96,111,0,0,0,1,5,24,7,0,0,11,3,0,0,1,0,17,0,71,1057,1,0,0,4,48,0,1,0,0,68,0,0,33,0,2,4,28,2,0,0,398,14,0,1,6,0,30,10,0,1,0,1,0,2,0,1,0,7,74,259,0,11,2,34,0,0,0,152,"6A",6,3,"A","3A",29,"July",14,182,0,"CTACCACGGTAC","CCGGACTACHVGGGTWTCTAAT","Run2",2,171.042,-45.797,5,25.15,10.2,34.498,0.58,5.8,2.5,"STW","STW","STW","FRONT"
"55","6B.03.15",0,0,0,0,0,0,0,0,0,0,0,0,0,0,0,255,0,0,0,0,2,0,0,0,0,0,3,0,0,0,1,2,0,0,0,0,0,1,0,0,22,0,208,0,0,1,0,0,0,0,1,0,0,0,0,0,0,0,0,0,7,0,0,0,0,0,0,0,1,0,0,426,0,0,0,0,1208,0,20,4,1672,0,0,0,0,0,0,0,1,0,0,0,0,0,0,0,0,0,0,1,0,5,0,0,0,0,0,17,7,0,0,0,0,0,0,19,0,37,0,0,0,0,0,0,158,1,0,0,0,0,0,0,0,0,0,0,7,1,0,0,1,9,83,34,0,0,182,3,0,0,6,0,0,0,0,0,0,0,17,0,0,6,0,0,6,0,0,0,0,0,1,0,6,0,0,0,0,502,0,0,418,0,0,2,0,0,0,0,2,8,0,1,46,62,719,0,0,0,0,0,0,0,0,1,0,0,0,0,0,0,0,333,13,596,16,0,0,0,0,0,61,1,0,0,1,0,0,0,0,0,5,0,1,183,0,0,0,0,0,0,0,0,0,4,0,0,2,0,0,0,25,0,0,0,8,10,0,0,0,0,13,0,0,0,0,0,0,2,0,0,3,0,4,46,0,212,0,1,1,0,0,10,"6B",6,3,"B","3B",10,"March",15,406,0,"TGTGGTGATGTA","CCGGACTACHVGGGTWTCTAAT","Run2",4,171.027,-45.796,5,23.94,13.8,34.761,0.47,2.7,0.5,"STW","STW","STW","FRONT"
"58","6B.07.14",11,1,0,0,0,0,0,0,0,0,0,0,2,0,0,51,1,0,0,2,16,0,3,7,1,0,0,0,0,0,0,1,1,3,0,0,8,0,1,0,9,0,45,0,0,0,5,0,1,0,18,0,0,0,0,1,0,0,0,0,5,37,0,0,2,9,5,0,5,0,0,89,0,0,0,0,173,0,0,25,272,0,3,0,0,0,0,1,0,1,0,0,0,0,0,0,0,0,0,4,0,0,0,0,0,0,0,252,18,0,2,0,0,0,1,683,202,44,0,0,0,0,1,0,105,0,0,0,11,2,0,0,0,0,0,16,6,21,7,0,0,2,109,160,1,0,282,28,0,0,0,0,2,0,0,9,0,7,13,0,4,15,0,0,1,0,0,0,1,0,1,1,0,28,0,0,0,257,2,0,518,0,0,1,0,0,0,2,6,96,1,3,71,516,561,0,0,0,0,0,0,0,0,0,0,1,0,0,3,0,3,148,18,143,96,0,0,0,1,1,14,4,0,0,16,0,0,0,1,0,12,0,60,1129,0,0,0,5,37,0,0,0,0,94,2,0,35,0,5,7,30,0,0,0,300,12,0,1,12,0,34,6,0,2,0,0,0,4,0,0,2,3,51,270,0,5,3,58,0,0,1,190,"6B",6,3,"B","3B",29,"July",14,182,0,"CGGTCTGTCTGA","CCGGACTACHVGGGTWTCTAAT","Run2",2,171.042,-45.797,5,25.15,10.2,34.498,0.58,5.8,2.5,"STW","STW","STW","FRONT"
"59","6B.12.14",0,0,0,0,0,0,0,0,0,0,0,0,0,0,0,480,0,0,0,0,0,1,0,0,2,0,0,0,0,0,2,0,0,0,0,0,10,0,0,0,0,1,41,0,0,0,0,0,0,0,0,0,0,0,1,0,0,0,0,0,0,0,0,0,0,1,0,0,3,0,0,19,0,0,0,0,27,0,0,1,1875,0,0,0,0,0,0,0,0,0,0,0,0,0,0,0,1,0,0,0,0,21,0,0,0,1,0,46,1,0,0,1,0,0,0,1,0,17,0,2,0,0,0,0,46,0,0,0,3,1,0,0,0,0,0,0,0,0,0,0,0,4,6,13,0,1,0,2,0,1,1,0,0,0,0,0,0,0,0,0,1,1,0,0,0,0,3,0,0,1,0,2,3,0,0,0,0,4844,0,0,45,0,0,0,0,0,4,0,4,0,0,4,48,0,20,0,0,0,0,0,0,0,0,1,0,0,0,1,0,0,0,39,12,37,0,0,0,0,0,0,5,0,0,0,0,0,0,0,0,0,2,0,0,33,0,0,0,0,0,0,0,0,0,1,0,0,2,0,0,0,9,0,0,0,0,8,0,0,0,0,2,0,0,0,0,0,0,1,0,0,0,0,0,0,0,42,0,8,0,0,0,28,"6B",6,3,"B","3B",19,"December",14,325,0,"CAATGTAGACAC","CCGGACTACHVGGGTWTCTAAT","Run2",3,171.094,-45.795,5,29.15,11.8,34.724,0.23,0.4,0,"FRONT","FRONT","STW","FRONT"
"60","7A.03.15",0,0,0,0,0,0,0,0,0,0,0,0,1,0,0,546,1,0,0,0,1,1,1,1,0,0,1,0,0,0,1,15,0,0,0,0,0,1,0,0,4,0,438,0,0,0,0,0,2,0,0,0,0,0,0,0,0,0,0,0,0,3,0,0,0,1,0,0,0,0,0,55,0,0,0,0,1527,0,1,0,1098,0,0,0,0,0,0,5,0,0,0,0,0,0,0,0,0,0,0,5,0,40,0,0,0,0,0,13,4,0,0,0,3,0,0,4,0,41,0,0,0,0,0,0,87,2,0,0,1,0,0,0,0,0,0,0,1,0,0,0,25,18,100,32,0,0,177,2,0,0,2,0,0,0,0,0,0,2,13,0,0,5,0,0,0,0,0,0,0,0,0,2,8,0,0,0,0,1119,8,1,530,0,0,2,0,0,0,0,0,2,0,19,198,79,331,0,0,1,0,0,0,0,0,1,0,0,0,0,0,0,0,363,21,309,38,0,0,0,0,0,10,0,0,0,0,0,0,0,0,0,4,0,0,170,0,0,0,0,0,0,0,0,0,1,0,0,0,0,0,0,15,0,0,0,1,4,0,0,0,0,8,0,0,0,0,0,0,2,0,0,1,0,0,4,0,154,0,0,0,0,0,2,"7A",7,2,"A","2A",10,"March",15,406,0,"CTTTCGTTCAAC","CCGGACTACHVGGGTWTCTAAT","Run2",4,170.927,-45.782,5,16.1,15,34.436,0.36,0.1,1.32,"NW","NW","NW","STW"
"61","7A.04.15",1,0,0,0,0,0,0,0,0,0,0,0,0,0,0,668,0,0,0,0,19,2,0,6,0,0,0,0,0,0,0,0,0,0,0,0,0,2,0,0,47,0,102,2,2,0,0,0,0,1,1,0,0,0,4,0,0,0,0,0,5,2,0,2,0,0,2,0,1,0,0,124,0,0,0,0,1641,0,0,9,1422,1,3,0,0,1,0,16,0,0,0,0,0,0,0,0,0,0,0,6,5,39,0,0,0,0,1,36,27,0,3,0,0,0,1,7,0,14,0,0,2,2,0,0,182,7,0,0,4,1,0,0,0,0,0,0,1,0,0,0,6,3,56,105,0,0,365,19,0,0,3,0,0,0,0,0,1,0,9,0,2,16,0,0,2,0,0,0,0,2,0,6,1,0,0,0,1,873,4,0,328,0,3,1,2,0,0,2,3,12,0,6,37,115,425,0,0,1,0,2,0,0,1,3,0,2,0,0,0,0,0,75,13,128,84,0,0,0,0,0,35,1,0,0,1,1,0,0,3,0,4,0,1,323,0,0,0,0,0,0,0,0,0,11,0,0,3,0,1,0,82,0,0,0,15,9,0,0,3,0,34,1,0,0,0,0,0,0,0,0,0,0,29,91,0,140,0,4,0,0,0,5,"7A",7,2,"A","2A",21,"April",15,448,0,"GAACAAAGAGCG","CCGGACTACHVGGGTWTCTAAT","Run2",5,170.93,-45.786,5,16.41,12.8,34.613,0.58,4,1.64,"STW","STW","STW","STW"
"62","7A.06.14",6,0,0,0,0,0,0,0,0,0,0,0,4,0,0,129,0,0,0,1,31,0,0,0,0,0,0,0,0,0,1,0,0,1,1,0,1,1,1,0,6,0,19,0,1,0,4,0,0,0,7,0,0,1,0,0,0,0,0,0,10,47,0,2,0,8,1,0,0,0,0,58,0,0,0,0,512,2,0,25,461,0,1,0,0,0,0,0,0,0,0,0,0,0,0,0,1,0,0,7,0,3,0,0,0,0,0,131,25,0,0,0,0,0,0,427,97,77,0,0,2,0,0,0,102,0,0,0,12,0,0,0,0,0,0,2,2,10,0,0,2,0,43,150,0,0,723,27,0,0,2,0,0,0,0,1,0,1,2,0,4,4,0,0,1,0,0,0,0,0,0,2,1,9,0,0,0,443,0,0,599,0,0,1,0,0,0,0,10,91,0,0,109,245,329,0,0,2,1,0,0,0,0,1,0,0,0,0,0,0,0,247,39,214,126,0,0,0,0,0,14,7,0,0,3,0,0,0,3,0,23,0,11,748,0,0,0,1,12,0,1,0,0,59,0,0,16,0,1,4,62,0,0,0,154,8,0,0,14,0,22,6,0,0,0,0,0,6,0,0,1,0,64,744,0,7,5,14,0,0,0,21,"7A",7,2,"A","2A",3,"June",14,126,0,"AGCGGCCTATTA","CCGGACTACHVGGGTWTCTAAT","Run2",1,170.953,-45.782,5,18.11,12.1,34.768,0.48,5.4,1.5,"STW","STW","STW","STW"
"63","7A.07.14",1,2,0,0,0,0,0,0,0,0,0,0,1,0,0,111,0,0,0,0,6,0,1,0,0,2,0,0,0,0,0,0,0,12,0,0,4,3,3,1,19,0,91,0,1,0,5,0,0,0,4,0,0,0,1,0,0,0,0,0,2,30,0,0,1,7,4,0,1,0,0,74,0,0,0,0,571,0,2,28,732,0,0,0,0,0,0,0,0,0,0,0,0,0,0,0,0,1,0,5,0,4,0,0,0,0,0,159,30,0,0,0,2,0,5,400,67,60,0,0,1,0,0,0,128,3,0,0,8,0,0,0,0,0,0,3,0,6,1,0,4,2,102,62,0,0,656,26,0,1,2,0,3,0,0,0,0,1,1,0,2,9,0,0,0,0,0,0,0,1,0,0,0,31,0,0,0,727,2,3,336,0,0,1,0,0,0,0,6,73,0,4,165,165,557,0,0,4,0,0,0,0,0,4,0,5,0,0,0,0,4,169,30,114,77,0,0,0,1,0,17,3,0,0,4,0,0,0,2,0,19,0,7,762,0,0,0,1,21,0,1,0,0,60,0,0,11,0,1,6,31,0,0,0,188,7,0,0,15,0,37,18,0,1,2,0,0,7,0,0,0,1,29,345,0,4,3,62,0,0,0,28,"7A",7,2,"A","2A",29,"July",14,182,0,"GTACATGTCGCC","CCGGACTACHVGGGTWTCTAAT","Run2",2,170.942,-45.786,5,17.31,10.4,34.517,0.49,4.7,2,"STW","STW","STW","STW"
"64","7A.12.14",0,0,0,0,0,0,0,0,0,0,0,0,1,0,0,1397,0,0,0,0,0,0,2,0,0,0,0,0,0,0,0,0,0,0,0,0,19,1,0,1,3,0,71,0,0,0,0,0,0,0,1,0,0,0,1,0,0,0,0,0,0,0,0,0,0,0,2,0,2,0,0,19,6,0,0,0,11,0,0,0,2065,0,0,0,0,0,0,0,0,0,0,0,0,0,0,0,0,0,0,1,0,16,0,0,0,1,0,31,0,0,0,0,3,0,0,0,0,26,0,0,0,0,0,0,56,0,0,0,0,0,0,0,0,0,0,0,0,0,0,0,0,2,11,28,0,5,2,0,0,2,1,0,0,0,0,0,0,0,0,0,1,1,0,0,0,0,0,0,0,0,0,0,0,0,0,0,0,3625,0,0,25,0,0,0,0,0,7,0,2,0,0,1,68,0,87,0,0,0,0,0,0,1,0,0,0,0,0,5,0,1,0,73,15,24,1,0,0,0,0,0,9,0,0,0,0,0,0,0,0,0,1,0,0,18,0,0,0,0,0,0,0,0,0,0,0,0,0,0,0,0,1,0,0,0,0,15,0,0,0,0,2,0,0,0,0,0,0,0,0,0,1,0,1,0,0,35,0,0,0,2,0,15,"7A",7,2,"A","2A",19,"December",14,325,0,"TGGCGATACGTT","CCGGACTACHVGGGTWTCTAAT","Run2",3,170.999,-45.791,5,21.74,13.1,34.647,0.2,0,0,"STW","FRONT","STW","STW"
"65","7B.03.15",0,0,0,0,0,0,0,0,0,0,0,0,0,0,0,668,0,0,0,0,0,1,2,3,2,0,1,0,0,0,2,29,0,0,0,0,0,2,0,1,7,0,486,0,0,0,0,0,0,1,0,0,0,0,1,0,0,0,0,0,0,3,0,0,0,0,0,0,0,0,0,51,2,0,0,0,1456,0,1,1,1667,0,0,0,0,0,0,1,0,2,0,0,0,0,0,0,0,0,0,1,0,23,0,0,1,0,0,6,1,0,0,0,1,0,0,1,0,42,0,0,0,0,0,0,69,2,0,0,3,1,0,0,0,0,0,0,0,0,0,0,20,27,145,25,0,0,40,4,0,0,1,0,0,0,0,0,0,1,7,0,0,7,0,0,0,0,0,0,0,1,0,2,9,0,0,0,0,753,9,1,454,0,0,0,0,0,0,0,0,2,0,25,95,91,340,0,0,0,0,0,0,0,0,1,0,0,0,4,0,0,0,314,24,312,57,0,0,0,0,0,13,0,0,0,0,0,0,0,0,0,2,0,0,107,0,0,0,0,0,0,0,0,0,1,0,0,0,0,0,0,20,0,0,0,0,3,0,0,0,0,8,0,0,0,0,0,0,3,0,0,1,0,1,2,0,234,0,0,0,0,0,2,"7B",7,2,"B","2B",10,"March",15,406,0,"CCGAAGATTCTG","CCGGACTACHVGGGTWTCTAAT","Run2",4,170.927,-45.782,5,16.1,15,34.436,0.36,0.1,1.32,"NW","NW","NW","STW"
"66","7B.06.14",13,0,0,0,0,0,0,0,0,0,0,0,5,0,0,107,0,0,2,1,41,2,0,5,7,0,0,0,0,0,1,2,0,0,0,0,2,7,0,0,17,0,19,2,0,0,1,0,0,1,9,0,0,0,0,0,0,0,0,0,7,37,0,1,0,3,0,0,1,0,0,70,0,0,0,0,407,2,0,21,354,0,0,0,1,0,0,4,0,0,0,0,0,0,0,2,0,0,0,8,0,2,0,0,3,0,0,186,27,0,0,0,0,0,0,643,99,70,0,0,0,0,0,1,121,0,0,0,5,0,0,0,1,0,0,0,6,29,1,0,1,0,50,194,0,2,322,31,0,0,1,0,0,0,0,4,0,2,4,0,3,4,0,0,0,0,0,0,0,2,0,1,3,5,0,0,0,378,0,0,673,0,1,0,0,0,1,0,0,152,0,0,96,341,404,0,1,4,0,0,1,0,0,0,0,0,0,0,0,0,2,189,23,173,161,0,0,0,0,0,19,5,0,0,6,0,0,0,7,0,33,0,13,785,0,1,0,7,22,0,2,0,0,62,0,0,11,0,3,2,50,0,0,0,166,11,0,0,14,0,36,7,0,1,0,0,0,4,0,1,1,1,70,799,0,14,5,7,0,0,1,32,"7B",7,2,"B","2B",3,"June",14,126,0,"TCTTCAACTACC","CCGGACTACHVGGGTWTCTAAT","Run2",1,170.953,-45.782,5,18.11,12.1,34.768,0.48,5.4,1.5,"STW","STW","STW","STW"
"68","7B.1.04.15",0,0,0,0,0,0,0,0,1,0,0,0,3,0,0,127,0,0,0,0,1,0,7,1,0,0,0,0,0,0,4,10,2,1,0,0,0,2,0,0,19,0,47,0,0,0,0,0,0,0,1,0,0,0,0,0,0,0,0,0,60,0,0,0,0,0,0,0,0,0,0,546,0,0,0,0,920,0,65,7,1053,0,0,0,0,0,0,6,0,0,0,0,0,2,0,0,0,0,2,0,0,0,0,0,2,0,0,18,22,0,0,0,0,0,0,11,0,57,0,0,0,0,0,0,140,0,0,0,1,0,0,0,0,0,0,0,4,1,0,0,0,7,179,65,0,0,145,12,0,0,10,0,0,0,0,0,0,3,11,0,0,46,0,0,8,0,0,0,0,0,0,0,66,0,0,0,0,814,0,0,483,0,0,0,0,0,0,0,11,11,0,4,116,47,1044,0,0,0,1,3,0,0,0,2,0,0,0,0,0,3,0,213,28,289,24,0,0,0,0,2,156,0,0,0,1,0,0,0,2,0,12,0,3,318,0,0,0,0,0,0,0,0,0,35,0,0,1,0,0,0,96,0,0,0,1,4,0,0,0,0,61,0,0,0,0,1,0,9,0,0,2,0,6,7,2,290,0,0,0,0,0,8,"7B.1",4,5,"B","6B",21,"April",15,448,0,"AGTGTCGATTCG","CCGGACTACHVGGGTWTCTAAT","Run2",5,171.241,-45.807,5,40.55,11.6,34.397,0.74,6.3,1.14,"FRONT","FRONT","FRONT","FRONT"
"69","7B.12.14",0,0,0,0,0,0,0,0,0,0,0,0,0,0,0,1450,0,0,0,0,0,1,3,0,5,0,5,0,2,0,0,5,0,0,0,0,30,13,0,0,3,0,99,0,0,0,0,0,0,1,2,0,0,0,1,1,0,0,0,0,0,0,0,0,0,0,0,0,2,0,0,24,0,0,0,0,18,0,0,0,1822,0,0,0,0,0,0,0,0,0,0,0,0,0,0,0,0,0,0,0,0,25,0,0,2,4,0,104,0,0,2,0,1,0,0,0,0,20,0,0,0,0,0,1,129,1,0,0,0,0,0,0,0,0,0,0,0,0,0,0,0,2,16,29,0,1,0,1,0,0,1,0,0,0,0,0,0,0,1,1,0,1,0,0,0,0,0,0,0,0,0,0,0,0,0,0,0,3597,1,0,27,0,0,2,0,0,10,0,0,0,0,4,90,0,96,0,0,0,2,2,0,2,0,1,0,0,0,0,0,0,0,58,15,13,0,0,0,0,0,0,9,0,0,0,1,0,0,0,0,0,0,0,0,32,0,0,0,0,0,0,0,0,0,1,0,0,0,0,0,0,3,0,0,0,0,4,0,0,0,0,1,0,0,0,0,0,1,2,0,0,2,0,0,0,0,25,0,0,0,0,0,44,"7B",7,2,"B","2B",19,"December",14,325,0,"GCCTTACGATAG","CCGGACTACHVGGGTWTCTAAT","Run2",3,170.999,-45.791,5,21.74,13.1,34.647,0.2,0,0,"STW","FRONT","STW","STW"
"70","7B.2.04.15",0,0,0,0,0,0,0,0,0,0,0,0,0,0,0,526,2,0,0,0,8,1,0,11,1,0,0,0,0,0,0,0,0,0,0,0,0,0,0,0,37,0,131,0,0,0,0,0,0,1,0,0,0,0,3,0,0,3,0,0,9,1,0,0,0,0,2,0,1,0,1,105,0,0,0,0,1610,0,0,1,1416,0,0,0,0,0,0,17,0,0,0,0,0,0,0,0,0,0,0,5,1,45,0,0,0,0,0,7,15,0,1,0,0,0,1,16,0,22,0,0,0,0,0,0,161,6,0,0,2,0,0,0,0,0,0,0,4,0,0,0,0,5,45,43,0,0,374,13,0,0,1,0,0,0,0,0,0,0,8,0,1,13,0,0,6,0,0,1,0,0,0,1,1,0,0,0,0,666,7,0,383,0,0,4,0,0,0,0,2,24,0,2,45,179,474,0,0,2,8,0,0,0,0,3,0,0,0,0,0,0,0,129,16,191,74,0,0,0,0,0,55,0,0,0,0,0,0,0,2,0,3,0,0,314,0,0,0,0,0,0,0,0,0,8,0,0,0,0,0,0,99,0,0,0,20,7,0,0,0,0,28,0,0,0,0,0,0,2,0,0,0,0,33,173,0,134,0,2,0,0,0,1,"7B.2",7,2,"B","5A",21,"April",15,448,0,"CTATTAAGCGGC","CCGGACTACHVGGGTWTCTAAT","Run2",5,170.93,-45.786,5,16.41,12.8,34.613,0.58,4,1.64,"STW","STW","STW","STW"
"71","8A.03.15",0,0,0,0,0,0,0,0,0,0,0,0,0,0,0,614,0,0,0,0,1,0,1,6,5,0,0,0,0,0,0,16,0,1,1,0,2,2,0,1,10,0,183,0,0,0,0,0,0,0,4,0,1,0,2,0,0,0,0,0,1,1,0,0,0,2,1,0,0,0,0,134,0,0,0,0,1584,0,0,1,951,0,0,0,0,0,1,5,0,0,0,0,0,0,0,0,0,0,0,9,1,27,0,0,1,0,0,28,8,0,0,0,3,0,0,5,0,40,0,1,0,0,0,0,111,0,0,0,2,0,0,0,0,0,0,0,0,0,0,0,12,12,67,22,1,0,165,4,0,0,3,0,0,0,0,0,0,1,9,0,0,7,0,0,0,0,0,0,0,0,0,2,6,0,0,0,0,1100,8,1,675,0,0,0,0,0,1,1,0,3,1,0,199,40,256,0,0,2,0,0,0,0,0,0,0,0,0,1,0,0,0,463,22,384,42,0,0,0,0,0,38,0,0,0,1,0,0,0,0,0,3,0,0,189,0,0,0,0,0,0,0,1,0,1,0,0,0,0,0,0,20,0,0,0,0,3,0,0,0,0,13,1,0,0,0,0,0,1,0,0,1,0,1,24,0,221,0,0,0,0,0,5,"8A",8,1,"A","1A",10,"March",15,406,0,"GTTGGCGTTACA","CCGGACTACHVGGGTWTCTAAT","Run2",4,170.822,-45.77,5,7.89,15,34.504,0.34,0.4,1.31,"NW","NW","NW","STW"
"72","8A.04.15",1,0,0,0,0,0,0,0,0,0,1,0,0,0,0,645,0,0,0,0,4,0,4,16,0,0,4,0,0,0,1,3,0,0,0,0,0,10,0,0,28,0,293,0,0,0,0,0,0,1,0,0,1,0,4,0,0,3,0,0,7,0,0,1,0,0,2,0,0,0,0,106,0,4,0,0,718,0,0,2,1752,0,1,0,0,0,0,23,0,0,0,0,0,0,0,3,3,0,0,5,0,75,0,0,0,0,0,41,32,0,0,0,2,0,0,7,0,40,0,0,0,0,0,0,164,5,0,0,5,8,0,0,0,0,0,0,4,3,0,0,12,16,72,48,0,0,42,4,0,0,0,0,0,0,0,0,0,0,8,0,0,13,0,0,0,0,0,0,0,0,0,2,2,1,0,0,0,740,5,0,427,4,0,1,2,0,0,0,0,48,0,7,176,44,866,0,0,2,4,0,0,0,0,3,0,2,5,3,0,0,0,190,16,160,87,0,0,0,0,0,61,0,0,0,0,0,0,0,0,0,2,0,0,306,0,0,0,0,0,0,0,0,0,2,0,0,4,0,0,0,74,0,0,0,2,8,0,3,3,0,61,4,0,0,1,0,0,0,0,2,0,0,17,101,0,83,0,3,3,0,0,8,"8A",8,1,"A","1A",21,"April",15,448,0,"GCTAAGTGATGT","CCGGACTACHVGGGTWTCTAAT","Run2",5,170.819,-45.771,5,7.71,12.7,34.356,0.58,2.7,2.06,"NW","NW","NW","STW"
"73","8A.06.14",4,4,0,0,0,0,0,0,0,0,0,0,2,0,0,176,0,0,0,0,10,0,0,6,1,0,0,0,0,0,0,0,1,3,1,0,2,2,0,0,13,0,65,0,0,0,3,0,0,1,6,0,0,3,2,0,0,0,0,0,8,62,0,1,0,8,0,0,0,0,0,78,0,0,0,0,284,1,0,9,746,0,0,2,1,0,0,0,0,0,0,0,1,0,0,6,0,0,2,5,1,6,0,0,0,1,0,156,24,0,0,0,0,0,1,501,36,61,0,0,0,0,0,0,147,3,0,0,18,0,0,0,0,0,0,1,3,8,0,0,1,2,100,129,0,0,505,30,0,0,1,0,0,0,0,0,0,2,2,0,4,7,0,0,1,0,0,0,0,6,0,0,0,9,1,0,0,635,5,0,496,0,0,5,0,0,0,0,5,73,0,5,206,164,457,0,4,8,0,1,0,0,0,3,0,0,0,0,0,1,2,164,21,118,115,1,0,0,0,0,22,3,0,0,2,0,0,0,2,0,31,0,8,645,0,0,1,2,5,0,2,0,0,61,0,0,7,0,2,2,59,0,0,0,112,8,0,0,13,0,33,7,0,0,2,0,0,2,0,0,2,0,29,732,0,20,6,15,0,1,0,22,"8A",8,1,"A","1A",3,"June",14,126,0,"TGGAATTCGGCT","CCGGACTACHVGGGTWTCTAAT","Run2",1,170.844,-45.776,5,9.61,11.5,34.384,0.4,4.9,4.5,"NW","NW","NW","STW"
"74","8A.07.14",0,1,0,0,0,0,0,1,0,0,0,0,3,0,0,129,0,0,0,0,15,0,3,0,0,1,0,0,0,0,1,0,0,2,0,0,11,0,1,0,15,0,111,0,0,0,6,0,1,0,8,0,0,0,0,0,0,0,0,0,4,25,0,1,0,6,2,0,3,0,0,45,0,0,0,0,510,0,3,15,876,1,0,0,0,0,0,0,0,0,1,0,0,0,0,0,1,0,0,7,1,4,0,0,0,0,0,192,29,0,0,0,1,0,9,245,33,42,0,0,0,0,0,0,144,1,0,0,16,0,0,0,0,0,1,1,0,3,1,0,2,3,120,95,0,0,801,28,0,0,2,0,1,0,0,0,0,0,2,0,1,4,0,0,0,0,0,0,0,1,0,0,1,32,0,0,0,871,6,0,316,0,3,1,0,0,3,0,5,74,1,3,195,114,646,0,0,2,0,0,0,0,0,1,0,1,0,0,0,0,1,157,16,86,46,0,0,0,0,0,11,1,0,0,4,0,0,0,2,0,28,1,5,675,0,0,0,1,8,0,1,0,0,60,0,0,4,0,0,2,28,0,0,0,135,7,0,0,24,0,34,8,0,1,2,0,0,0,0,0,0,0,30,388,0,5,2,14,0,1,0,21,"8A",8,1,"A","1A",29,"July",14,182,0,"ACGGATGTTATG","CCGGACTACHVGGGTWTCTAAT","Run2",2,170.845,-45.775,5,9.7,10,34.423,0.36,3.3,1.7,"NW","NW","NW","STW"
"75","8A.12.14",0,0,0,0,0,0,0,0,0,0,0,0,0,0,0,1119,0,0,0,0,0,1,0,0,0,0,0,0,0,0,0,0,0,0,0,2,2,0,0,1,0,1,68,0,0,0,0,0,2,0,2,0,0,0,6,1,0,2,0,0,0,0,0,2,0,2,0,2,6,0,0,21,0,0,0,0,17,0,0,2,1257,1,0,0,0,0,0,0,0,0,0,0,0,0,0,0,1,0,0,0,0,26,2,0,0,0,0,15,0,0,0,0,0,0,0,0,0,58,0,1,1,2,0,0,90,0,0,1,3,0,0,0,0,0,0,0,0,0,0,22,0,1,15,26,0,5,0,1,0,0,2,0,0,0,0,0,0,0,2,0,1,1,0,0,0,0,0,0,0,0,0,0,0,0,1,0,0,4390,3,0,28,0,0,0,0,0,12,0,1,0,0,4,96,0,35,0,0,0,0,0,0,0,0,11,0,0,0,1,0,1,0,156,26,27,1,0,0,0,0,0,8,0,0,0,0,0,2,0,0,0,8,0,0,37,0,0,0,0,0,0,0,4,0,0,0,0,0,0,0,0,4,0,0,0,0,8,0,0,0,0,1,0,1,0,0,1,0,2,0,0,3,0,0,2,0,163,0,1,0,0,2,2,"8A",8,1,"A","1A",19,"December",14,325,0,"TACCTGTGTCTT","CCGGACTACHVGGGTWTCTAAT","Run2",3,170.901,-45.782,5,14.06,13.3,34.502,0.44,0.9,0.5,"NW","NW","NW","STW"
"76","8B.03.15",0,0,0,0,0,0,0,0,0,11,0,0,1,0,0,276,0,0,0,0,0,4,0,5,1,0,0,0,0,0,2,28,0,0,0,0,8,0,0,4,11,0,121,0,0,0,0,0,0,1,1,0,0,0,0,0,0,0,0,0,1,1,0,0,0,0,8,0,6,0,0,94,0,0,0,0,971,0,0,14,853,0,0,0,0,0,0,6,0,0,0,0,0,0,0,0,0,0,0,14,6,77,0,0,0,0,0,14,11,0,0,0,1,0,0,0,0,54,0,0,0,0,0,0,88,7,0,0,0,22,0,0,0,0,0,0,0,0,0,0,7,5,56,8,0,0,135,7,0,0,1,0,0,0,0,0,0,2,4,0,0,68,0,0,0,0,0,0,0,0,0,0,31,0,0,0,0,1202,6,8,878,0,0,0,0,0,0,0,0,9,0,9,243,9,461,1,0,0,2,0,0,0,1,0,0,0,0,36,0,0,0,683,40,625,75,0,0,0,0,0,20,0,0,0,0,0,0,0,0,0,15,0,0,292,0,0,0,0,0,0,0,0,0,6,0,0,0,0,0,0,21,0,0,0,0,11,0,0,0,0,30,0,0,0,0,0,0,0,0,0,0,0,0,17,0,115,0,0,0,0,0,2,"8B",8,1,"B","1B",10,"March",15,406,0,"GAAGTAGCGAGC","CCGGACTACHVGGGTWTCTAAT","Run2",4,170.822,-45.77,5,7.89,15,34.504,0.34,0.4,1.31,"NW","NW","NW","STW"
"77","8B.04.15",0,0,0,0,0,0,0,0,0,0,0,0,1,0,0,688,0,0,0,0,2,2,5,4,0,4,3,0,0,0,0,4,0,0,0,0,0,2,0,0,37,0,310,0,0,0,0,0,0,1,1,0,1,0,1,0,1,3,0,0,5,0,0,3,0,0,2,0,2,0,3,121,0,1,0,0,799,0,0,2,1760,0,0,0,0,0,0,25,0,0,0,0,0,0,0,0,4,0,0,5,0,55,0,0,0,0,0,45,36,0,0,0,2,0,2,8,0,37,0,0,1,0,0,0,149,7,0,0,3,0,0,0,1,0,0,0,4,2,0,0,2,9,84,48,0,0,32,14,0,0,1,0,0,0,0,0,0,0,5,0,0,22,0,0,1,0,0,0,0,0,0,5,5,0,0,0,0,726,10,0,324,0,1,0,0,0,1,0,2,55,4,11,124,37,846,1,0,0,2,2,0,0,0,0,0,1,0,0,0,0,0,181,16,126,63,2,0,0,0,0,61,1,0,0,2,0,0,0,0,0,2,0,3,350,0,0,0,0,0,0,0,0,0,1,0,0,0,0,0,0,56,0,0,0,5,2,0,0,2,0,46,2,0,0,0,0,0,2,0,0,1,0,12,77,0,123,2,2,0,0,0,10,"8B",8,1,"B","1B",21,"April",15,448,0,"AAGGGACAAGTG","CCGGACTACHVGGGTWTCTAAT","Run2",5,170.819,-45.771,5,7.71,12.7,34.356,0.58,2.7,2.06,"NW","NW","NW","STW"
"78","8B.06.14",6,4,0,0,0,0,1,0,0,0,0,0,3,0,0,117,0,0,0,0,22,0,0,4,0,0,0,0,0,0,1,0,0,7,1,0,1,2,0,0,6,0,69,0,0,0,2,0,0,0,10,0,0,0,0,0,0,0,0,0,3,32,0,1,0,5,0,0,0,0,0,69,0,0,0,0,256,0,0,16,695,0,0,0,0,0,0,1,0,0,0,1,1,0,0,0,0,0,0,13,0,7,0,0,0,0,0,129,19,0,0,0,2,0,1,375,39,89,0,0,0,0,0,0,157,0,0,0,14,0,0,0,0,1,0,0,1,10,1,0,5,0,108,105,0,1,701,25,0,0,1,0,0,0,0,0,1,1,2,0,4,2,0,0,0,0,0,0,1,1,0,0,2,7,0,0,0,536,0,0,581,0,0,15,0,0,0,0,5,74,0,0,247,196,567,0,1,7,1,1,0,0,0,1,0,0,0,0,0,0,1,273,32,159,136,0,0,0,0,1,18,2,0,0,3,1,0,0,3,0,23,0,6,703,0,1,0,0,3,0,3,0,0,37,0,0,10,0,1,0,29,0,0,0,94,6,0,0,11,0,27,9,0,2,3,0,0,2,0,0,1,0,24,560,0,14,19,7,0,0,0,12,"8B",8,1,"B","1B",3,"June",14,126,0,"TAAGATGCAGTC","CCGGACTACHVGGGTWTCTAAT","Run2",1,170.844,-45.776,5,9.61,11.5,34.384,0.4,4.9,4.5,"NW","NW","NW","STW"
"79","8B.07.14",0,2,0,0,0,0,0,0,0,0,0,0,1,0,0,115,0,0,0,0,7,0,0,1,2,0,0,0,0,0,0,2,0,5,0,0,13,5,3,0,18,0,100,0,1,0,7,0,0,1,4,0,0,1,0,0,0,0,0,0,1,41,0,2,0,9,2,0,0,0,0,44,0,0,0,0,394,0,2,13,738,2,0,0,0,0,0,0,0,0,0,0,0,0,0,0,0,1,0,8,1,7,0,0,1,1,0,190,23,0,0,0,2,0,6,636,47,55,0,0,0,0,0,0,145,2,0,0,14,0,0,0,0,1,0,0,0,3,0,0,2,2,123,90,0,0,536,34,0,0,1,0,0,0,0,1,0,4,0,0,3,5,0,0,0,0,0,0,0,1,0,0,0,46,0,0,0,766,2,1,363,0,0,1,0,0,2,0,5,56,1,2,238,151,641,0,0,7,0,0,0,0,1,0,0,0,0,0,0,0,3,144,19,86,55,0,0,0,0,1,12,3,0,0,5,0,0,0,2,0,32,1,3,773,0,1,0,1,10,0,1,0,0,92,0,0,13,0,1,3,15,0,0,0,105,6,0,0,21,0,35,12,0,2,3,0,2,1,0,0,1,0,13,321,0,6,5,29,0,0,0,23,"8B",8,1,"B","1B",29,"July",14,182,0,"TTGAGGCTACAA","CCGGACTACHVGGGTWTCTAAT","Run2",2,170.845,-45.775,5,9.7,10,34.423,0.36,3.3,1.7,"NW","NW","NW","STW"
"80","8B.12.14",9,0,0,0,0,0,0,0,0,0,0,0,0,36,0,40,1,0,0,0,6,0,2,31,20,0,4,0,0,0,0,68,0,0,2,0,8,20,0,0,3,0,33,0,2,0,0,0,0,0,50,2,0,0,0,0,0,0,3,0,5,2,0,0,0,0,0,0,15,0,0,36,0,0,0,0,3,0,0,14,130,0,121,0,0,0,0,5,0,4,0,0,0,0,10,102,0,0,0,0,5,2,0,18,10,0,0,62,16,0,0,0,0,0,0,588,153,22,0,0,8,0,0,0,19,6,0,0,1,4,2,0,0,0,0,132,4,71,32,0,0,9,63,39,0,0,47,40,0,0,1,0,0,0,0,14,0,0,20,0,6,45,0,0,1,0,0,0,0,0,0,0,3,0,0,0,0,95,0,0,244,0,0,0,0,0,1,0,2,61,0,0,11,390,288,0,2,0,2,0,0,0,0,34,0,0,0,0,0,0,2,142,6,53,245,0,0,3,0,0,10,9,0,0,42,7,0,2,0,0,1,0,336,1450,1,0,0,6,56,2,0,0,2,1,0,2,8,10,0,0,29,8,3,4,522,22,0,33,8,0,52,0,0,2,0,0,0,3,0,0,31,13,14,183,0,17,31,0,2,0,0,980,"8B",8,1,"B","1B",19,"December",14,325,0,"AACGAGGCAACG","CCGGACTACHVGGGTWTCTAAT","Run2",3,170.901,-45.782,5,14.06,13.3,34.502,0.44,0.9,0.5,"NW","NW","NW","STW"
"82","S1.2",0,0,0,0,0,0,0,0,0,0,0,0,0,0,0,366,0,0,0,0,1,0,0,12,0,0,0,0,0,0,0,0,0,7,0,0,0,0,2,0,8,0,178,0,0,0,0,0,0,1,0,0,0,0,0,0,0,0,0,0,0,2,0,0,0,2,0,0,0,0,0,131,0,0,0,0,1439,0,0,0,1145,0,0,0,0,0,0,10,0,0,0,0,0,0,0,0,0,0,0,20,0,65,0,0,0,0,0,65,0,0,0,0,6,0,0,153,0,14,0,0,0,0,0,0,124,0,0,0,4,0,0,0,0,0,0,0,0,0,0,0,0,6,106,139,0,0,424,12,0,0,0,0,0,0,0,0,0,3,7,0,0,9,0,0,1,0,0,0,0,0,0,9,6,2,0,0,0,859,4,0,409,0,0,3,0,0,0,0,1,1,0,2,259,100,547,0,0,8,0,0,0,0,0,1,0,0,0,0,0,0,0,232,7,71,31,0,0,0,0,0,19,0,0,0,1,0,0,0,0,0,12,0,0,500,0,0,0,0,0,0,0,0,0,10,0,0,0,0,0,1,22,0,0,0,0,3,0,0,0,0,14,0,0,0,1,0,0,0,0,0,0,0,2,3,0,109,0,4,0,0,0,5,"1B",8,1,"B","1B",28,"January",2014,1,0,"TCGATTGGCCGT","CCGGACTACHVGGGTWTCTAAT","Run1",0,170.916,-45.784,5,15.2,14.4,34.319,0.15,0.5,1,"NW","NW","NW","NW"
"83","S2.1",0,0,0,0,0,0,0,0,0,0,0,0,0,0,0,295,0,0,0,1,2,0,0,14,0,0,0,0,0,0,0,1,0,41,0,0,2,0,132,0,1,0,119,0,0,0,0,2,0,0,1,0,0,0,0,0,0,0,0,1,0,8,0,0,0,3,0,0,0,0,0,139,0,0,0,0,901,0,0,1,1004,0,0,0,0,0,0,6,0,1,0,0,0,0,0,0,0,0,0,15,0,22,0,0,0,0,0,83,2,0,0,0,1,0,0,180,0,26,0,0,0,0,0,0,105,0,0,0,4,0,0,0,0,0,0,0,0,0,0,0,0,19,239,140,0,0,492,10,0,0,2,0,0,0,0,0,0,5,6,0,0,27,0,0,6,0,0,0,0,0,0,13,8,0,0,0,0,765,6,0,527,0,0,3,0,0,0,0,2,2,0,2,246,118,537,0,0,8,0,0,0,0,0,1,0,0,0,0,0,0,0,241,13,146,21,0,0,0,0,0,15,2,0,0,1,0,0,0,0,0,14,0,0,769,0,0,0,0,0,0,0,0,0,20,0,0,2,0,0,12,15,0,0,0,0,7,0,0,1,0,14,3,0,0,0,0,0,2,0,0,1,0,3,12,0,101,0,16,0,0,0,22,"2A",7,2,"A","2A",28,"January",2014,1,0,"GCATTACTGGAC","CCGGACTACHVGGGTWTCTAAT","Run1",0,171.02,-45.797,5,23.39,13.5,34.714,0.25,2.3,0.6,"STW","STW","STW","STW"
"84","S2.2",0,0,0,0,0,0,0,1,0,0,0,0,0,0,0,274,0,0,0,2,4,0,0,8,0,0,0,0,0,0,0,0,0,48,0,0,2,0,126,0,1,0,134,0,0,0,1,0,0,1,0,0,0,0,0,0,0,0,0,0,0,12,0,0,0,2,0,0,0,0,0,121,0,0,0,0,763,0,0,0,1119,0,0,0,0,0,0,9,0,1,0,0,0,0,0,0,0,0,0,9,0,24,0,0,0,0,0,52,0,0,0,0,2,0,0,248,0,31,0,0,0,0,0,0,91,0,0,0,5,0,0,0,0,0,0,0,0,0,0,0,0,10,271,145,0,0,454,6,0,0,1,0,0,0,0,0,0,8,11,0,0,18,0,0,3,0,1,0,0,0,0,17,13,1,0,0,0,713,2,0,432,0,0,0,0,0,0,0,1,1,0,2,217,121,552,0,0,8,0,0,0,0,0,1,0,0,0,0,0,0,0,366,13,137,17,0,0,0,0,0,16,2,1,0,2,1,0,0,0,0,8,0,0,781,0,0,0,0,0,0,0,0,0,21,0,0,0,0,0,13,19,0,0,0,0,9,0,0,1,0,19,4,0,0,1,0,0,4,0,0,2,0,3,15,0,128,0,15,0,0,0,9,"2B",7,2,"B","2B",28,"January",2014,1,0,"TTGGGCCACATA","CCGGACTACHVGGGTWTCTAAT","Run1",0,171.02,-45.797,5,23.39,13.5,34.714,0.25,2.3,0.6,"STW","STW","STW","STW"
"85","S3.1",0,0,0,0,0,0,0,0,0,0,0,0,0,0,0,273,0,0,0,6,2,0,0,12,0,0,0,0,0,0,0,0,0,35,0,0,3,0,212,0,1,0,100,0,0,0,2,1,0,0,2,0,0,0,0,0,0,0,0,0,0,17,0,0,0,1,0,0,0,0,0,110,0,0,0,0,647,0,2,3,960,0,0,0,0,0,0,8,0,0,0,0,0,0,0,0,0,0,0,10,0,28,0,0,0,0,0,79,3,0,0,0,0,0,0,306,0,23,0,0,0,0,0,0,101,0,0,0,4,0,0,0,0,0,0,0,0,0,0,0,0,11,247,129,0,0,504,13,0,0,2,0,0,0,0,0,0,9,6,0,0,15,0,0,2,0,0,0,0,0,0,12,7,1,0,0,0,608,6,0,442,0,0,1,0,0,0,0,4,4,0,6,186,116,756,0,0,4,0,0,0,0,0,0,0,0,0,0,0,0,0,353,14,149,24,0,0,0,0,0,17,2,0,0,3,1,0,0,0,0,9,0,0,838,0,0,0,0,0,0,0,0,0,46,0,0,0,0,0,10,9,0,0,0,0,7,0,0,0,1,19,7,0,0,1,0,0,5,0,0,3,0,5,26,0,128,0,22,0,0,0,16,"3A",6,3,"A","3A",28,"January",2014,1,0,"CACACAAAGTCA","CCGGACTACHVGGGTWTCTAAT","Run1",0,171.112,-45.796,5,30.36,12.5,34.541,0.59,7.1,0.2,"STW","STW","STW","STW"
"87","S4.1",0,0,0,0,0,0,0,0,0,0,0,1,4,1,0,308,0,0,0,0,1,0,0,7,0,0,0,0,0,0,2,14,0,5,0,0,4,0,25,0,7,0,126,0,0,0,0,0,0,0,4,0,0,0,0,0,1,0,0,0,0,8,0,0,0,25,0,0,0,0,0,264,0,0,0,0,232,0,0,11,1100,0,0,0,0,0,0,7,0,1,0,0,0,0,0,0,0,0,0,4,0,7,0,0,0,0,0,31,0,0,0,0,1,0,0,152,0,121,0,0,0,0,0,0,102,0,0,0,2,0,0,0,0,0,0,0,0,0,0,0,5,17,118,144,0,0,385,0,0,0,5,0,0,0,0,0,0,7,4,0,0,14,0,0,10,0,3,0,0,0,0,5,156,0,0,0,0,951,14,0,327,0,0,1,0,2,0,0,5,0,0,24,266,51,936,0,0,1,0,0,0,0,0,0,0,0,0,0,0,0,0,324,69,307,10,0,0,0,0,0,79,0,0,0,3,1,0,0,0,0,2,0,0,642,0,0,0,0,0,0,0,0,0,11,1,0,0,0,0,39,6,0,0,0,0,17,3,0,0,0,10,4,0,0,0,0,0,22,0,0,10,0,23,3,0,125,0,1,0,0,0,35,"4A",5,4,"A","4A",28,"January",2014,1,0,"CGCCACGTGTAT","CCGGACTACHVGGGTWTCTAAT","Run1",0,171.201,-45.806,5,37.46,12,34.343,0.63,8.1,0.1,"FRONT","FRONT","FRONT","FRONT"
"88","S4.2",0,0,0,0,0,0,0,0,0,0,0,1,3,1,0,272,0,0,0,0,0,0,0,4,0,0,0,0,0,0,1,7,0,3,0,0,3,0,3,0,6,0,120,0,0,0,0,0,0,0,0,0,0,0,0,0,1,0,0,1,0,2,0,0,0,11,0,0,1,0,0,270,0,0,0,0,99,0,3,5,1327,0,0,0,0,0,0,3,0,0,0,0,0,0,0,0,0,0,0,1,0,2,0,0,0,0,0,17,0,0,0,0,0,0,0,114,0,113,0,0,0,0,0,0,106,0,0,0,2,0,0,0,0,0,0,0,0,0,0,0,9,16,89,161,0,0,345,2,0,0,2,0,0,0,0,0,0,6,2,0,0,10,0,0,14,0,4,0,0,0,0,1,139,0,0,0,0,1188,9,0,355,0,0,0,1,0,0,0,9,0,0,19,328,49,896,0,0,0,0,0,0,0,0,1,0,0,0,0,0,0,0,250,58,407,3,0,0,0,0,0,82,1,0,0,7,0,0,0,0,0,4,0,0,499,0,0,0,0,0,0,0,0,0,5,0,0,0,0,1,42,11,0,0,0,0,19,1,0,0,0,10,1,0,0,0,0,0,21,0,0,9,0,16,0,0,128,1,0,0,0,0,23,"4B",5,4,"B","4B",28,"January",2014,1,0,"GCAACCGATTGT","CCGGACTACHVGGGTWTCTAAT","Run1",0,171.201,-45.806,5,37.46,12,34.343,0.63,8.1,0.1,"FRONT","FRONT","FRONT","FRONT"
"89","S5.1",0,0,0,0,0,0,0,0,0,0,0,0,5,0,1,212,0,0,0,0,0,0,0,17,1,0,0,0,0,0,4,3,0,1,0,0,6,1,3,0,21,0,110,0,0,0,1,0,0,1,1,0,0,0,0,0,0,1,0,0,1,4,0,0,0,12,1,0,1,0,0,238,0,0,0,0,86,0,1,7,1385,0,0,0,0,0,0,4,0,0,0,0,0,0,0,0,0,0,0,0,0,0,0,0,0,0,0,23,1,0,0,0,0,0,0,64,0,214,0,0,0,0,0,0,83,0,0,0,0,0,0,0,0,1,0,0,0,0,0,0,27,12,56,152,0,3,258,0,0,0,3,0,0,0,0,0,0,2,6,0,0,14,0,0,14,0,7,0,0,0,0,0,83,0,0,0,0,1254,3,0,392,0,0,0,0,0,0,0,10,0,0,22,260,22,790,0,0,0,0,0,0,0,0,3,0,0,0,0,0,0,0,476,65,399,2,0,0,0,0,0,94,0,0,0,3,0,0,0,0,0,3,0,0,469,0,0,0,0,0,0,0,0,0,11,0,0,1,0,0,23,28,0,0,0,0,24,1,0,1,1,14,1,0,0,0,0,1,33,0,0,9,0,15,0,0,129,2,0,0,0,0,22,"5A",4,5,"A","5A",28,"January",2014,1,0,"CATGTGCTTAGG","CCGGACTACHVGGGTWTCTAAT","Run1",0,171.283,-45.815,5,43.86,12.3,34.323,0.7,8.4,0.1,"FRONT","FRONT","FRONT","FRONT"
"90","S5.2",0,0,0,0,0,0,0,0,0,0,0,0,4,0,1,219,0,0,0,0,0,0,0,11,0,0,0,0,0,0,2,7,0,2,0,0,5,0,1,0,20,0,134,0,0,0,1,0,0,0,2,0,0,0,0,0,1,0,0,0,0,0,0,0,0,28,0,0,1,0,0,219,0,0,0,0,77,0,0,5,1283,0,0,0,0,0,0,4,0,1,0,0,0,0,0,0,0,0,0,0,0,0,0,0,0,0,0,20,1,0,0,0,0,0,0,40,0,194,0,0,0,0,0,0,82,0,0,0,4,0,0,0,0,0,0,0,0,0,0,0,34,9,52,156,0,4,265,4,0,0,2,0,0,0,0,0,0,7,6,0,2,7,0,2,8,0,9,0,0,0,0,0,84,0,0,0,0,1126,2,0,348,0,0,0,0,0,0,0,8,0,0,31,230,30,774,0,0,0,0,0,0,0,0,1,0,0,0,0,0,0,0,512,95,474,5,0,0,0,0,0,63,0,0,0,3,0,0,0,0,0,8,0,0,595,0,0,0,0,0,0,0,0,0,12,0,0,1,0,1,56,17,0,0,0,0,30,1,0,0,0,20,2,0,0,0,0,0,42,0,2,10,0,21,0,0,159,1,2,0,0,0,29,"5B",4,5,"B","5B",28,"January",2014,1,0,"GTTCCTCCATTA","CCGGACTACHVGGGTWTCTAAT","Run1",0,171.283,-45.815,5,43.86,12.3,34.323,0.7,8.4,0.1,"FRONT","FRONT","FRONT","FRONT"
"91","S6.1",0,0,0,0,0,0,0,0,0,0,0,0,8,0,0,128,0,0,0,0,0,0,0,9,0,0,0,0,0,0,4,1,0,2,0,0,3,0,0,0,8,0,254,0,0,0,0,0,0,1,2,0,0,0,0,0,0,0,0,1,0,0,0,0,0,23,0,0,1,1,0,186,0,0,0,0,54,0,0,6,1495,0,0,0,0,0,0,0,0,0,0,0,0,0,0,0,0,0,0,0,0,0,0,0,0,0,0,34,0,0,0,0,0,0,0,13,0,197,0,0,0,0,0,0,88,0,0,0,2,0,0,0,0,0,0,0,0,0,0,0,73,0,26,93,0,2,216,2,0,0,4,0,0,0,0,0,0,20,11,0,0,1,0,0,15,0,12,0,0,0,0,0,9,0,0,0,0,1009,1,0,485,0,0,0,1,1,0,0,7,0,0,19,172,24,946,0,0,0,0,0,0,0,0,2,0,0,0,0,0,0,0,559,78,422,3,0,0,0,0,0,33,1,0,0,3,0,0,0,0,0,10,0,0,708,0,0,0,0,0,0,0,0,0,10,2,0,1,0,6,11,39,0,0,0,0,24,0,0,0,0,17,0,0,0,0,0,0,28,0,0,6,0,6,0,0,106,0,0,0,0,0,24,"6A",3,6,"A","6A",28,"January",2014,1,0,"ACCTGTCCTTTC","CCGGACTACHVGGGTWTCTAAT","Run1",0,171.37,-45.818,5,50.64,12.5,34.261,0.77,9.2,0.3,"SAW","SAW","SAW","SAW"
"92","S6.2",0,0,0,0,0,0,0,0,0,0,0,0,8,0,0,110,0,0,0,0,0,0,0,10,0,0,0,0,0,0,10,0,0,0,0,0,1,0,0,0,10,0,161,0,0,0,4,0,0,1,2,0,0,0,0,0,0,0,0,0,1,0,0,0,0,9,0,0,1,0,0,213,0,0,0,0,82,0,0,1,1170,0,0,0,0,0,0,0,0,0,0,0,0,0,0,0,0,0,0,0,0,0,0,0,0,0,0,17,0,0,0,0,0,0,0,6,0,241,0,0,0,0,0,0,75,0,0,0,3,0,0,0,0,2,0,0,0,0,0,0,66,0,20,76,0,7,318,2,0,0,0,0,0,0,0,0,0,12,9,0,0,2,0,0,33,0,2,0,0,0,0,1,11,0,0,0,0,1399,1,0,483,0,0,0,1,1,0,0,9,0,0,12,177,19,693,0,0,1,0,0,0,0,0,1,0,0,0,0,0,0,0,718,120,519,4,0,0,0,0,0,34,0,0,0,2,0,0,0,0,0,10,0,0,537,0,0,0,0,0,0,0,0,0,31,1,0,0,0,8,2,19,0,0,0,0,28,1,0,0,0,9,1,0,0,0,0,0,58,0,1,5,0,1,0,0,181,0,0,0,0,0,22,"6B",3,6,"B","6B",28,"January",2014,1,0,"GTTCACGCCCAA","CCGGACTACHVGGGTWTCTAAT","Run1",0,171.37,-45.818,5,50.64,12.5,34.261,0.77,9.2,0.3,"SAW","SAW","SAW","SAW"
"93","S7.1",0,0,0,0,0,0,0,0,0,0,0,0,4,0,0,157,0,0,0,0,0,0,0,9,1,0,0,0,0,0,4,0,0,0,0,0,1,0,0,0,6,0,329,0,0,0,2,0,0,1,1,0,0,0,0,0,0,0,0,0,1,0,0,0,0,13,0,0,0,0,0,149,0,0,0,1,16,0,0,4,1594,0,0,0,0,0,0,0,0,0,0,0,0,0,0,0,0,0,0,0,0,0,0,0,0,0,0,32,1,0,0,0,0,0,0,28,0,109,0,0,0,0,0,0,122,0,0,0,1,0,0,0,0,0,0,0,0,0,0,0,105,2,39,115,0,1,222,2,0,0,0,0,0,0,0,0,0,17,7,0,0,4,0,0,9,0,6,0,0,0,0,0,14,0,0,0,0,966,0,0,441,0,0,0,0,0,0,0,11,0,0,9,196,26,1409,0,0,0,0,0,0,0,0,1,0,0,0,0,0,0,0,313,42,373,3,0,0,0,0,0,48,0,0,0,0,0,0,0,0,0,9,0,0,503,0,0,0,0,0,0,0,0,0,8,1,0,0,0,4,6,46,0,0,0,0,23,0,0,0,0,19,1,0,0,0,0,0,20,0,0,4,0,3,0,0,116,0,0,0,0,0,35,"7A",2,7,"A","7A",28,"January",2014,1,0,"CGATCGAACACT","CCGGACTACHVGGGTWTCTAAT","Run1",0,171.469,-45.827,5,58.39,12.4,34.276,0.75,9.2,0.2,"SAW","SAW","SAW","SAW"
"94","S7.2",1,0,0,0,0,0,0,0,0,0,0,0,12,0,0,157,0,0,0,0,0,0,0,18,0,0,0,0,0,0,2,1,0,0,0,0,3,1,0,0,6,0,285,0,0,0,0,0,0,0,1,0,0,0,0,0,0,0,0,0,1,0,0,0,0,6,0,0,0,0,0,227,0,0,0,1,29,0,0,6,1510,0,0,0,0,0,0,2,0,0,0,0,0,0,0,0,0,0,0,0,0,0,0,0,0,0,0,20,1,0,0,0,1,0,0,29,0,121,0,0,0,0,0,0,91,0,0,0,3,0,0,0,0,0,0,0,0,0,0,0,93,1,45,153,0,1,213,0,0,0,0,0,0,0,0,0,0,17,9,0,0,4,0,0,10,0,2,0,0,0,0,1,20,0,0,0,0,968,0,0,443,0,0,0,0,0,0,0,13,0,0,8,209,41,1247,0,0,0,0,0,0,0,0,3,0,0,0,0,0,0,0,327,48,379,2,0,0,0,0,0,54,0,1,0,1,0,0,0,0,0,15,0,0,546,0,0,0,0,0,0,0,0,0,7,0,0,0,0,9,12,56,0,0,0,0,18,0,0,0,1,24,0,0,0,0,0,0,21,0,0,8,0,8,0,0,163,0,1,0,0,0,29,"7B",2,7,"B","7B",28,"January",2014,1,0,"CATGCCAACATG","CCGGACTACHVGGGTWTCTAAT","Run1",0,171.469,-45.827,5,58.39,12.4,34.276,0.75,9.2,0.2,"SAW","SAW","SAW","SAW"
"95","S8.1",0,0,0,0,0,0,0,0,0,0,0,0,9,0,0,183,0,0,0,0,0,0,0,22,0,0,0,0,0,0,2,0,0,0,0,0,2,0,0,0,6,0,196,0,0,0,0,0,0,1,0,0,0,0,0,0,0,1,0,0,2,0,0,0,0,6,1,0,0,1,0,305,0,0,0,0,35,0,1,2,1119,0,0,0,0,0,0,3,0,1,0,0,0,0,0,0,0,0,0,0,0,0,0,0,0,0,0,36,0,0,0,0,0,0,0,43,0,126,0,0,0,0,0,0,123,0,0,0,2,0,0,0,0,0,0,0,0,0,0,0,70,1,89,111,0,2,232,1,0,0,1,0,0,0,0,0,0,15,7,0,1,4,0,0,21,0,4,0,0,0,0,0,60,0,0,0,0,920,0,0,588,0,0,0,0,0,0,0,9,0,0,21,251,39,1168,0,0,0,0,0,0,0,0,1,0,0,0,0,0,0,0,432,67,340,5,0,0,0,0,0,62,0,0,0,6,0,0,0,0,0,15,0,0,531,0,0,0,0,0,0,0,0,0,11,3,0,0,0,5,10,72,0,0,0,0,22,0,0,0,0,16,3,0,0,0,0,1,24,0,0,9,0,7,1,0,229,0,2,0,0,0,28,"8A",1,8,"A","8A",28,"January",2014,1,0,"GAGTACAGTCTA","CCGGACTACHVGGGTWTCTAAT","Run1",0,171.558,-45.839,5,65.37,12.6,34.279,0.7,10.6,0.4,"SAW","SAW","SAW","SAW"
"96","S8.2",1,0,0,0,0,0,0,1,0,0,0,0,6,0,0,190,0,0,0,0,0,0,0,24,0,0,0,0,0,0,2,3,0,0,0,0,2,0,0,0,1,0,286,0,0,0,0,0,0,1,0,0,0,0,0,0,0,0,0,0,1,1,0,0,0,6,0,0,1,0,0,245,0,0,0,0,35,0,2,4,1119,0,0,0,0,0,0,2,0,0,0,0,0,0,0,0,0,0,0,0,0,0,0,0,0,0,0,48,1,0,0,0,1,0,0,90,0,92,0,0,0,0,0,0,110,0,0,0,6,0,0,0,0,0,0,0,0,0,0,0,103,6,85,127,0,1,301,3,0,0,2,0,0,0,0,0,0,29,6,0,1,3,0,0,10,0,6,0,0,0,0,0,57,0,0,0,0,728,1,0,429,0,0,0,0,1,0,0,8,0,0,21,224,81,1362,0,0,0,0,0,0,0,0,1,0,0,0,0,0,0,0,312,44,319,2,0,0,0,0,0,71,0,0,0,4,0,0,0,0,0,14,0,0,693,0,0,0,0,0,0,0,0,0,6,5,0,0,0,4,10,62,0,0,0,0,21,0,0,0,0,29,1,0,0,0,0,1,21,0,2,8,0,5,1,0,178,0,1,0,0,0,52,"8B",1,8,"B","8B",28,"January",2014,1,0,"CCTACATGAGAC","CCGGACTACHVGGGTWTCTAAT","Run1",0,171.558,-45.839,5,65.37,12.6,34.279,0.7,10.6,0.4,"SAW","SAW","SAW","SAW"
