"","SampleID","1013-28-CG33","34P16","4-Org1-14","A714019","Acanthopleuribacterales","Acidimicrobiales","Acidobacteriales","Aeromonadales","Alteromonadales","Anaerolineales","ANME-1","Ardenticatenales","Armatimonadales","Asterionella ralfsii","Bacillales","Bacteroidales","BD2-11 terrestrial group","BD7-8 marine group","Bdellovibrionales","Burkholderiales","C0119","Campylobacterales","Cardiobacteriales","Caulobacterales","CCM11a","Chlamydiales","Chromatiales","Chthoniobacterales","Clostridiales","Corethron pennatum","Corynebacteriales","Cylindrotheca closterium","Cymbomonas tetramitiformis","Cytophagales","DB1-14","Deferribacterales","Deinococcales","Delphineis sp. CCMP1095","Desulfarculales","Desulfobacterales","Desulfurellales","Desulfuromonadales","Dinophysis acuminata","E01-9C-26 marine group","EC3","Emiliania huxleyi","Enterobacteriales","Entomoplasmatales","Euptilota molle","Fibrobacterales","Flavobacteriales","Frankiales","Fusobacteriales","Gaiellales","Gammaproteobacteria Incertae Sedis","GR-WP33-30","Halobacteriales","Heterosigma akashiwo","Hot Creek 32","Hydrogenophilales","KI89A clade","Lactobacillales","Legionellales","marine metagenome","Mariprofundales","MB11C04 marine group","Metazoa","Methylococcales","Methylophilales","Micrococcales","Micromonosporales","Mycoplasmatales","Myxococcales","NB1-n","Neisseriales","Nephroselmis pyriformis","Nitrosomonadales","Nitrospirales","NKB5","Oceanospirillales","Ochrosphaera neapolitana","OCS116 clade","Opitutales","Order II","Order III","Order Incertae Sedis","Parvularculales","Pasteurellales","PeM15","Phalacroma mitra","Phycisphaerales","Planctomycetales","Porphyridium aerugineum","Porphyridium purpureum","Prasinoderma coloniale","Proboscia indica","Propionibacteriales","Protalveolata","Pseudomonadales","Pseudonocardiales","Pseudoscourfieldia marina","Puniceicoccales","PYR10d3","Pyramimonas disomata","Resultor mikron","RF9","Rhizobiales","Rhodobacterales","Rhodocyclales","Rhodospirillales","Rickettsiales","S-70","S26-47","Salinisphaerales","SAR11 clade","SAR324 clade(Marine group B)","SB1-18","Selenomonadales","Sh765B-AG-111","Sh765B-TzT-29","Sneathiellales","Solirubrobacterales","Sphingobacteriales","Sphingomonadales","Spirochaetales","SS1-B-09-64","Stellarima microtrias","Subgroup 2","Subgroup 21","Subgroup 3","Subgroup 4","Subgroup 6","SubsectionI","SubsectionII","SubsectionIII","Sva0485","Synergistales","Syntrophobacterales","Thermoplasmatales","Thiotrichales","uncultured anaerobic bacterium","uncultured archaeon","uncultured bacterium","uncultured bacterium AD106-G5","uncultured Chloroflexi bacterium","uncultured Chloroflexus sp.","uncultured Chlorophyta","uncultured Codakia orbicularis gill symbiont","uncultured crenarchaeote ODPB-A9","uncultured cyanobacterium","uncultured Cyanobacterium sp.","uncultured deep-sea bacterium","uncultured delta proteobacterium","uncultured diatom","uncultured eukaryote","uncultured gamma proteobacterium","uncultured marine archaeon","uncultured marine bacterium","uncultured marine eukaryote","uncultured marine group I thaumarchaeote","uncultured marine microorganism","uncultured marine rappemonad","uncultured organism","uncultured phototrophic eukaryote","uncultured Planctomycetales bacterium","uncultured planctomycete","uncultured proteobacterium","uncultured SAR202 cluster bacterium","uncultured soil bacterium","uncultured Verrucomicrobia bacterium","unidentified archaeon PM7","unidentified marine bacterioplankton","Unknown Order","vadinHA64","Verrucomicrobiales","Vibrionales","Virgulinella fragilis","Xanthomonadales","Station","Kim_Station","Published_station","Replicate","Published_ID","Day","Month","Year","Time","Depth","BarcodeSequence","LinkerPrimerSequence","Description","Sample_day","LonE","LatN","Depth2","Distance.km_from_TH.","Temperature","Salinity","Phosphate","Nitrate","Silicate","Water_mass","Water_mass_DFA","Water_mass_PCA","Water_mass_Sergio"
"1","1A.03.15",0,0,0,0,0,238,0,0,180,2,0,0,0,0,3,0,0,0,1,8,0,0,0,1,0,0,0,0,7,0,0,0,0,19,0,24,0,0,0,0,0,0,0,3,0,0,1,0,0,9,2056,0,0,0,0,0,0,0,0,0,41,0,10,0,0,0,0,0,121,0,0,0,0,0,0,0,0,0,0,796,0,146,0,0,0,405,0,0,0,0,1,3,0,0,4,0,0,0,1,0,0,19,0,0,0,0,3,591,0,498,77,0,0,0,805,0,0,0,0,12,0,1,19,2,0,0,0,0,0,0,0,0,1387,0,0,0,0,0,4,64,0,0,2,0,0,0,0,0,0,4,0,0,0,0,0,0,1,0,0,0,0,0,11,0,0,0,0,0,0,0,0,0,0,0,208,0,0,3,"1A",1,8,"A","8A",10,"March",15,406,0,"GGCGTTGCATTC","CCGGACTACHVGGGTWTCTAAT","Run2",4,171.534,-45.83,5,63.61,12.3,34.375,0.86,8.7,0.28,"SAW","SAW","SAW","SAW"
"2","1A.04.15",0,0,0,0,0,356,0,0,122,0,0,0,0,0,0,0,0,0,9,11,0,0,0,1,1,0,1,0,0,0,0,0,0,13,0,25,0,0,0,0,0,4,0,9,0,0,0,0,0,7,1407,0,0,1,4,3,0,0,0,0,28,0,24,0,0,3,0,0,106,0,0,0,8,0,0,0,3,0,0,536,0,132,0,0,0,405,0,0,1,1,10,51,0,0,28,0,0,0,0,0,0,94,0,0,0,0,3,1109,0,407,94,0,0,3,565,0,0,0,0,15,0,0,14,0,0,0,0,0,0,0,0,0,1240,0,0,0,0,0,4,151,0,1,19,0,0,0,0,0,0,22,0,0,0,0,0,4,2,0,0,0,0,0,12,1,0,0,1,0,1,0,0,0,0,0,649,0,0,17,"1A",1,8,"A","8A",21,"April",15,448,0,"TTGCGGACCCTA","CCGGACTACHVGGGTWTCTAAT","Run2",5,171.534,-45.829,5,63.35,10.9,34.311,0.94,10,0.55,"SAW","SAW","SAW","SAW"
"3","1A.06.14",0,0,0,0,0,443,0,0,104,0,0,0,0,0,0,0,1,0,21,11,0,0,0,0,0,0,0,1,0,0,0,0,0,25,0,300,0,0,0,1,0,1,2,17,0,9,0,0,1,3,1020,1,0,1,3,3,0,0,0,0,71,0,7,0,1,5,0,0,106,2,0,0,14,0,0,0,3,0,1,1255,0,260,0,0,0,321,0,0,2,4,9,32,0,0,6,0,0,0,0,0,0,22,0,0,0,0,1,602,0,714,255,0,0,14,517,10,0,0,0,27,0,1,12,2,0,0,0,0,0,0,0,0,457,0,0,0,0,0,265,78,0,9,348,0,2,0,0,0,0,34,1,0,0,0,0,13,23,7,7,0,4,0,114,7,0,0,3,0,0,0,0,2,9,0,94,2,0,31,"1A",1,8,"A","8A",3,"June",14,126,0,"ACAGGAGGGTGT","CCGGACTACHVGGGTWTCTAAT","Run2",1,171.532,-45.829,5,63.28,9.7,34.229,0.99,11.5,1.1,"SAW","SAW","SAW","SAW"
"4","1A.07.14",0,0,0,0,2,1637,0,0,111,0,0,0,0,4,8,0,7,0,20,46,0,0,0,0,0,2,0,0,0,0,6,0,0,34,0,120,0,0,0,1,0,7,0,131,0,9,15,0,0,4,1402,0,0,1,20,30,0,0,0,0,35,0,32,0,11,0,0,0,80,40,0,0,7,0,0,0,9,0,3,698,0,168,0,1,0,125,5,0,0,5,8,65,0,0,2,0,0,0,2,0,0,7,0,0,0,0,18,821,0,353,113,0,0,15,298,35,0,0,0,52,0,1,45,0,0,0,0,0,0,0,0,0,515,0,0,0,0,0,137,45,0,28,110,0,0,0,0,0,0,29,3,0,0,0,0,17,73,8,0,0,0,1,83,8,0,0,0,0,0,0,0,0,23,0,68,1,0,28,"1A",1,8,"A","8A",29,"July",14,182,0,"ACCTTGACAAGA","CCGGACTACHVGGGTWTCTAAT","Run2",2,171.534,-45.83,5,63.29,8.4,34.25,1.02,14.2,1.7,"SAW","SAW","SAW","SAW"
"5","1A.12.14",0,2,0,0,0,1,0,0,531,0,0,0,0,0,27,0,0,0,4,62,0,3,0,4,0,0,0,1,13,0,3,0,0,9,2,0,0,0,8,0,0,0,0,0,0,3,4,0,0,10,750,0,0,0,0,0,0,0,0,0,69,4,5,0,0,3,0,0,174,11,0,0,8,0,0,0,0,0,0,140,0,8,0,2,0,21,0,1,0,4,3,38,0,0,56,3,0,0,5,0,0,10,0,0,0,0,29,3458,3,241,564,0,0,0,978,2,0,0,0,0,0,0,22,5,3,0,0,0,0,0,0,1,268,0,0,0,0,0,3,48,0,0,79,0,0,0,0,0,0,56,0,0,0,0,0,0,0,2,2,0,0,0,2,7,0,0,0,0,4,0,0,3,0,0,96,1,1,6,"1A",1,8,"A","8A",19,"December",14,325,0,"CCGACATTGTAG","CCGGACTACHVGGGTWTCTAAT","Run2",3,171.533,-45.83,5,63.8,11.4,34.302,0.98,11,0,"SAW","SAW","SAW","SAW"
"6","1B.03.15",0,0,0,0,0,256,0,0,161,0,0,0,0,0,1,0,0,0,1,6,0,1,0,0,0,0,0,0,0,0,0,0,0,16,0,15,0,0,0,0,0,0,0,1,0,0,1,0,0,10,1868,0,0,1,0,0,0,0,0,0,48,0,2,0,2,0,0,0,78,0,0,0,0,0,0,0,0,1,0,757,0,149,0,0,0,454,0,0,0,0,0,2,0,0,2,0,0,0,1,0,0,14,0,0,0,0,0,689,0,558,96,0,0,0,799,0,0,0,0,13,0,0,14,1,0,0,0,0,0,0,0,0,1524,0,0,0,0,0,4,54,0,0,6,0,0,0,0,0,0,4,0,0,0,0,0,1,0,0,0,0,0,0,10,0,0,0,0,0,0,0,0,0,0,0,134,0,0,0,"1B",1,8,"B","8B",10,"March",15,406,0,"ACTAGCGTTCAG","CCGGACTACHVGGGTWTCTAAT","Run2",4,171.534,-45.83,5,63.61,12.3,34.375,0.86,8.7,0.28,"SAW","SAW","SAW","SAW"
"8","1B.06.14",0,0,0,0,0,1025,0,0,95,0,0,0,0,0,0,0,0,0,19,21,0,0,0,0,0,2,0,0,0,0,0,0,0,17,0,148,0,0,0,3,0,0,1,29,0,6,0,0,0,5,1277,0,0,0,7,1,0,0,0,0,51,0,12,0,0,2,0,0,74,2,0,0,11,0,0,0,3,0,0,586,1,216,0,0,0,338,0,0,4,1,12,79,0,0,10,0,0,0,0,0,0,21,0,0,0,0,3,869,0,508,217,0,0,5,661,5,0,0,0,21,0,0,13,3,0,0,0,0,0,0,0,0,556,0,0,0,0,0,121,81,0,9,129,0,4,0,0,0,0,65,0,0,0,0,0,7,20,5,1,0,1,0,56,3,0,0,1,0,0,0,0,2,7,0,288,0,0,53,"1B",1,8,"B","8B",3,"June",14,126,0,"GCTGTCGTCAAC","CCGGACTACHVGGGTWTCTAAT","Run2",1,171.532,-45.829,5,63.28,9.7,34.229,0.99,11.5,1.1,"SAW","SAW","SAW","SAW"
"9","1B.07.14",0,0,0,0,0,1010,0,0,51,0,0,0,0,0,1,1,6,0,16,9,1,0,0,1,0,0,0,0,0,0,0,0,0,26,3,295,0,0,0,2,0,7,6,66,0,13,2,0,1,5,1106,0,0,0,14,6,0,0,0,0,27,0,12,0,0,1,0,0,88,0,0,0,16,0,0,0,1,0,0,948,1,193,0,0,0,175,2,0,7,9,6,29,0,0,6,0,0,0,0,0,0,4,0,0,0,0,0,531,0,496,156,0,3,25,581,65,0,0,0,32,0,0,8,2,0,0,0,0,0,0,0,0,506,0,0,0,0,0,263,49,0,23,458,0,30,0,0,0,0,88,0,0,0,1,0,5,62,9,1,0,3,1,61,4,0,0,1,0,1,0,0,6,18,0,38,2,4,7,"1B",1,8,"B","8B",29,"July",14,182,0,"GTAACCACCACC","CCGGACTACHVGGGTWTCTAAT","Run2",2,171.534,-45.83,5,63.29,8.4,34.25,1.02,14.2,1.7,"SAW","SAW","SAW","SAW"
"10","1B.12.14",0,0,0,0,0,0,0,0,507,0,0,0,0,0,1,2,0,0,7,31,0,1,0,0,0,0,2,0,0,0,0,0,0,9,3,0,2,0,0,0,0,1,0,0,0,2,0,0,0,10,777,0,0,0,0,0,0,0,0,0,45,0,8,0,1,1,0,0,196,0,0,0,12,0,0,0,0,0,0,148,0,11,0,2,0,25,1,0,0,5,4,47,0,0,90,2,0,0,1,0,0,8,0,0,0,0,16,3447,0,328,525,0,0,1,920,1,0,0,0,0,0,0,3,16,0,1,0,0,0,0,0,1,249,0,0,0,0,0,0,45,0,0,67,0,0,0,0,1,0,47,0,0,0,0,0,0,0,5,0,0,0,0,0,1,0,0,0,0,0,0,0,0,1,0,156,2,0,1,"1B",1,8,"B","8B",19,"December",14,325,0,"CATGTAAGGCTC","CCGGACTACHVGGGTWTCTAAT","Run2",3,171.533,-45.83,5,63.8,11.4,34.302,0.98,11,0,"SAW","SAW","SAW","SAW"
"12","2A.04.15",0,0,0,0,0,431,0,0,153,0,0,0,0,0,0,0,0,0,10,11,0,0,0,0,0,0,0,1,3,0,1,0,0,9,0,39,0,0,0,1,0,5,0,11,0,0,1,0,0,7,1262,0,0,0,3,4,0,0,0,0,80,0,11,0,0,3,0,0,100,0,0,0,4,0,0,0,1,0,1,1075,0,144,0,0,0,394,0,0,2,1,9,93,0,0,12,0,0,0,2,1,0,52,0,0,0,0,0,1068,0,483,150,0,0,4,612,1,0,0,0,10,0,0,10,2,0,0,0,0,0,0,0,0,658,0,0,0,0,0,11,145,0,1,18,0,0,0,0,0,0,35,0,0,0,0,0,1,1,0,0,0,0,0,44,2,0,0,1,0,0,0,0,0,0,0,500,0,0,29,"2A",2,7,"A","7A",21,"April",15,448,0,"AACGTTAGTGTG","CCGGACTACHVGGGTWTCTAAT","Run2",5,171.439,-45.822,5,55.96,10.9,34.297,0.93,9.4,0.42,"SAW","SAW","SAW","SAW"
"14","2A.07.14",0,0,1,0,0,520,0,0,59,0,0,0,0,0,2,0,7,0,5,4,2,0,0,0,0,0,0,3,6,0,1,1,0,25,0,418,0,0,1,12,0,7,14,60,0,32,0,0,0,5,711,2,0,0,3,1,0,0,0,0,23,1,7,2,0,4,0,0,84,0,0,0,6,0,0,0,7,0,1,1293,2,252,0,0,0,182,1,0,2,11,10,21,0,1,5,0,1,0,1,0,0,0,0,0,0,0,0,375,0,588,123,0,1,56,491,119,0,0,0,50,0,0,4,0,0,0,0,1,0,0,0,0,339,1,0,1,0,0,505,39,0,64,700,0,49,0,0,0,0,35,0,0,0,0,1,14,126,10,0,0,7,3,75,5,0,2,8,0,0,0,0,4,51,0,29,3,8,15,"2A",2,7,"A","7A",29,"July",14,182,0,"CATAGCTCGGTC","CCGGACTACHVGGGTWTCTAAT","Run2",2,171.445,-45.819,5,56.46,8.2,34.26,0.78,9,1.2,"SAW","SAW","SAW","SAW"
"15","2A.12.14",0,0,0,0,0,1,0,0,235,0,0,0,0,0,4,0,0,0,2,44,0,1,0,1,0,0,0,1,1,0,1,0,0,1,2,0,0,0,0,0,0,0,0,1,0,0,1,0,0,1,923,0,0,0,0,0,0,0,0,0,21,1,2,0,0,1,0,0,231,0,0,0,6,0,0,0,0,0,0,227,0,40,0,0,0,69,0,0,0,1,3,23,0,0,9,4,0,0,2,0,0,39,0,0,0,0,3,2734,0,641,500,0,0,0,1440,0,0,0,0,0,0,0,4,11,0,0,0,0,0,0,0,1,165,0,0,0,0,0,2,96,0,0,17,0,0,0,0,0,0,59,0,0,0,0,0,1,0,1,0,0,0,0,2,0,0,0,0,0,0,0,0,0,0,0,219,0,0,1,"2A",2,7,"A","7A",19,"December",14,325,0,"TGCAAGCTAAGT","CCGGACTACHVGGGTWTCTAAT","Run2",3,171.469,-45.818,5,58.26,11.2,34.33,0.95,10.9,0.2,"SAW","SAW","SAW","SAW"
"16","2B.03.15",0,0,0,0,0,94,0,0,122,0,0,0,0,0,0,0,0,0,0,7,0,0,0,1,0,0,0,0,0,0,0,0,0,9,0,7,0,0,0,0,0,0,1,1,0,0,1,0,0,4,1804,0,0,0,0,0,0,0,1,0,53,0,3,0,0,0,0,0,96,0,0,0,0,0,0,0,0,0,0,1080,0,148,0,0,0,519,0,0,0,0,2,0,0,0,7,0,0,0,0,0,0,5,0,0,0,0,1,568,1,547,80,0,0,0,832,0,0,0,0,15,0,0,7,2,1,0,0,0,0,0,0,0,1428,0,2,0,0,0,0,54,0,0,5,0,0,0,0,0,0,16,0,0,0,0,0,0,0,1,0,0,0,0,11,0,0,0,1,0,0,0,0,0,0,0,205,0,0,0,"2B",2,7,"B","7B",10,"March",15,406,0,"TGCGAGTATATG","CCGGACTACHVGGGTWTCTAAT","Run2",4,171.434,-45.81,5,55.53,12.7,34.341,0.9,9.6,0.17,"SAW","SAW","SAW","SAW"
"17","2B.04.15",0,0,0,0,0,546,0,0,146,0,0,0,0,0,0,0,0,0,17,21,0,0,0,0,0,0,0,0,0,0,0,1,0,8,0,49,0,0,0,0,0,4,0,4,0,0,0,0,0,6,1294,0,0,1,5,6,0,0,0,0,99,0,17,0,0,1,0,0,99,2,0,0,8,0,0,0,2,0,0,957,0,154,0,1,0,494,0,0,1,0,15,59,0,0,7,0,0,0,0,0,0,72,0,0,0,0,15,1011,0,441,126,0,0,3,547,1,0,0,0,8,0,0,15,0,0,0,0,0,0,0,1,0,720,0,0,0,0,0,12,125,0,0,32,0,0,0,0,0,0,34,0,0,0,0,0,6,1,2,0,0,2,0,39,0,0,0,0,0,0,0,0,0,0,0,508,2,0,28,"2B",2,7,"B","7B",21,"April",15,448,0,"TGCATGACAGTC","CCGGACTACHVGGGTWTCTAAT","Run2",5,171.439,-45.822,5,55.96,10.9,34.297,0.93,9.4,0.42,"SAW","SAW","SAW","SAW"
"18","2B.06.14",0,0,0,0,0,726,0,0,71,0,0,0,0,0,0,0,3,0,21,16,0,0,0,0,0,0,0,2,0,0,0,0,0,10,0,205,0,0,0,4,0,2,3,24,0,7,0,0,1,5,1142,0,0,0,1,1,0,0,0,0,59,0,10,0,0,1,0,0,78,0,0,0,9,0,0,0,3,0,0,806,0,266,0,0,0,362,0,0,1,8,11,30,0,0,3,0,0,0,0,0,0,14,0,0,0,0,1,756,0,645,184,0,0,10,751,18,0,0,0,28,0,0,13,3,0,0,0,0,0,0,0,0,451,0,0,0,0,0,285,69,0,9,269,0,5,0,0,0,0,58,0,0,0,0,0,7,32,11,0,0,1,0,64,4,0,0,0,0,0,1,0,1,13,0,89,3,0,29,"2B",2,7,"B","7B",3,"June",14,126,0,"AAGCTTGAAACC","CCGGACTACHVGGGTWTCTAAT","Run2",1,171.435,-45.816,5,55.6,9.8,34.235,0.81,11.9,1.6,"SAW","SAW","SAW","SAW"
"19","2B.07.14",0,0,0,0,0,360,0,0,52,0,0,0,0,0,1,0,15,0,18,10,3,0,0,0,0,0,0,0,1,0,0,0,0,25,0,460,0,0,0,11,0,5,8,62,0,21,2,0,1,4,733,0,0,0,1,2,0,0,0,1,23,0,5,1,0,4,0,0,102,2,0,0,21,0,0,0,2,2,0,1361,5,257,0,0,0,169,0,0,2,11,15,26,0,2,6,0,0,0,0,0,0,4,0,0,1,0,3,334,0,615,133,0,1,54,570,146,0,0,0,40,0,0,12,5,0,0,1,0,0,0,0,0,247,0,0,0,0,0,549,26,0,53,677,0,29,0,0,0,0,52,1,0,0,1,1,10,128,18,0,0,5,0,82,11,0,0,7,0,0,0,0,6,57,0,13,1,10,18,"2B",2,7,"B","7B",29,"July",14,182,0,"AACCATGCCAAC","CCGGACTACHVGGGTWTCTAAT","Run2",2,171.445,-45.819,5,56.46,8.2,34.26,0.78,9,1.2,"SAW","SAW","SAW","SAW"
"20","2B.12.14",0,2,0,0,0,37,0,0,225,0,0,0,0,0,0,1,0,0,1,25,0,1,0,1,0,0,0,0,0,0,1,0,0,10,0,5,0,0,0,0,0,0,0,0,0,9,0,0,0,1,1351,0,0,0,0,0,0,0,0,0,36,0,1,0,0,4,0,0,144,0,0,0,19,0,0,0,1,0,0,722,0,77,0,0,0,43,0,0,0,14,1,5,0,0,6,19,0,0,1,0,0,17,0,0,0,0,3,2547,0,468,520,0,0,0,975,1,0,0,0,0,0,0,3,5,0,0,0,0,0,0,0,0,67,0,0,0,0,0,4,88,0,0,127,0,0,0,0,0,0,21,1,0,0,0,4,1,0,5,0,0,0,0,5,13,0,0,0,0,0,0,0,2,0,0,110,0,1,0,"2B",2,7,"B","7B",19,"December",14,325,0,"GTGTGTGCCATA","CCGGACTACHVGGGTWTCTAAT","Run2",3,171.469,-45.818,5,58.26,11.2,34.33,0.95,10.9,0.2,"SAW","SAW","SAW","SAW"
"21","3A.03.15",0,0,0,0,0,37,0,0,339,0,0,0,0,0,0,0,0,0,1,12,0,0,0,1,0,2,0,0,3,0,0,0,0,1,0,4,0,0,0,0,0,0,2,9,0,1,1,0,0,0,784,0,0,0,0,0,0,0,0,0,18,0,25,0,0,2,0,2,89,1,0,0,1,0,0,0,0,0,0,317,0,87,0,0,0,686,0,0,4,0,2,2,0,0,14,0,0,0,0,0,0,8,0,0,0,0,3,306,1,366,43,0,0,0,893,0,0,0,0,9,0,0,3,2,2,0,0,0,0,0,0,0,2796,0,0,0,0,0,10,63,0,0,22,0,0,0,0,0,0,65,0,0,0,0,0,1,1,1,0,0,0,0,6,1,0,0,0,0,0,0,0,0,0,0,796,0,0,1,"3A",3,6,"A","6A",10,"March",15,406,0,"TACCACAACGAA","CCGGACTACHVGGGTWTCTAAT","Run2",4,171.335,-45.813,5,47.89,12.1,34.376,0.9,9.1,0.26,"SAW","SAW","SAW","FRONT"
"22","3A.04.15",0,0,0,0,0,669,0,0,437,3,0,0,0,0,1,0,1,0,8,8,0,4,0,1,0,2,1,1,0,0,1,0,0,10,3,78,0,0,0,2,0,7,8,213,0,0,3,0,0,3,1178,1,0,0,0,4,0,0,0,1,15,0,51,1,0,0,0,0,166,1,0,0,3,0,0,0,18,0,9,441,0,152,0,0,0,201,0,0,2,0,30,39,0,0,33,0,0,0,0,0,0,16,0,0,0,0,2,797,0,320,27,0,0,18,526,2,0,0,0,23,0,0,4,3,0,0,0,0,0,0,0,0,1522,0,0,1,0,0,64,89,0,6,34,0,1,0,0,0,0,28,0,0,0,0,0,16,46,2,0,0,0,0,14,0,0,1,0,0,0,0,0,0,115,0,267,0,0,13,"3A",3,6,"A","6A",21,"April",15,448,0,"TCAATCGCTTTC","CCGGACTACHVGGGTWTCTAAT","Run2",5,171.335,-45.814,5,47.92,10.9,34.339,0.94,10.4,0.33,"SAW","SAW","SAW","FRONT"
"23","3A.06.14",0,0,0,0,0,840,0,0,68,0,0,0,0,0,29,0,5,0,45,14,0,0,0,0,0,3,0,2,4,0,0,0,0,39,0,230,0,0,0,5,0,1,12,40,0,22,0,0,0,0,776,0,0,0,0,6,0,0,0,0,76,0,4,0,1,0,0,0,99,9,0,0,14,0,0,0,0,0,8,858,0,245,0,0,0,269,0,0,3,15,21,71,0,0,22,0,0,0,0,0,0,39,0,0,0,0,27,772,0,598,199,0,0,27,464,29,0,0,0,47,0,0,17,0,0,0,0,1,0,0,0,0,271,0,3,0,0,0,305,58,3,20,701,0,14,0,0,0,0,91,1,0,0,0,0,4,12,18,0,0,3,0,86,5,0,0,9,0,0,0,8,12,26,0,88,0,6,50,"3A",3,6,"A","6A",3,"June",14,126,0,"TAAGCGTCTCGA","CCGGACTACHVGGGTWTCTAAT","Run2",1,171.346,-45.807,5,48.66,9.9,34.287,0.87,12.2,1.3,"SAW","SAW","SAW","FRONT"
"24","3A.07.14",0,0,0,0,0,242,0,0,107,0,0,0,0,8,2,3,25,0,33,117,0,0,0,0,0,0,0,0,0,0,0,0,0,24,0,714,0,0,0,11,0,0,15,125,0,5,13,0,0,22,730,4,0,1,0,0,0,0,0,0,65,2,8,0,0,9,0,0,41,147,0,0,36,0,0,0,5,0,0,1327,10,246,8,0,0,114,0,0,0,2,36,32,0,0,11,0,1,0,0,0,0,0,0,0,0,0,12,280,0,592,74,0,0,70,405,171,0,0,0,36,0,1,40,13,0,0,0,0,0,0,0,2,253,0,0,0,0,0,424,104,0,72,600,0,36,0,0,0,0,98,0,2,0,0,0,28,81,5,0,0,0,0,85,4,0,0,0,0,0,0,0,12,45,0,20,0,13,22,"3A",3,6,"A","6A",29,"July",14,182,0,"TATGGAGCTAGT","CCGGACTACHVGGGTWTCTAAT","Run2",2,171.346,-45.811,5,48.69,9,34.458,0.87,12.4,2.2,"FRONT","FRONT","FRONT","FRONT"
"25","3A.12.14",0,0,0,0,0,3,0,0,254,0,0,0,0,0,2,0,0,0,0,23,0,3,0,0,0,0,2,0,0,0,0,0,0,1,2,0,0,0,0,0,0,0,0,1,0,0,0,0,0,2,747,0,0,0,0,0,0,0,1,1,12,0,2,0,0,3,0,0,211,0,0,0,3,0,0,0,1,0,0,285,0,51,0,0,0,113,0,0,1,0,2,29,0,0,11,0,0,0,0,0,0,250,0,0,0,0,0,2033,0,538,323,0,0,0,1440,1,0,0,0,1,0,1,2,11,0,0,0,0,0,0,0,0,916,0,0,0,0,0,0,93,0,0,6,0,0,0,0,0,0,27,0,0,0,0,1,0,0,0,0,0,0,0,3,1,1,0,0,0,0,0,0,0,0,0,404,0,0,0,"3A",3,6,"A","6A",19,"December",14,325,0,"TGACAACCGAAT","CCGGACTACHVGGGTWTCTAAT","Run2",3,171.382,-45.81,5,51.49,11.1,34.343,0.8,8.5,0.3,"SAW","SAW","SAW","FRONT"
"26","3B.03.15",0,0,0,0,0,17,0,0,170,0,0,0,0,0,0,0,0,0,0,4,0,1,0,0,0,0,0,3,0,0,0,0,0,3,0,6,0,0,0,0,0,1,0,4,0,0,2,0,0,6,1584,0,0,0,0,0,0,0,0,0,46,0,6,0,0,1,0,0,123,0,0,0,0,0,0,0,0,1,0,786,0,122,0,0,0,387,0,0,1,0,0,1,0,0,6,0,0,0,0,0,0,17,0,0,0,0,2,556,0,547,92,0,0,0,990,0,0,0,0,11,0,0,6,1,1,0,0,0,0,0,0,1,1747,0,0,0,0,0,2,76,0,0,7,0,0,0,0,0,0,8,0,0,0,0,0,0,1,0,0,0,0,0,13,0,0,0,0,0,0,0,0,0,0,0,367,0,0,0,"3B",3,6,"B","6B",10,"March",15,406,0,"TCTGGAACGGTT","CCGGACTACHVGGGTWTCTAAT","Run2",4,171.335,-45.813,5,47.89,12.1,34.376,0.9,9.1,0.26,"SAW","SAW","SAW","FRONT"
"28","3B.06.14",0,0,0,0,0,660,0,0,81,0,0,0,0,0,0,0,2,0,17,12,0,0,0,0,1,1,0,1,0,0,0,0,0,21,0,242,0,0,0,1,0,8,7,23,0,20,0,0,1,6,1104,0,0,0,1,0,0,0,0,0,52,0,7,0,0,4,0,0,82,0,0,0,17,0,0,1,1,0,0,982,0,253,0,0,0,322,0,0,0,11,15,37,0,0,8,0,0,0,1,0,0,22,0,0,1,0,1,710,0,588,190,0,0,15,685,20,0,0,0,18,0,0,14,2,0,0,0,0,0,0,0,0,205,0,1,0,0,0,310,48,1,8,514,0,5,0,0,0,0,82,0,0,0,0,0,5,25,16,1,0,3,0,117,7,0,0,2,0,0,0,0,2,17,0,69,4,1,21,"3B",3,6,"B","6B",3,"June",14,126,0,"ATAGCTTCGTGG","CCGGACTACHVGGGTWTCTAAT","Run2",1,171.346,-45.807,5,48.66,9.9,34.287,0.87,12.2,1.3,"SAW","SAW","SAW","FRONT"
"29","3B.07.14",0,0,0,0,0,333,0,0,61,0,0,0,0,0,0,0,13,0,17,4,4,0,0,0,1,0,0,0,0,0,0,1,0,22,0,480,0,0,0,14,0,6,12,48,0,24,0,0,3,3,634,0,0,0,2,3,0,0,0,0,27,0,8,0,0,3,0,0,101,0,0,0,15,0,0,0,4,0,0,1413,2,230,0,0,0,151,0,0,1,16,17,19,0,0,6,0,1,0,0,0,0,5,0,0,0,0,5,353,0,597,133,0,2,76,542,141,0,0,0,40,0,0,3,4,0,0,0,0,0,0,0,0,196,1,0,1,0,1,676,28,0,75,694,0,39,0,0,0,0,17,1,0,0,2,1,15,139,10,1,0,6,2,74,9,0,1,7,0,0,0,0,4,57,0,14,2,8,11,"3B",3,6,"B","6B",29,"July",14,182,0,"ACTACCTCTTCA","CCGGACTACHVGGGTWTCTAAT","Run2",2,171.346,-45.811,5,48.69,9,34.458,0.87,12.4,2.2,"FRONT","FRONT","FRONT","FRONT"
"31","4A.03.15",0,0,0,0,0,44,0,0,175,0,0,0,0,0,0,0,0,0,1,5,0,0,0,2,0,2,0,0,0,0,0,0,0,6,0,11,0,0,0,0,0,0,0,8,0,0,0,0,0,5,1662,0,0,0,0,0,0,0,0,1,33,0,8,0,0,0,0,0,131,0,0,0,1,0,0,0,1,0,1,975,0,133,0,0,0,558,0,0,0,0,3,0,0,0,5,0,0,0,0,0,0,4,0,0,1,0,3,698,2,451,74,0,0,0,732,0,0,0,0,23,0,0,6,2,0,0,0,0,0,0,0,0,1673,0,0,0,0,0,3,54,0,1,7,0,0,0,0,0,0,14,0,0,0,0,0,3,2,0,0,0,0,0,9,0,0,0,0,0,0,0,0,0,4,0,248,0,0,3,"4A",4,5,"A","5A",10,"March",15,406,0,"GTACTACCTCGG","CCGGACTACHVGGGTWTCTAAT","Run2",4,171.237,-45.807,5,40.26,12.3,34.489,0.84,8.6,0.52,"FRONT","FRONT","SAW","FRONT"
"32","4A.04.15",0,0,0,0,0,102,0,0,109,0,0,0,0,1,19,0,0,0,8,35,0,0,0,4,0,0,0,0,3,0,0,0,0,8,0,27,0,0,0,7,0,4,0,5,0,0,0,0,0,28,1027,4,0,1,0,1,0,0,0,0,120,0,16,0,0,6,0,0,140,5,8,0,0,0,11,0,6,0,0,943,0,120,0,0,0,667,0,2,1,0,11,41,0,0,1,0,0,0,3,0,0,80,0,0,0,0,1,1032,4,722,174,0,0,4,695,0,0,0,0,18,0,1,4,2,0,0,0,0,0,0,0,1,1041,0,0,0,0,0,11,166,0,8,31,0,0,0,0,0,0,45,0,0,0,0,0,3,5,0,0,0,0,0,102,0,0,0,0,0,1,0,0,0,9,0,250,1,0,29,"4A",4,5,"A","5A",21,"April",15,448,0,"TCACCCAAGGTA","CCGGACTACHVGGGTWTCTAAT","Run2",5,171.241,-45.807,5,40.55,11.6,34.397,0.74,6.3,1.14,"FRONT","FRONT","FRONT","FRONT"
"33","4A.06.14",0,0,0,0,0,510,0,0,91,0,0,0,0,0,1,0,0,0,16,16,0,0,0,0,0,0,0,0,2,0,0,0,0,16,0,393,0,0,0,8,0,13,77,25,0,14,1,0,0,7,758,6,0,0,0,0,0,0,0,4,44,0,9,0,0,5,0,0,76,0,0,0,18,0,0,0,2,0,2,1078,0,257,0,0,0,220,0,0,1,21,3,69,0,2,10,0,0,4,0,0,0,10,0,0,0,0,2,369,0,675,214,0,0,9,564,57,0,0,0,24,0,1,26,0,0,0,0,0,0,0,0,0,382,0,0,0,0,0,388,34,0,11,835,0,10,0,0,0,0,162,4,0,0,0,0,20,31,16,13,0,1,0,108,16,0,0,2,0,0,0,0,4,26,0,50,1,10,15,"4A",4,5,"A","5A",3,"June",14,126,0,"CGGGATCAAATT","CCGGACTACHVGGGTWTCTAAT","Run2",1,171.248,-45.801,5,41.04,9.9,34.385,0.82,11.7,1.3,"SAW","SAW","SAW","FRONT"
"34","4A.07.14",0,0,0,0,0,326,0,0,15,0,0,0,0,0,0,0,34,0,0,9,52,0,0,0,0,0,0,24,0,0,0,16,0,17,0,483,0,0,0,48,0,0,40,74,0,9,0,0,0,0,417,0,0,2,0,0,0,0,0,20,52,0,10,36,0,0,0,0,172,0,0,8,28,0,2,0,26,0,0,1367,0,220,0,0,0,90,0,0,0,2,0,2,0,0,0,0,0,0,0,0,0,0,0,0,0,0,1,336,0,844,123,0,0,57,461,167,0,0,0,85,0,0,0,48,0,0,0,0,0,0,0,0,98,0,0,0,0,24,774,7,0,61,494,0,76,0,0,0,0,38,0,0,0,14,0,0,244,0,0,0,0,0,55,26,0,0,0,0,0,0,0,0,261,0,5,0,13,0,"4A",4,5,"A","5A",29,"July",14,182,0,"GATGATAACCCA","CCGGACTACHVGGGTWTCTAAT","Run2",2,171.264,-45.805,5,42.34,9.2,34.493,0.68,9.7,1.9,"FRONT","FRONT","FRONT","FRONT"
"35","4A.12.14",0,0,0,0,0,2,0,0,168,0,0,0,0,0,2,2,0,0,0,13,0,1,0,1,0,0,0,1,0,0,2,0,0,0,3,0,0,0,0,0,0,0,0,1,0,0,0,0,0,6,387,0,0,1,0,0,0,0,0,0,7,0,0,0,0,4,0,0,163,0,0,0,3,0,0,0,0,0,0,117,0,13,0,0,0,357,0,0,0,0,2,26,0,0,12,2,0,0,0,0,0,286,0,0,0,0,1,1116,0,582,314,0,0,0,1561,0,0,0,0,1,0,0,2,5,0,1,0,0,0,0,0,0,2146,0,0,0,0,0,0,127,0,0,4,0,0,0,0,0,0,23,0,0,0,0,0,0,0,1,0,0,0,0,8,0,0,0,0,0,0,1,0,0,0,0,327,0,0,0,"4A",4,5,"A","5A",19,"December",14,325,0,"CTCCTTAAGGCG","CCGGACTACHVGGGTWTCTAAT","Run2",3,171.287,-45.803,5,44.11,11.4,34.651,0.77,8,0.2,"SAW","FRONT","FRONT","FRONT"
"36","4B.03.15",0,1,0,0,0,60,0,1,190,0,0,0,0,0,1,0,0,0,1,10,0,0,0,1,0,1,2,0,0,0,0,0,0,3,0,8,0,0,0,0,0,0,1,9,0,0,0,0,0,6,1446,0,0,1,0,0,0,0,0,1,28,0,10,0,0,1,0,0,158,0,0,0,2,0,0,0,0,0,0,751,0,146,0,0,0,638,0,0,0,0,3,1,0,0,10,0,0,0,0,0,0,6,0,0,0,0,1,756,0,518,92,1,0,0,844,0,0,0,0,23,0,0,8,3,0,0,0,0,0,0,0,0,1694,0,0,0,0,0,3,70,0,1,10,0,0,0,0,0,0,20,0,0,0,0,0,3,2,0,0,0,0,0,15,0,0,0,0,0,0,0,0,0,3,0,223,0,0,4,"4B",4,5,"B","5B",10,"March",15,406,0,"TTCCTGTTAACC","CCGGACTACHVGGGTWTCTAAT","Run2",4,171.237,-45.807,5,40.26,12.3,34.489,0.84,8.6,0.52,"FRONT","FRONT","SAW","FRONT"
"37","4B.06.14",0,0,1,0,0,1134,0,0,80,0,0,0,0,0,0,0,3,0,9,13,0,0,0,0,0,0,0,0,0,0,0,0,0,16,3,206,0,0,0,3,0,2,10,55,0,7,0,0,2,3,941,0,0,0,4,1,0,0,0,1,39,0,15,0,0,3,0,0,80,1,0,0,13,0,0,0,5,0,1,695,0,258,0,0,0,357,0,0,3,7,16,43,0,1,14,0,0,0,0,0,0,5,0,0,0,0,0,615,0,589,183,0,0,18,715,27,0,0,0,23,0,0,10,0,0,0,0,0,0,0,0,0,527,0,0,0,0,0,229,58,0,19,270,0,3,0,0,0,0,63,0,0,0,0,1,7,47,4,0,0,0,0,74,4,0,2,0,0,0,0,0,1,28,0,128,4,1,29,"4B",4,5,"B","5B",3,"June",14,126,0,"AGTCATCGAATG","CCGGACTACHVGGGTWTCTAAT","Run2",1,171.248,-45.801,5,41.04,9.9,34.385,0.82,11.7,1.3,"SAW","SAW","SAW","FRONT"
"39","4B.12.14",0,0,0,0,0,1,0,0,284,0,0,0,2,0,0,0,0,0,0,18,0,1,0,2,0,0,0,2,0,0,0,0,0,1,1,1,0,0,0,0,0,1,0,2,0,0,1,0,0,10,394,0,0,0,0,0,0,0,0,2,19,0,1,0,0,5,0,0,229,2,0,0,0,0,0,0,0,0,0,243,0,16,0,0,0,332,0,0,0,1,2,39,0,0,9,1,0,0,0,0,0,335,0,0,0,0,2,1037,1,575,320,0,0,0,1792,0,0,0,0,3,0,0,4,6,0,1,0,0,0,0,0,0,1697,0,0,0,0,0,0,84,0,0,4,0,0,0,0,0,0,46,0,0,0,0,0,1,0,0,0,0,0,0,7,0,0,0,0,0,0,0,0,0,0,0,285,0,0,4,"4B",4,5,"B","5B",19,"December",14,325,0,"TTGCCTGGGTCA","CCGGACTACHVGGGTWTCTAAT","Run2",3,171.287,-45.803,5,44.11,11.4,34.651,0.77,8,0.2,"SAW","FRONT","FRONT","FRONT"
"40","5A.03.15",0,0,0,0,0,388,0,0,222,0,0,0,0,0,0,0,0,0,2,3,0,2,0,2,0,0,0,0,0,0,0,0,0,11,0,54,0,0,0,0,0,0,0,11,0,0,0,0,0,24,1882,0,0,0,0,1,0,0,0,1,12,0,18,0,0,2,0,0,122,0,0,0,0,0,0,0,2,0,1,563,0,129,0,0,0,386,0,0,0,0,18,6,0,0,10,0,0,0,0,0,0,3,0,0,0,0,4,739,0,565,115,0,0,1,1003,1,0,0,0,10,0,0,3,2,0,0,0,0,0,0,0,0,1153,0,0,0,0,0,3,61,0,0,5,0,0,0,0,0,0,5,0,0,0,0,0,2,6,0,0,0,0,0,8,0,0,0,0,0,0,0,0,0,19,0,167,0,0,2,"5A",5,4,"A","4A",10,"March",15,406,0,"CTATCCAAGTGG","CCGGACTACHVGGGTWTCTAAT","Run2",4,171.141,-45.804,5,32.86,12.7,34.569,0.67,5.1,0.86,"FRONT","FRONT","FRONT","FRONT"
"41","5A.04.15",0,0,0,0,0,315,0,0,390,14,0,0,0,0,1,0,0,0,4,7,0,3,0,20,0,1,2,0,0,0,0,1,0,5,6,97,0,0,0,2,0,13,7,87,0,0,12,0,0,4,1285,0,0,2,0,3,0,0,0,2,22,0,56,1,0,1,0,0,182,1,0,0,0,0,0,0,3,0,2,496,0,230,0,0,0,244,0,0,4,0,15,26,0,0,19,0,2,0,12,0,0,6,0,0,0,0,1,665,0,525,60,0,0,16,628,0,0,0,0,57,0,0,1,19,0,0,0,0,0,0,0,0,1690,0,0,0,0,0,10,68,0,3,37,0,0,0,0,0,0,10,0,0,0,0,0,19,23,0,0,0,0,0,22,0,0,0,0,0,1,0,0,0,191,0,186,0,3,12,"5A",5,4,"A","4A",21,"April",15,448,0,"AGCCAGTCATAC","CCGGACTACHVGGGTWTCTAAT","Run2",5,171.128,-45.801,5,31.82,12.1,34.695,0.61,4.45,1.3,"STW","STW","STW","FRONT"
"42","5A.06.14",0,0,0,0,0,437,0,0,84,0,0,0,0,1,0,0,5,0,18,7,0,0,0,0,1,2,0,1,0,0,0,0,0,16,0,374,0,0,0,3,0,4,62,31,0,33,1,0,0,4,717,1,0,0,0,3,0,0,0,2,34,0,12,0,0,4,0,0,75,0,0,0,15,0,0,0,5,1,1,1087,0,288,0,1,0,179,0,0,0,18,11,21,0,1,5,0,0,0,2,0,0,6,0,0,3,0,1,427,0,605,163,0,0,30,511,37,0,0,0,34,0,0,11,2,0,0,0,0,0,1,0,0,344,0,0,0,0,0,639,37,1,20,915,0,11,0,1,0,0,72,0,0,0,0,4,7,47,15,0,0,0,1,114,6,0,2,2,0,0,0,0,2,61,0,33,3,4,15,"5A",5,4,"A","4A",3,"June",14,126,0,"ATCTTGGAGTCG","CCGGACTACHVGGGTWTCTAAT","Run2",1,171.15,-45.794,5,33.44,9.8,34.354,0.79,11.3,1.3,"SAW","SAW","SAW","FRONT"
"43","5A.07.14",0,0,16,0,0,545,0,0,27,0,0,0,0,0,18,0,60,0,9,18,0,0,0,0,0,0,1,1,20,0,0,0,0,28,0,514,0,0,0,28,0,0,24,101,0,6,1,0,0,25,538,0,0,0,0,11,0,0,0,0,31,0,0,19,0,2,0,0,47,68,0,0,57,0,0,0,0,13,0,1083,0,273,0,0,0,79,0,0,2,2,33,23,0,0,0,0,0,0,0,0,0,0,0,28,0,0,67,278,0,500,93,0,0,151,490,277,0,0,0,93,1,1,16,11,0,0,0,0,0,0,0,1,206,0,0,0,0,0,509,46,0,109,585,0,10,0,0,0,0,51,0,0,0,10,0,0,308,0,0,0,0,7,15,8,0,0,0,16,0,0,0,0,185,0,20,4,40,17,"5A",5,4,"A","4A",29,"July",14,182,0,"TTGTATGACAGG","CCGGACTACHVGGGTWTCTAAT","Run2",2,171.148,-45.8,5,33.31,10,34.665,0.79,10.7,2.3,"STW","STW","FRONT","FRONT"
"44","5A.12.14",0,0,0,0,0,1,0,0,288,0,0,0,0,0,0,0,0,0,3,25,0,5,0,1,0,0,0,0,0,0,0,0,0,5,0,0,0,0,0,0,0,0,0,2,0,0,0,0,0,9,936,0,0,0,0,0,0,0,0,0,22,0,5,0,0,8,0,0,300,0,0,0,0,0,0,0,0,0,0,662,0,113,0,0,0,302,0,0,0,0,0,16,0,0,14,0,0,0,0,0,0,145,0,0,0,0,2,1229,0,359,167,0,0,7,1784,0,0,0,0,0,0,0,0,3,0,0,0,0,0,0,0,0,1093,0,0,0,0,0,0,127,0,0,5,0,0,0,0,0,0,45,0,0,0,0,0,4,0,2,0,0,0,0,13,0,0,0,0,0,0,0,0,0,0,0,137,0,0,0,"5A",5,4,"A","4A",19,"December",14,325,0,"CAATTCTGCTTC","CCGGACTACHVGGGTWTCTAAT","Run2",3,171.195,-45.798,5,36.98,10.8,34.505,0.44,2.2,0.1,"SAW","FRONT","FRONT","FRONT"
"45","5B.03.15",0,0,0,0,0,181,0,0,305,0,0,0,0,0,0,0,0,0,1,9,0,3,0,3,2,0,0,0,2,0,0,0,0,2,0,34,0,0,0,3,0,0,0,15,0,0,0,0,0,17,1608,0,0,0,0,2,0,0,0,0,13,0,17,0,0,1,0,0,147,0,0,0,1,0,0,0,7,0,2,562,0,83,0,0,0,516,0,0,0,0,13,9,0,0,11,0,0,0,1,0,0,4,0,0,0,0,1,563,2,379,54,0,0,6,993,0,0,0,0,13,0,0,3,1,0,0,0,0,0,0,0,0,1834,0,0,0,0,0,3,70,0,1,8,0,0,0,0,0,0,9,0,0,0,0,0,5,3,0,0,0,0,0,5,0,0,0,0,0,0,0,0,0,15,0,236,0,0,1,"5B",5,4,"B","4B",10,"March",15,406,0,"CAGTCTAGTACG","CCGGACTACHVGGGTWTCTAAT","Run2",4,171.141,-45.804,5,32.86,12.7,34.569,0.67,5.1,0.86,"FRONT","FRONT","FRONT","FRONT"
"46","5B.04.15",0,0,0,0,0,345,0,0,435,20,0,0,0,0,2,0,0,0,8,5,0,1,0,28,0,1,0,0,0,0,0,0,0,7,4,98,0,0,0,2,0,7,4,143,0,0,4,0,0,4,1220,0,0,0,0,1,0,0,0,2,17,0,57,0,0,0,0,0,238,0,0,0,1,0,0,0,2,0,5,463,0,245,0,0,0,243,0,0,2,0,11,10,0,0,11,0,0,0,0,0,3,6,0,1,0,1,2,611,0,432,56,0,0,16,662,2,0,0,0,54,0,0,1,7,0,0,0,0,0,0,0,0,1656,1,0,0,0,0,13,75,0,1,49,0,0,0,0,0,0,11,0,0,0,0,0,11,33,1,0,0,0,0,28,1,0,0,1,0,0,0,1,0,242,0,157,1,3,7,"5B",5,4,"B","4B",21,"April",15,448,0,"TAACGGCGCTCT","CCGGACTACHVGGGTWTCTAAT","Run2",5,171.128,-45.801,5,31.82,12.1,34.695,0.61,4.45,1.3,"STW","STW","STW","FRONT"
"47","5B.06.14",0,0,0,0,0,887,1,0,95,0,0,0,0,0,2,0,0,0,2,63,0,0,0,0,0,0,0,0,0,0,0,0,0,11,9,267,0,0,0,8,0,6,18,58,0,9,1,0,2,2,912,0,0,1,0,6,0,0,0,0,20,2,8,0,0,4,0,0,73,7,0,0,16,0,0,0,8,0,2,627,1,308,0,0,0,343,2,0,3,10,20,36,1,0,11,0,2,0,10,0,0,7,0,0,2,0,12,696,0,554,215,0,0,14,743,11,0,0,0,41,0,0,26,0,0,0,0,0,0,0,0,0,646,0,0,0,0,0,203,53,0,27,230,0,5,0,0,0,0,127,0,0,0,0,4,7,96,1,3,0,3,0,51,2,0,1,0,0,0,0,0,0,84,0,100,5,2,18,"5B",5,4,"B","4B",3,"June",14,126,0,"AGCACCGGTCTT","CCGGACTACHVGGGTWTCTAAT","Run2",1,171.15,-45.794,5,33.44,9.8,34.354,0.79,11.3,1.3,"SAW","SAW","SAW","FRONT"
"48","5B.07.14",0,0,3,0,0,277,0,0,31,4,0,0,0,5,2,0,29,0,12,4,8,0,4,0,0,0,0,6,6,12,0,4,0,31,2,554,0,0,1,24,0,5,28,101,0,16,2,0,0,1,477,0,0,0,0,1,1,0,0,1,14,0,10,19,0,0,0,0,79,1,0,0,22,0,0,0,4,5,0,1091,1,277,0,0,0,89,0,0,1,4,23,18,0,3,1,0,1,0,0,0,1,3,0,26,0,1,1,169,0,679,106,0,0,106,499,241,0,0,0,38,0,0,2,1,0,0,3,1,2,0,0,0,129,2,2,4,0,0,775,22,2,54,766,0,47,0,0,0,0,62,1,0,0,9,2,11,298,13,0,0,4,3,44,18,0,3,1,0,0,0,5,6,190,0,9,3,29,17,"5B",5,4,"B","4B",29,"July",14,182,0,"GGTAAGTTTGAC","CCGGACTACHVGGGTWTCTAAT","Run2",2,171.148,-45.8,5,33.31,10,34.665,0.79,10.7,2.3,"STW","STW","FRONT","FRONT"
"49","5B.12.14",0,0,0,0,0,5,0,0,293,0,0,0,0,0,0,0,0,0,1,15,0,0,0,2,0,0,1,0,0,0,0,0,0,4,3,0,0,0,0,0,0,0,0,8,0,0,0,0,0,7,1059,0,0,1,0,0,0,0,0,2,21,0,5,0,0,3,0,0,206,0,0,0,0,0,0,0,2,0,0,383,0,105,0,0,0,246,0,0,1,0,0,21,0,0,5,2,0,0,1,0,0,231,0,0,0,0,2,1559,0,465,188,0,0,0,1214,0,0,0,0,0,0,0,1,10,0,2,0,0,0,0,0,1,1303,0,0,0,0,0,0,79,0,0,5,0,0,0,0,0,0,12,0,0,0,0,0,0,0,0,0,0,0,0,7,0,0,0,0,0,0,0,0,0,1,0,285,0,0,0,"5B",5,4,"B","4B",19,"December",14,325,0,"ACTGGCAAACCT","CCGGACTACHVGGGTWTCTAAT","Run2",3,171.195,-45.798,5,36.98,10.8,34.505,0.44,2.2,0.1,"SAW","FRONT","FRONT","FRONT"
"50","6A.03.15",0,0,0,0,0,206,0,0,369,0,0,0,0,0,1,0,0,0,1,6,0,4,0,2,1,0,0,0,4,0,0,0,0,2,0,22,0,0,0,2,0,2,5,24,0,0,0,0,0,9,822,0,0,0,0,0,0,0,0,2,7,0,15,0,0,0,0,0,96,1,0,0,2,0,0,0,7,0,2,240,0,79,0,0,0,470,0,0,0,0,22,3,0,0,10,0,0,0,1,0,0,6,0,0,0,0,3,1139,3,576,109,0,0,4,1139,0,0,0,0,9,0,0,4,10,0,0,0,0,0,0,0,0,1862,0,0,0,0,0,10,52,0,0,25,0,0,0,0,0,0,6,0,0,0,0,0,2,7,0,1,0,0,0,9,0,0,0,0,0,0,0,0,0,33,0,322,1,2,4,"6A",6,3,"A","3A",10,"March",15,406,0,"GTGTCCGGATTC","CCGGACTACHVGGGTWTCTAAT","Run2",4,171.027,-45.796,5,23.94,13.8,34.761,0.47,2.7,0.5,"STW","STW","STW","FRONT"
"51","6A.04.15",0,0,0,0,0,264,0,0,324,0,0,0,0,0,33,0,5,0,2,0,0,0,0,9,0,10,0,1,23,0,0,0,0,0,5,39,0,0,0,8,0,4,0,225,6,0,6,0,0,2,838,0,0,0,0,10,0,0,0,4,39,2,22,0,1,0,0,0,229,2,0,0,0,0,0,0,35,0,2,1208,0,150,0,0,0,268,0,0,6,0,24,61,0,0,8,0,2,0,0,0,0,6,0,0,0,4,9,754,0,675,106,0,0,49,655,4,0,0,0,84,0,0,8,12,0,0,0,0,0,0,0,8,901,0,0,0,0,0,19,117,0,0,42,0,0,0,0,0,0,3,0,0,0,0,0,76,43,0,0,0,0,0,58,0,0,0,0,0,0,0,0,0,162,0,149,0,2,24,"6A",6,3,"A","3A",21,"April",15,448,0,"GTTTGCTCGAGA","CCGGACTACHVGGGTWTCTAAT","Run2",5,171.036,-45.796,5,24.65,12.4,34.695,0.67,4.7,1.35,"STW","STW","STW","FRONT"
"52","6A.06.14",0,0,0,0,0,574,0,0,81,0,0,0,0,0,6,0,5,0,11,7,0,0,0,2,0,0,0,6,7,0,0,2,0,30,1,329,0,0,0,7,0,10,39,50,0,17,1,0,2,5,806,0,0,0,1,2,0,0,1,2,29,0,13,5,0,2,0,0,81,0,0,0,13,0,0,0,2,0,0,969,0,283,0,0,0,214,0,0,1,18,15,22,0,2,6,5,0,0,0,0,0,6,0,3,0,0,0,444,0,536,156,0,0,30,628,57,0,0,0,30,0,0,5,3,0,0,0,1,0,0,0,2,237,0,0,0,0,0,647,37,0,48,597,0,14,0,1,0,0,46,0,0,0,2,2,7,132,13,0,0,0,0,76,8,0,0,2,0,0,0,1,2,155,0,52,3,5,12,"6A",6,3,"A","3A",3,"June",14,126,0,"GCAAATCAGCCT","CCGGACTACHVGGGTWTCTAAT","Run2",1,171.046,-45.788,5,25.32,12.2,34.769,0.54,5.4,1.6,"STW","STW","STW","FRONT"
"53","6A.07.14",0,0,1,0,0,586,0,0,75,0,0,0,0,3,0,1,27,0,2,5,3,0,0,1,1,0,2,4,5,0,0,4,0,26,1,428,0,0,0,23,0,1,43,121,0,5,2,0,0,0,491,1,0,0,0,0,0,0,0,3,14,0,16,29,0,0,0,0,86,0,0,0,10,0,0,0,2,4,1,962,0,291,0,2,0,91,1,0,1,3,13,11,1,1,2,0,1,0,1,0,4,1,0,17,0,0,1,307,0,470,118,0,0,111,432,162,0,0,0,31,0,0,3,4,0,0,2,0,0,0,0,3,274,1,0,1,0,1,763,42,0,71,527,1,48,0,1,0,0,68,0,0,0,2,4,6,398,6,0,1,1,0,30,10,0,1,1,0,0,0,7,1,259,0,37,2,34,22,"6A",6,3,"A","3A",29,"July",14,182,0,"CTACCACGGTAC","CCGGACTACHVGGGTWTCTAAT","Run2",2,171.042,-45.797,5,25.15,10.2,34.498,0.58,5.8,2.5,"STW","STW","STW","FRONT"
"55","6B.03.15",0,0,0,0,0,198,0,0,255,0,0,0,0,0,0,0,0,0,0,7,0,3,0,5,0,1,0,0,1,0,0,0,0,4,1,62,0,0,0,1,0,0,0,20,0,0,0,0,0,20,1972,0,0,0,0,2,0,0,0,1,9,0,22,1,0,5,0,0,158,1,0,0,1,0,0,0,7,0,3,783,0,137,0,0,0,426,0,0,0,0,17,6,0,0,6,0,0,0,0,1,0,6,0,0,0,0,0,502,0,420,50,0,0,8,1008,0,0,0,0,14,0,0,5,2,0,0,0,0,0,0,0,0,1208,0,0,0,0,0,19,62,0,1,12,0,0,0,0,0,0,4,0,0,0,0,0,3,8,0,0,0,0,0,13,0,0,0,0,0,0,0,0,0,46,0,219,0,1,7,"6B",6,3,"B","3B",10,"March",15,406,0,"TGTGGTGATGTA","CCGGACTACHVGGGTWTCTAAT","Run2",4,171.027,-45.796,5,23.94,13.8,34.761,0.47,2.7,0.5,"STW","STW","STW","FRONT"
"58","6B.07.14",0,0,0,0,0,378,0,0,60,1,0,0,0,2,0,0,21,0,10,2,7,0,0,0,0,1,1,3,5,1,0,5,0,26,1,525,0,0,1,21,0,1,37,117,0,9,5,0,0,0,428,1,0,0,1,0,0,0,0,4,20,0,11,16,0,3,0,0,105,0,0,0,20,0,0,0,6,7,0,1210,1,322,0,0,0,89,2,0,1,7,13,15,0,0,1,0,0,0,2,1,1,0,0,28,0,0,4,257,0,534,93,0,0,96,379,218,0,0,0,48,0,0,4,5,0,0,3,0,0,0,1,1,173,0,0,2,0,1,885,23,0,60,497,0,37,0,0,0,0,94,2,0,0,5,7,3,300,7,0,1,1,0,33,6,0,2,0,0,0,0,3,1,268,0,10,3,58,27,"6B",6,3,"B","3B",29,"July",14,182,0,"CGGTCTGTCTGA","CCGGACTACHVGGGTWTCTAAT","Run2",2,171.042,-45.797,5,25.15,10.2,34.498,0.58,5.8,2.5,"STW","STW","STW","FRONT"
"59","6B.12.14",0,0,0,0,0,0,0,0,490,0,0,0,0,0,2,2,0,0,0,1,0,1,0,21,0,0,0,0,0,0,0,0,0,1,1,0,0,0,0,0,0,0,0,9,0,1,0,0,0,0,1926,0,0,0,0,2,0,0,0,0,4,0,0,0,0,0,1,0,46,1,0,0,0,0,0,0,0,0,0,112,0,14,0,0,0,19,0,0,0,0,0,1,0,0,0,3,0,0,2,0,2,3,0,0,0,0,2,4844,0,45,55,0,0,0,113,0,0,0,0,0,0,0,4,4,1,0,0,0,0,0,0,0,27,0,0,0,0,0,1,6,0,0,13,0,0,0,0,0,0,1,0,0,0,0,0,0,0,6,0,0,0,0,2,0,0,0,0,0,0,0,0,0,0,0,46,0,8,1,"6B",6,3,"B","3B",19,"December",14,325,0,"CAATGTAGACAC","CCGGACTACHVGGGTWTCTAAT","Run2",3,171.094,-45.795,5,29.15,11.8,34.724,0.23,0.4,0,"FRONT","FRONT","STW","FRONT"
"60","7A.03.15",0,0,0,0,0,215,0,0,546,1,0,0,0,0,1,0,0,0,2,4,0,1,0,40,0,0,0,0,0,0,0,0,0,2,0,79,0,0,0,0,0,5,3,8,0,1,0,0,0,1,1654,0,0,0,0,0,0,0,0,5,27,0,4,0,0,1,0,0,87,2,0,0,0,0,0,0,1,0,0,383,0,116,0,0,0,55,0,0,0,2,13,5,0,0,0,0,0,0,0,0,2,8,0,0,0,0,8,1119,1,531,202,0,0,2,753,1,1,0,0,3,0,0,59,1,0,0,0,0,0,0,0,0,1527,0,0,0,0,0,4,10,0,0,21,0,0,0,0,0,0,1,0,0,0,0,0,0,1,0,0,0,0,0,8,0,0,0,0,0,0,0,0,0,4,0,154,0,0,4,"7A",7,2,"A","2A",10,"March",15,406,0,"CTTTCGTTCAAC","CCGGACTACHVGGGTWTCTAAT","Run2",4,170.927,-45.782,5,16.1,15,34.436,0.36,0.1,1.32,"NW","NW","NW","STW"
"61","7A.04.15",0,0,0,0,0,449,0,0,668,0,0,0,0,0,2,0,0,0,6,5,0,0,0,39,0,0,2,4,3,0,0,0,0,9,5,115,0,0,0,0,0,16,2,104,0,0,2,0,0,0,1583,4,0,2,0,2,0,0,0,6,19,0,50,0,2,0,0,0,182,11,0,0,1,0,0,0,1,0,1,594,0,218,0,3,0,124,0,0,4,0,9,16,0,0,2,0,0,0,3,0,6,1,0,0,0,0,10,873,0,347,51,1,0,12,234,2,0,0,0,50,0,0,13,5,0,0,0,1,0,0,0,2,1641,0,0,0,0,0,7,39,0,1,39,0,0,0,0,0,0,11,0,0,0,1,0,4,15,0,0,0,2,0,34,1,0,0,0,0,0,0,0,0,91,0,145,0,4,27,"7A",7,2,"A","2A",21,"April",15,448,0,"GAACAAAGAGCG","CCGGACTACHVGGGTWTCTAAT","Run2",5,170.93,-45.786,5,16.41,12.8,34.613,0.58,4,1.64,"STW","STW","STW","STW"
"62","7A.06.14",0,1,0,0,0,849,0,0,130,0,0,0,0,1,0,0,18,0,0,7,0,1,0,3,0,1,3,1,1,1,0,4,0,25,2,246,0,1,0,10,0,0,47,119,0,8,1,0,0,0,523,0,0,0,0,1,0,0,0,7,17,0,6,13,2,2,0,0,102,0,0,0,7,0,0,0,2,0,0,661,0,363,0,0,0,58,0,0,4,1,2,4,0,0,1,0,0,0,0,0,2,1,1,9,0,1,0,443,0,630,134,0,0,91,602,45,0,0,0,45,0,0,2,1,0,0,0,0,0,0,0,0,512,2,0,0,0,0,524,25,0,11,289,0,12,0,1,0,0,59,0,0,0,1,4,3,154,2,0,0,1,0,22,6,0,0,0,0,0,0,0,2,744,0,17,5,14,27,"7A",7,2,"A","2A",3,"June",14,126,0,"AGCGGCCTATTA","CCGGACTACHVGGGTWTCTAAT","Run2",1,170.953,-45.782,5,18.11,12.1,34.768,0.48,5.4,1.5,"STW","STW","STW","STW"
"63","7A.07.14",0,0,0,0,0,733,0,0,115,0,0,0,0,0,0,0,7,1,1,8,0,0,0,4,0,0,0,0,12,3,1,5,0,28,0,165,0,0,0,6,0,0,30,62,0,7,4,0,0,2,927,5,0,0,0,1,0,1,0,5,11,0,19,19,1,0,0,0,128,4,0,0,1,0,0,0,0,1,2,843,0,352,0,0,0,74,3,0,2,1,1,9,0,0,0,0,0,0,1,0,0,0,0,31,0,0,2,727,3,342,190,0,0,73,389,28,0,0,0,30,0,0,8,5,0,0,0,0,0,0,0,0,570,0,1,0,0,1,467,24,0,7,352,0,21,0,1,0,0,60,0,0,0,1,6,4,188,3,0,0,0,0,37,18,0,1,0,0,0,0,1,0,345,0,6,3,62,34,"7A",7,2,"A","2A",29,"July",14,182,0,"GTACATGTCGCC","CCGGACTACHVGGGTWTCTAAT","Run2",2,170.942,-45.786,5,17.31,10.4,34.517,0.49,4.7,2,"STW","STW","STW","STW"
"64","7A.12.14",0,0,0,0,0,3,0,0,1416,0,0,0,0,0,5,0,0,0,2,3,0,0,0,16,0,0,0,0,6,0,1,0,0,0,1,0,0,0,0,0,0,0,0,2,0,0,2,0,0,0,2149,0,0,0,0,0,0,0,0,1,12,1,3,0,0,2,0,0,56,1,0,0,0,0,0,0,0,0,0,172,0,8,0,0,0,19,0,0,0,0,0,1,0,0,0,0,0,0,0,0,0,0,0,0,0,0,2,3625,0,25,70,0,0,0,144,0,0,0,0,0,0,0,1,2,0,0,0,0,0,0,0,0,11,0,0,0,0,0,0,10,0,0,0,0,0,0,0,0,0,0,0,0,0,0,0,0,0,7,0,0,0,0,2,0,0,0,0,0,0,0,0,0,0,0,42,0,0,1,"7A",7,2,"A","2A",19,"December",14,325,0,"TGGCGATACGTT","CCGGACTACHVGGGTWTCTAAT","Run2",3,170.999,-45.791,5,21.74,13.1,34.647,0.2,0,0,"STW","FRONT","STW","STW"
"65","7B.03.15",0,0,0,0,0,97,0,0,668,0,0,0,0,0,5,0,0,1,5,3,0,1,0,23,0,0,2,1,2,0,1,0,0,1,0,91,0,0,0,0,0,1,3,11,0,0,0,0,0,1,2325,0,0,0,0,0,0,0,0,1,26,0,7,0,0,4,0,0,69,4,0,0,0,0,0,0,0,0,0,378,0,67,0,0,0,51,0,0,0,1,7,7,0,0,0,0,0,0,2,0,2,9,0,0,0,0,11,753,1,454,98,0,0,2,708,0,0,0,0,7,0,0,74,1,0,0,0,0,0,0,0,0,1456,0,0,0,0,0,1,13,0,0,5,0,0,0,0,0,0,1,0,0,0,0,0,2,0,0,0,0,0,0,8,0,0,0,0,0,0,0,0,0,2,0,234,0,0,1,"7B",7,2,"B","2B",10,"March",15,406,0,"CCGAAGATTCTG","CCGGACTACHVGGGTWTCTAAT","Run2",4,170.927,-45.782,5,16.1,15,34.436,0.36,0.1,1.32,"NW","NW","NW","STW"
"66","7B.06.14",0,2,0,0,0,483,0,0,110,0,2,0,0,1,2,0,38,0,5,13,0,0,0,2,0,0,1,1,0,0,0,1,0,21,2,345,0,0,0,29,0,4,37,108,0,3,0,0,0,0,423,2,0,0,4,0,0,0,0,8,24,0,17,20,0,2,0,0,121,3,0,0,15,0,0,0,6,1,0,854,0,339,0,1,0,70,0,0,7,2,4,4,0,0,0,0,0,0,2,0,1,3,1,5,0,2,8,378,0,714,105,0,0,152,473,52,0,0,0,61,1,0,3,1,0,0,0,0,0,0,0,0,406,2,1,0,0,0,742,27,0,13,315,0,22,0,2,0,0,62,0,0,0,3,2,8,166,4,0,0,2,0,36,7,0,1,0,0,0,0,1,0,795,0,22,5,7,33,"7B",7,2,"B","2B",3,"June",14,126,0,"TCTTCAACTACC","CCGGACTACHVGGGTWTCTAAT","Run2",1,170.953,-45.782,5,18.11,12.1,34.768,0.48,5.4,1.5,"STW","STW","STW","STW"
"68","7B.1.04.15",0,0,0,0,0,169,0,0,127,0,0,0,0,0,0,0,0,0,8,15,0,0,0,0,0,3,0,0,1,0,0,0,0,7,0,47,0,0,0,1,0,6,0,15,0,0,0,0,0,65,1286,0,0,0,4,1,0,0,0,0,114,3,19,0,0,3,0,0,140,2,0,0,3,0,0,0,4,0,2,1147,0,218,0,0,0,546,0,0,2,3,11,46,0,0,8,0,0,0,0,0,0,66,0,0,0,0,0,814,0,484,135,0,0,11,611,0,0,2,0,34,0,0,14,2,0,0,0,0,0,0,0,0,920,0,0,0,0,0,11,156,0,3,32,0,0,0,0,0,0,35,0,0,0,0,0,11,1,0,0,0,0,0,61,0,0,0,1,0,0,0,0,0,3,0,350,0,0,22,"7B.1",4,5,"B","6B",21,"April",15,448,0,"AGTGTCGATTCG","CCGGACTACHVGGGTWTCTAAT","Run2",5,171.241,-45.807,5,40.55,11.6,34.397,0.74,6.3,1.14,"FRONT","FRONT","FRONT","FRONT"
"69","7B.12.14",0,0,0,0,0,0,0,0,1480,0,0,0,0,0,1,0,0,0,3,14,0,5,0,27,0,2,0,1,0,0,0,0,0,0,1,0,0,0,1,0,0,0,0,1,0,0,0,0,0,0,1939,0,0,0,0,0,0,0,0,0,5,0,5,0,0,3,0,0,129,4,0,0,0,0,0,0,0,0,0,280,0,21,0,0,0,24,0,0,0,0,1,1,0,0,0,0,0,0,0,0,0,0,0,0,0,0,8,3597,0,27,94,0,0,0,114,0,0,0,0,0,0,0,9,3,0,2,0,0,0,0,0,1,18,0,0,0,0,0,0,9,0,0,1,0,0,0,0,0,0,1,0,0,0,0,0,2,0,1,0,0,0,0,1,0,0,0,0,0,0,0,0,0,0,0,35,0,0,3,"7B",7,2,"B","2B",19,"December",14,325,0,"GCCTTACGATAG","CCGGACTACHVGGGTWTCTAAT","Run2",3,170.999,-45.791,5,21.74,13.1,34.647,0.2,0,0,"STW","FRONT","STW","STW"
"70","7B.2.04.15",0,0,0,0,0,448,0,0,526,2,0,0,0,0,1,0,0,0,11,1,0,0,0,45,0,8,0,1,0,0,0,0,0,1,4,179,0,0,0,3,0,17,1,116,0,0,2,0,0,0,1597,0,0,0,0,0,0,0,0,5,19,0,38,0,0,0,0,0,161,9,0,0,0,0,0,0,4,0,2,538,0,228,0,0,0,105,0,0,2,0,8,13,0,0,6,0,1,0,0,0,1,1,0,0,0,0,9,666,0,391,56,0,0,24,375,1,0,0,0,32,0,0,2,4,0,0,0,0,0,0,0,0,1610,0,0,0,0,0,16,57,0,0,29,0,0,0,0,0,0,8,0,0,0,0,0,10,20,0,0,0,0,0,28,0,0,0,0,0,0,0,0,0,173,0,143,0,2,15,"7B.2",7,2,"B","5A",21,"April",15,448,0,"CTATTAAGCGGC","CCGGACTACHVGGGTWTCTAAT","Run2",5,170.93,-45.786,5,16.41,12.8,34.613,0.58,4,1.64,"STW","STW","STW","STW"
"71","8A.03.15",0,1,0,0,0,207,0,0,616,0,0,0,0,0,1,1,0,0,7,5,0,0,0,27,0,0,1,0,2,0,1,0,0,1,0,41,0,0,0,0,0,6,1,11,0,2,1,0,0,0,1213,0,0,0,0,0,0,0,0,9,20,0,10,0,0,2,0,0,111,3,0,0,2,0,0,0,0,0,1,318,1,137,0,0,0,134,0,0,0,1,9,7,0,0,0,0,0,0,0,0,2,6,0,0,0,0,14,1100,1,676,203,0,0,3,935,0,1,0,0,7,0,0,28,0,0,0,0,0,0,0,0,0,1584,0,0,0,0,0,5,38,0,0,14,0,0,0,0,1,0,1,0,0,0,0,0,3,0,0,0,0,0,0,12,1,0,0,0,0,0,0,0,0,24,0,223,0,0,8,"8A",8,1,"A","1A",10,"March",15,406,0,"GTTGGCGTTACA","CCGGACTACHVGGGTWTCTAAT","Run2",4,170.822,-45.77,5,7.89,15,34.504,0.34,0.4,1.31,"NW","NW","NW","STW"
"72","8A.04.15",0,0,0,0,0,129,0,1,645,0,0,0,0,0,3,0,0,0,20,10,0,7,0,75,0,4,1,2,4,0,0,0,0,2,2,45,0,0,0,6,0,23,0,67,0,0,2,0,0,0,2133,2,0,0,0,2,0,0,0,5,48,0,28,0,0,0,0,0,164,9,0,0,1,0,0,0,4,0,0,977,0,184,0,0,2,106,0,0,0,0,8,13,0,0,0,0,0,0,8,0,2,2,0,1,0,0,5,740,0,435,186,0,0,48,419,0,0,0,0,39,0,0,25,3,0,0,0,0,0,0,0,0,718,0,0,0,0,0,7,61,0,0,40,0,0,0,0,0,0,2,0,0,4,0,0,19,2,0,0,3,0,0,61,4,0,0,0,0,0,0,0,0,99,0,90,0,3,32,"8A",8,1,"A","1A",21,"April",15,448,0,"GCTAAGTGATGT","CCGGACTACHVGGGTWTCTAAT","Run2",5,170.819,-45.771,5,7.71,12.7,34.356,0.58,2.7,2.06,"NW","NW","NW","STW"
"73","8A.06.14",1,1,0,0,0,620,0,0,182,0,0,2,0,0,0,0,15,1,6,5,0,0,0,6,1,1,2,1,3,0,0,3,0,9,1,164,0,3,0,8,0,1,62,77,0,8,0,0,0,0,913,0,2,0,0,1,0,0,0,5,24,1,13,12,0,2,0,0,147,5,0,0,5,0,0,0,3,0,0,806,0,296,0,0,1,78,0,0,2,2,2,7,0,0,1,0,0,0,6,0,0,0,0,9,0,0,8,635,0,506,247,0,0,73,374,15,5,0,0,31,0,0,6,3,0,0,0,0,0,0,0,0,284,1,0,0,0,0,537,33,0,8,303,0,5,0,2,0,0,61,0,0,0,2,2,7,112,2,0,0,0,0,33,7,0,0,0,0,0,0,0,0,731,0,28,6,15,25,"8A",8,1,"A","1A",3,"June",14,126,0,"TGGAATTCGGCT","CCGGACTACHVGGGTWTCTAAT","Run2",1,170.844,-45.776,5,9.61,11.5,34.384,0.4,4.9,4.5,"NW","NW","NW","STW"
"74","8A.07.14",0,0,0,0,0,847,0,0,140,0,0,0,0,0,0,0,3,0,3,6,0,1,0,4,0,0,1,0,2,1,0,6,0,16,2,114,0,0,0,3,0,0,25,54,0,6,2,0,0,3,1110,2,0,0,0,1,0,0,0,7,14,0,15,10,0,1,0,0,144,1,0,0,1,2,0,1,0,1,1,985,0,399,0,3,0,45,1,0,2,0,2,4,0,0,0,0,0,0,1,0,0,1,0,32,0,1,8,871,0,331,228,0,0,74,323,9,0,0,0,26,0,0,5,4,0,3,0,0,0,0,0,0,510,0,0,0,0,0,278,16,1,5,252,0,8,0,1,0,0,60,0,0,0,0,2,5,135,3,0,0,0,0,34,8,0,1,0,0,0,0,0,0,388,0,12,2,14,33,"8A",8,1,"A","1A",29,"July",14,182,0,"ACGGATGTTATG","CCGGACTACHVGGGTWTCTAAT","Run2",2,170.845,-45.775,5,9.7,10,34.423,0.36,3.3,1.7,"NW","NW","NW","STW"
"75","8A.12.14",0,0,0,0,0,1,0,0,1121,0,0,0,0,0,2,1,0,0,0,2,0,1,0,26,0,0,2,0,2,0,23,0,0,4,8,0,0,0,1,2,0,0,0,2,0,2,0,2,0,0,1341,0,0,0,0,0,0,0,0,0,12,1,0,0,1,4,1,0,90,6,1,0,0,0,0,0,0,0,0,86,0,8,0,0,2,21,0,0,0,0,2,1,0,0,0,0,0,0,0,0,0,0,0,0,0,0,3,4390,0,30,101,2,0,0,285,0,0,0,0,0,0,0,4,17,0,0,0,0,0,0,0,2,17,0,0,0,0,0,0,10,0,0,7,0,0,0,0,4,0,0,0,0,0,0,0,0,0,3,0,0,0,0,1,0,1,0,1,0,0,0,0,0,0,0,175,0,1,2,"8A",8,1,"A","1A",19,"December",14,325,0,"TACCTGTGTCTT","CCGGACTACHVGGGTWTCTAAT","Run2",3,170.901,-45.782,5,14.06,13.3,34.502,0.44,0.9,0.5,"NW","NW","NW","STW"
"76","8B.03.15",0,0,0,0,0,210,0,0,284,0,0,0,0,0,40,0,0,0,5,2,0,0,0,77,0,2,0,1,0,0,4,0,0,14,0,9,0,0,0,0,0,6,1,13,0,0,8,0,0,0,1036,0,0,0,0,0,0,0,0,14,31,11,11,0,0,1,0,0,88,7,0,0,0,0,0,0,0,0,0,493,0,231,0,0,0,94,0,0,0,2,4,68,0,0,0,0,0,0,22,0,0,31,0,0,0,0,13,1202,8,878,243,0,0,9,1431,0,0,0,0,1,0,0,45,6,0,0,0,0,0,0,0,1,971,0,0,0,0,0,0,20,0,0,35,0,0,0,0,0,0,6,0,0,0,0,0,0,0,0,0,0,0,0,30,0,0,0,0,0,0,0,0,0,17,0,116,0,0,11,"8B",8,1,"B","1B",10,"March",15,406,0,"GAAGTAGCGAGC","CCGGACTACHVGGGTWTCTAAT","Run2",4,170.822,-45.77,5,7.89,15,34.504,0.34,0.4,1.31,"NW","NW","NW","STW"
"77","8B.04.15",0,0,0,0,0,95,0,0,688,0,0,0,0,0,2,0,0,0,9,8,0,7,0,55,0,2,3,1,1,0,0,0,0,2,3,38,0,0,0,6,0,27,0,50,0,0,2,0,0,0,2164,1,0,0,0,2,0,0,0,5,44,0,37,0,1,1,0,0,149,8,0,0,6,0,0,0,4,0,0,965,0,234,0,1,1,121,0,0,0,0,5,22,0,0,1,0,0,0,0,0,5,5,0,0,0,1,10,726,0,326,133,0,0,55,367,0,1,0,0,27,0,0,17,2,0,0,0,0,0,0,0,0,799,0,0,2,0,0,8,65,0,3,40,0,0,0,0,0,0,1,0,0,0,0,0,17,5,0,0,0,0,0,45,2,0,0,0,0,0,0,0,0,76,0,129,2,2,37,"8B",8,1,"B","1B",21,"April",15,448,0,"AAGGGACAAGTG","CCGGACTACHVGGGTWTCTAAT","Run2",5,170.819,-45.771,5,7.71,12.7,34.356,0.58,2.7,2.06,"NW","NW","NW","STW"
"78","8B.06.14",1,0,0,0,0,837,1,0,120,0,0,0,0,0,0,0,17,1,4,6,0,0,0,7,0,1,2,0,8,0,0,2,0,16,1,196,0,0,0,10,0,1,32,43,0,5,0,0,0,0,872,0,0,0,0,0,0,0,0,13,29,0,6,11,0,1,0,0,157,0,0,0,8,0,1,0,1,1,0,843,0,445,0,0,0,69,0,0,3,1,2,2,0,0,0,0,0,0,1,0,0,2,0,7,0,1,0,536,0,603,291,0,0,74,575,18,2,0,0,53,0,0,5,1,0,0,0,0,0,0,0,1,256,0,0,0,0,0,414,29,0,6,173,0,3,0,3,0,0,37,0,0,0,1,0,5,94,0,0,0,1,0,27,9,0,2,0,0,0,0,0,0,560,0,17,19,7,20,"8B",8,1,"B","1B",3,"June",14,126,0,"TAAGATGCAGTC","CCGGACTACHVGGGTWTCTAAT","Run2",1,170.844,-45.776,5,9.61,11.5,34.384,0.4,4.9,4.5,"NW","NW","NW","STW"
"79","8B.07.14",0,0,0,0,0,592,0,0,128,0,0,0,0,0,0,0,8,0,1,7,0,0,0,7,0,0,2,1,5,3,0,7,0,13,1,152,0,1,0,3,0,0,41,27,0,9,2,0,0,2,963,0,0,0,0,1,0,1,0,8,7,0,18,16,0,1,0,0,145,3,0,0,1,0,1,0,0,0,1,985,0,353,0,0,0,44,0,0,2,4,0,5,0,0,0,0,0,0,1,0,0,0,0,46,0,0,5,766,1,370,272,0,0,56,313,25,0,0,0,27,0,0,7,0,0,0,0,0,0,0,0,0,394,0,0,0,0,0,683,22,1,3,404,0,10,0,1,0,0,92,0,0,0,1,3,4,105,2,0,0,0,0,35,12,0,2,0,0,0,0,0,0,321,0,9,5,29,27,"8B",8,1,"B","1B",29,"July",14,182,0,"TTGAGGCTACAA","CCGGACTACHVGGGTWTCTAAT","Run2",2,170.845,-45.775,5,9.7,10,34.423,0.36,3.3,1.7,"NW","NW","NW","STW"
"80","8B.12.14",0,0,1,11,0,292,0,0,70,1,0,0,0,0,0,0,18,0,33,21,1,4,0,2,0,2,6,121,0,0,0,0,0,14,0,404,0,0,0,71,3,5,2,199,0,0,0,0,0,0,235,0,0,0,2,3,12,0,0,0,8,0,3,14,8,28,0,0,19,16,0,0,49,0,0,0,4,32,0,1683,0,13,0,0,0,36,0,0,0,0,20,45,0,0,1,0,0,0,4,0,0,3,0,0,0,0,25,95,0,250,14,0,3,61,366,1003,0,0,2,20,0,0,70,49,0,0,0,0,2,1,0,9,3,0,0,0,3,0,741,25,0,336,166,1,56,2,0,0,2,1,0,2,0,0,0,1,522,0,0,33,3,0,52,0,0,2,0,0,0,6,13,0,180,2,23,31,0,18,"8B",8,1,"B","1B",19,"December",14,325,0,"AACGAGGCAACG","CCGGACTACHVGGGTWTCTAAT","Run2",3,170.901,-45.782,5,14.06,13.3,34.502,0.44,0.9,0.5,"NW","NW","NW","STW"
"82","S1.2",0,0,0,0,0,455,0,0,366,0,0,0,0,0,0,0,0,0,12,0,0,0,0,65,0,0,0,1,7,2,0,0,0,0,0,100,0,0,0,0,0,10,2,12,0,2,0,0,0,0,1435,0,0,1,0,0,0,0,0,20,77,0,8,0,0,2,0,0,124,0,0,0,0,0,0,0,0,0,0,774,0,352,0,0,0,131,0,0,0,3,7,9,0,0,1,0,0,0,0,0,9,6,0,2,0,0,4,859,0,410,275,0,0,1,326,0,0,0,0,4,0,0,2,1,0,0,0,0,0,0,1,0,1439,0,0,0,0,0,153,19,0,0,90,0,0,0,0,0,0,10,0,0,0,0,1,0,0,1,0,0,0,0,14,0,0,0,0,0,0,0,0,0,2,0,109,0,4,0,"1B",8,1,"B","1B",28,"January",2014,1,0,"TCGATTGGCCGT","CCGGACTACHVGGGTWTCTAAT","Run1",0,170.916,-45.784,5,15.2,14.4,34.319,0.15,0.5,1,"NW","NW","NW","NW"
"83","S2.1",0,0,0,0,0,513,0,0,297,0,0,0,0,1,0,0,0,0,14,2,0,0,0,22,0,0,1,0,41,132,0,0,2,1,0,118,0,0,0,0,0,7,8,12,0,3,0,0,0,0,1381,0,0,0,0,2,0,0,0,15,40,0,1,0,0,3,0,0,105,0,0,0,1,0,0,0,0,0,0,793,0,375,0,0,0,139,0,0,0,5,6,27,0,0,6,0,0,0,0,0,13,8,0,0,0,0,6,765,0,529,263,0,0,2,442,1,0,0,0,10,0,0,3,1,0,0,0,0,0,0,0,3,901,0,0,0,0,0,180,17,0,0,347,0,0,0,0,0,0,20,0,0,0,0,12,0,0,4,0,0,1,0,14,3,0,0,0,0,0,0,0,1,12,0,101,0,16,2,"2A",7,2,"A","2A",28,"January",2014,1,0,"GCATTACTGGAC","CCGGACTACHVGGGTWTCTAAT","Run1",0,171.02,-45.797,5,23.39,13.5,34.714,0.25,2.3,0.6,"STW","STW","STW","STW"
"84","S2.2",0,0,0,0,0,471,0,0,276,0,0,0,0,2,0,0,0,0,8,1,0,0,0,24,0,0,1,1,48,126,0,1,0,0,0,121,0,0,0,0,0,9,12,13,0,2,0,0,0,0,1534,1,0,0,0,0,0,0,0,9,38,0,1,0,0,5,0,0,91,0,0,0,2,0,0,0,0,0,0,766,0,380,0,0,0,121,0,0,0,8,11,18,0,0,3,1,0,0,0,0,17,13,0,1,0,0,2,713,0,436,231,0,0,1,572,0,0,0,0,10,0,1,2,1,0,0,0,0,0,0,0,1,763,0,0,0,0,0,248,18,0,0,351,0,0,0,0,0,0,21,0,0,0,0,13,1,0,3,0,0,1,0,19,4,0,0,0,0,0,0,0,1,15,0,128,0,15,0,"2B",7,2,"B","2B",28,"January",2014,1,0,"TTGGGCCACATA","CCGGACTACHVGGGTWTCTAAT","Run1",0,171.02,-45.797,5,23.39,13.5,34.714,0.25,2.3,0.6,"STW","STW","STW","STW"
"85","S3.1",0,0,0,0,0,528,0,0,276,0,0,0,0,6,0,0,0,0,12,2,0,0,0,28,0,0,0,0,35,212,0,2,1,3,0,116,0,0,0,0,0,8,17,7,0,1,0,0,0,2,1318,0,0,1,0,0,0,0,0,10,38,0,1,0,0,5,0,0,101,0,0,0,2,0,0,0,0,0,0,993,0,399,0,0,0,110,0,0,0,9,6,15,0,0,2,0,0,0,0,0,12,7,0,1,0,0,6,608,0,444,199,0,0,4,571,1,0,0,0,12,0,0,6,0,0,0,0,0,0,0,0,1,647,0,0,0,0,0,306,19,0,0,380,0,0,0,0,0,0,46,0,0,0,0,10,1,0,2,0,0,0,1,19,7,0,0,0,0,0,0,0,2,26,0,128,0,22,3,"3A",6,3,"A","3A",28,"January",2014,1,0,"CACACAAAGTCA","CCGGACTACHVGGGTWTCTAAT","Run1",0,171.112,-45.796,5,30.36,12.5,34.541,0.59,7.1,0.2,"STW","STW","STW","STW"
"87","S4.1",0,0,0,0,0,395,0,0,312,0,0,0,0,0,0,2,0,0,7,9,0,0,0,7,0,0,1,0,5,25,0,0,0,11,0,51,0,0,0,1,0,8,8,3,0,25,0,0,0,0,1361,0,0,0,0,0,0,0,0,4,31,0,7,0,0,13,0,0,102,0,0,0,3,0,0,0,0,0,0,1148,0,175,0,0,0,264,0,0,0,7,4,14,0,0,10,3,0,0,0,0,5,156,0,0,0,0,14,951,0,328,275,0,0,0,868,2,0,0,0,5,0,0,43,0,0,0,0,0,0,0,0,1,232,0,0,0,0,0,152,79,0,0,424,0,0,0,0,0,0,11,1,0,0,0,39,0,0,7,3,0,0,0,9,4,0,0,0,0,0,0,0,22,3,0,125,0,1,0,"4A",5,4,"A","4A",28,"January",2014,1,0,"CGCCACGTGTAT","CCGGACTACHVGGGTWTCTAAT","Run1",0,171.201,-45.806,5,37.46,12,34.343,0.63,8.1,0.1,"FRONT","FRONT","FRONT","FRONT"
"88","S4.2",0,0,0,0,0,348,0,0,275,0,0,0,0,0,0,0,0,0,4,5,0,0,0,2,0,0,0,0,3,3,0,0,0,5,0,49,0,0,0,1,0,5,2,0,0,11,0,0,0,3,1552,0,0,0,0,0,0,0,0,1,44,0,6,0,0,14,0,0,106,0,0,0,7,0,0,0,0,0,0,1100,0,212,0,0,0,270,0,0,0,6,2,10,0,0,14,4,0,0,0,0,1,139,0,0,0,0,9,1188,0,355,340,0,0,0,869,0,0,0,0,6,0,0,35,2,0,0,0,0,0,0,0,0,99,0,0,0,0,0,114,83,0,0,239,0,0,0,0,0,0,5,0,0,0,1,42,1,0,7,1,0,0,0,10,1,0,0,0,0,0,0,0,16,0,0,128,1,0,0,"4B",5,4,"B","4B",28,"January",2014,1,0,"GCAACCGATTGT","CCGGACTACHVGGGTWTCTAAT","Run1",0,171.201,-45.806,5,37.46,12,34.343,0.63,8.1,0.1,"FRONT","FRONT","FRONT","FRONT"
"89","S5.1",0,0,0,0,0,260,0,0,218,0,0,0,0,0,0,0,0,0,17,9,0,0,0,0,0,0,0,1,1,3,0,1,0,7,1,22,0,0,0,1,0,4,4,1,0,12,1,0,0,1,1563,0,0,0,0,1,0,0,0,0,64,0,21,0,0,11,0,0,83,0,0,0,3,0,1,0,0,0,0,990,0,194,0,0,0,238,0,0,0,2,6,14,0,0,14,7,0,0,0,0,0,83,0,0,0,0,4,1254,0,392,270,0,0,0,1227,0,0,0,0,2,0,0,52,4,0,0,0,0,0,0,0,0,86,0,0,0,0,0,64,94,0,0,217,0,0,0,0,0,0,11,0,0,0,0,23,0,0,9,1,0,1,1,14,1,0,0,0,0,0,0,0,15,0,0,130,2,0,2,"5A",4,5,"A","5A",28,"January",2014,1,0,"CATGTGCTTAGG","CCGGACTACHVGGGTWTCTAAT","Run1",0,171.283,-45.815,5,43.86,12.3,34.323,0.7,8.4,0.1,"FRONT","FRONT","FRONT","FRONT"
"90","S5.2",0,0,0,0,0,270,0,0,224,0,0,0,0,0,0,0,0,0,11,6,0,0,0,0,0,0,1,0,2,1,0,1,0,5,0,30,0,0,0,1,0,4,0,0,0,28,0,0,0,0,1478,0,0,0,0,1,0,0,0,0,38,0,20,0,0,14,0,0,82,0,0,0,3,0,0,0,0,0,0,987,0,216,0,0,0,219,0,0,0,7,6,7,0,2,8,9,0,0,0,0,0,84,0,0,0,0,2,1126,0,348,242,0,0,0,1360,1,0,0,0,3,0,0,72,2,0,0,0,0,0,0,0,0,77,0,0,0,0,0,40,65,0,0,338,0,0,0,0,0,0,12,0,0,0,1,56,0,0,11,1,0,0,0,20,2,0,0,0,0,2,0,0,21,0,0,159,1,2,2,"5B",4,5,"B","5B",28,"January",2014,1,0,"GTTCCTCCATTA","CCGGACTACHVGGGTWTCTAAT","Run1",0,171.283,-45.815,5,43.86,12.3,34.323,0.7,8.4,0.1,"FRONT","FRONT","FRONT","FRONT"
"91","S6.1",0,0,0,0,0,219,0,0,131,0,0,0,0,0,0,1,0,0,9,12,0,0,0,0,0,0,0,1,2,0,0,0,0,6,0,24,0,0,0,0,0,1,0,1,0,23,0,0,1,0,1775,0,0,0,0,1,0,0,0,0,86,0,8,0,0,10,0,0,88,0,0,0,3,0,0,0,0,0,0,1101,0,290,0,0,0,186,0,0,0,20,11,1,0,0,15,12,0,0,0,0,0,9,0,0,0,0,1,1009,0,485,182,0,0,0,1327,2,0,0,0,6,0,0,93,3,0,0,0,0,0,0,0,0,45,0,9,0,0,0,13,34,0,0,345,0,0,0,0,0,0,10,2,0,0,6,11,0,0,11,0,0,0,0,17,0,0,0,0,0,0,0,0,5,0,0,106,0,0,0,"6A",3,6,"A","6A",28,"January",2014,1,0,"ACCTGTCCTTTC","CCGGACTACHVGGGTWTCTAAT","Run1",0,171.37,-45.818,5,50.64,12.5,34.261,0.77,9.2,0.3,"SAW","SAW","SAW","SAW"
"92","S6.2",0,0,0,0,0,322,0,0,111,0,0,0,0,0,0,1,0,0,10,8,0,0,0,0,0,0,0,1,0,0,0,4,0,1,0,19,0,0,0,0,0,0,0,2,0,9,0,0,0,0,1351,0,0,0,0,0,0,0,0,0,30,0,10,0,0,7,0,0,75,0,0,0,2,0,2,0,0,0,0,817,0,237,0,0,0,213,0,0,0,12,9,2,0,0,33,2,0,0,0,0,1,11,0,0,0,0,1,1399,0,483,191,0,0,0,1712,0,0,0,0,3,0,0,78,2,0,0,0,0,0,0,0,0,79,0,3,0,0,0,6,34,0,0,268,0,0,0,0,0,0,31,1,0,0,8,2,0,0,8,1,0,0,0,9,1,0,0,0,0,1,0,0,1,0,0,182,0,0,0,"6B",3,6,"B","6B",28,"January",2014,1,0,"GTTCACGCCCAA","CCGGACTACHVGGGTWTCTAAT","Run1",0,171.37,-45.818,5,50.64,12.5,34.261,0.77,9.2,0.3,"SAW","SAW","SAW","SAW"
"93","S7.1",0,0,0,0,0,225,0,0,158,0,0,0,0,0,0,0,0,0,9,4,0,0,0,0,0,0,0,1,1,0,0,2,0,4,0,26,0,0,0,0,0,0,0,0,0,13,0,0,0,0,1964,0,0,0,0,0,0,0,0,0,77,0,6,0,0,6,0,0,122,0,0,0,0,0,0,0,0,0,0,1594,0,224,0,0,0,149,0,0,0,17,7,4,0,0,9,6,0,0,0,0,0,14,0,0,0,0,1,966,0,441,208,0,0,0,883,2,0,0,0,3,0,0,114,1,0,0,0,0,0,0,0,0,15,0,1,0,0,0,28,48,0,0,241,0,0,0,0,0,0,8,1,0,0,4,6,0,0,11,0,0,0,0,19,1,0,0,0,0,0,0,0,3,0,0,117,0,0,1,"7A",2,7,"A","7A",28,"January",2014,1,0,"CGATCGAACACT","CCGGACTACHVGGGTWTCTAAT","Run1",0,171.469,-45.827,5,58.39,12.4,34.276,0.75,9.2,0.2,"SAW","SAW","SAW","SAW"
"94","S7.2",0,0,0,0,0,215,0,0,160,0,0,0,0,0,0,0,0,0,18,13,0,0,0,0,0,0,0,0,1,0,0,0,0,6,0,41,0,0,0,0,0,2,0,0,0,6,0,0,0,0,1841,0,0,0,0,0,0,0,0,0,87,0,6,0,0,12,0,0,91,0,0,0,2,0,0,0,0,0,0,1451,0,270,0,0,0,227,0,0,0,17,9,4,0,0,10,2,0,0,0,0,1,20,0,0,0,0,0,968,0,443,225,0,0,0,921,1,0,0,0,5,0,1,102,3,0,0,0,0,0,0,0,0,26,0,3,0,0,0,29,54,0,0,239,0,0,0,0,0,0,7,0,0,0,9,12,0,0,7,0,0,0,1,24,0,0,0,0,0,0,0,0,8,0,0,164,0,1,1,"7B",2,7,"B","7B",28,"January",2014,1,0,"CATGCCAACATG","CCGGACTACHVGGGTWTCTAAT","Run1",0,171.469,-45.827,5,58.39,12.4,34.276,0.75,9.2,0.2,"SAW","SAW","SAW","SAW"
"95","S8.1",0,0,0,0,0,237,0,0,185,0,0,0,0,0,0,0,0,0,22,10,0,0,0,0,0,0,1,1,0,0,0,0,0,2,1,39,0,0,0,1,0,3,0,0,0,6,1,0,1,1,1405,0,0,2,0,0,0,0,0,0,120,0,6,0,0,13,0,0,123,0,0,0,4,0,0,0,0,0,0,1346,0,230,0,0,0,305,0,0,0,15,7,4,0,0,21,4,0,0,0,0,0,60,0,0,0,0,0,920,0,588,262,0,0,0,1018,2,0,0,0,4,0,0,91,1,0,0,0,0,0,0,0,0,32,0,3,0,0,0,43,63,0,0,246,0,0,0,0,0,0,11,3,0,0,5,10,0,0,7,0,0,0,0,16,3,0,0,0,0,0,0,0,7,1,0,231,0,2,0,"8A",1,8,"A","8A",28,"January",2014,1,0,"GAGTACAGTCTA","CCGGACTACHVGGGTWTCTAAT","Run1",0,171.558,-45.839,5,65.37,12.6,34.279,0.7,10.6,0.4,"SAW","SAW","SAW","SAW"
"96","S8.2",0,0,0,0,0,303,0,0,192,0,0,0,0,0,0,1,0,0,24,8,0,0,0,0,0,0,0,1,0,0,0,0,0,4,1,81,0,0,0,0,0,2,1,0,0,6,0,0,0,2,1496,1,0,0,0,0,0,0,0,0,104,0,1,0,0,12,0,0,110,0,0,0,5,0,0,0,0,0,0,1594,0,227,0,0,0,245,0,0,0,29,6,3,0,0,10,6,0,0,0,0,0,57,0,0,0,0,1,728,0,429,238,0,0,0,803,1,0,0,0,6,0,0,127,2,0,0,0,0,0,0,1,0,30,0,5,0,0,0,90,72,0,0,422,0,0,0,0,0,0,6,5,0,0,4,10,0,0,14,0,0,0,0,28,1,0,0,0,0,2,0,0,5,0,0,179,0,1,1,"8B",1,8,"B","8B",28,"January",2014,1,0,"CCTACATGAGAC","CCGGACTACHVGGGTWTCTAAT","Run1",0,171.558,-45.839,5,65.37,12.6,34.279,0.7,10.6,0.4,"SAW","SAW","SAW","SAW"
