"","SampleID","Acidobacteria","Actinobacteria","Armatimonadetes","Bacteroidetes","BD1-5","Candidate division BRC1","Candidate division OD1","Candidate division OP11","Candidate division OP3","Chlamydiae","Chloroflexi","Cyanobacteria","Deferribacteres","Deinococcus-Thermus","Euryarchaeota","Fibrobacteres","Firmicutes","Fusobacteria","Gemmatimonadetes","JL-ETNP-Z39","Lentisphaerae","Nitrospirae","Opisthokonta","Planctomycetes","Proteobacteria","SAR","Spirochaetae","Synergistetes","Tenericutes","Thaumarchaeota","TM6","Verrucomicrobia","Station","Kim_Station","Published_station","Replicate","Published_ID","Day","Month","Year","Time","Depth","BarcodeSequence","LinkerPrimerSequence","Description","Sample_day","LonE","LatN","Depth2","Distance.km_from_TH.","Temperature","Salinity","Phosphate","Nitrate","Silicate","Water_mass","Water_mass_DFA","Water_mass_PCA","Water_mass_Sergio"
"1","1A.03.15",0,239,0,2094,0,0,0,0,0,0,2,1395,24,0,4,9,10,0,0,0,0,0,0,4,3782,0,0,0,0,1,0,227,"1A",1,8,"A","8A",10,"March",15,406,0,"GGCGTTGCATTC","CCGGACTACHVGGGTWTCTAAT","Run2",4,171.534,-45.83,5,63.61,12.3,34.375,0.86,8.7,0.28,"SAW","SAW","SAW","SAW"
"2","1A.04.15",0,358,0,1434,0,0,0,0,0,0,0,1307,25,0,4,7,0,0,0,0,0,0,0,62,3790,0,0,0,0,3,0,748,"1A",1,8,"A","8A",21,"April",15,448,0,"TTGCGGACCCTA","CCGGACTACHVGGGTWTCTAAT","Run2",5,171.534,-45.829,5,63.35,10.9,34.311,0.94,10,0.55,"SAW","SAW","SAW","SAW"
"3","1A.06.14",0,450,0,1057,0,0,0,2,0,0,10,892,300,0,265,3,0,0,1,1,0,0,0,41,4549,0,0,0,0,41,2,140,"1A",1,8,"A","8A",3,"June",14,126,0,"ACAGGAGGGTGT","CCGGACTACHVGGGTWTCTAAT","Run2",1,171.532,-45.829,5,63.28,9.7,34.229,0.99,11.5,1.1,"SAW","SAW","SAW","SAW"
"4","1A.07.14",2,1685,0,1482,0,0,0,0,0,2,0,676,120,0,137,4,8,0,7,0,0,0,0,73,3450,0,0,0,0,124,0,78,"1A",1,8,"A","8A",29,"July",14,182,0,"ACCTTGACAAGA","CCGGACTACHVGGGTWTCTAAT","Run2",2,171.534,-45.83,5,63.29,8.4,34.25,1.02,14.2,1.7,"SAW","SAW","SAW","SAW"
"5","1A.12.14",1,15,0,783,1,0,0,0,0,0,1,476,0,0,3,10,44,0,0,0,0,0,0,41,6394,0,3,0,0,0,3,111,"1A",1,8,"A","8A",19,"December",14,325,0,"CCGACATTGTAG","CCGGACTACHVGGGTWTCTAAT","Run2",3,171.533,-45.83,5,63.8,11.4,34.302,0.98,11,0,"SAW","SAW","SAW","SAW"
"6","1B.03.15",0,257,0,1898,0,0,0,0,0,0,0,1536,15,0,4,10,1,0,0,1,0,1,0,2,3882,0,0,0,0,0,0,148,"1B",1,8,"B","8B",10,"March",15,406,0,"ACTAGCGTTCAG","CCGGACTACHVGGGTWTCTAAT","Run2",4,171.534,-45.83,5,63.61,12.3,34.375,0.86,8.7,0.28,"SAW","SAW","SAW","SAW"
"8","1B.06.14",0,1031,0,1307,0,0,1,1,0,2,6,778,148,0,121,5,0,0,0,0,0,0,0,91,3949,0,0,0,0,36,0,317,"1B",1,8,"B","8B",3,"June",14,126,0,"GCTGTCGTCAAC","CCGGACTACHVGGGTWTCTAAT","Run2",1,171.532,-45.829,5,63.28,9.7,34.229,0.99,11.5,1.1,"SAW","SAW","SAW","SAW"
"9","1B.07.14",0,1017,0,1141,0,0,1,1,0,0,44,1114,295,0,263,5,1,0,6,0,0,0,0,36,3636,0,0,0,0,103,0,50,"1B",1,8,"B","8B",29,"July",14,182,0,"GTAACCACCACC","CCGGACTACHVGGGTWTCTAAT","Run2",2,171.534,-45.83,5,63.29,8.4,34.25,1.02,14.2,1.7,"SAW","SAW","SAW","SAW"
"10","1B.12.14",1,0,0,793,1,0,0,0,0,0,0,467,0,2,0,10,1,0,0,0,0,0,0,51,6304,0,0,0,0,1,0,165,"1B",1,8,"B","8B",19,"December",14,325,0,"CATGTAAGGCTC","CCGGACTACHVGGGTWTCTAAT","Run2",3,171.533,-45.83,5,63.8,11.4,34.302,0.98,11,0,"SAW","SAW","SAW","SAW"
"12","2A.04.15",0,435,0,1281,0,0,0,0,0,0,0,722,39,0,11,7,3,0,0,0,0,0,0,102,4564,0,0,0,0,2,0,557,"2A",2,7,"A","7A",21,"April",15,448,0,"AACGTTAGTGTG","CCGGACTACHVGGGTWTCTAAT","Run2",5,171.439,-45.822,5,55.96,10.9,34.297,0.93,9.4,0.42,"SAW","SAW","SAW","SAW"
"14","2A.07.14",1,526,0,740,1,0,0,1,0,0,71,1178,418,0,505,5,9,0,7,0,0,0,0,36,3925,0,0,0,0,243,1,54,"2A",2,7,"A","7A",29,"July",14,182,0,"CATAGCTCGGTC","CCGGACTACHVGGGTWTCTAAT","Run2",2,171.445,-45.819,5,56.46,8.2,34.26,0.78,9,1.2,"SAW","SAW","SAW","SAW"
"15","2A.12.14",1,2,0,928,0,0,0,0,0,0,0,255,0,0,2,1,6,0,0,0,0,0,0,26,6315,0,0,0,0,0,0,260,"2A",2,7,"A","7A",19,"December",14,325,0,"TGCAAGCTAAGT","CCGGACTACHVGGGTWTCTAAT","Run2",3,171.469,-45.818,5,58.26,11.2,34.33,0.95,10.9,0.2,"SAW","SAW","SAW","SAW"
"16","2B.03.15",0,94,0,1820,0,0,0,0,0,0,0,1456,7,0,0,4,0,0,0,0,0,0,0,2,4148,0,1,0,0,0,0,210,"2B",2,7,"B","7B",10,"March",15,406,0,"TGCGAGTATATG","CCGGACTACHVGGGTWTCTAAT","Run2",4,171.434,-45.81,5,55.53,12.7,34.341,0.9,9.6,0.17,"SAW","SAW","SAW","SAW"
"17","2B.04.15",1,550,0,1318,0,0,0,0,0,0,0,788,49,0,12,6,0,0,0,0,0,0,0,74,4388,0,0,0,0,1,0,588,"2B",2,7,"B","7B",21,"April",15,448,0,"TGCATGACAGTC","CCGGACTACHVGGGTWTCTAAT","Run2",5,171.439,-45.822,5,55.96,10.9,34.297,0.93,9.4,0.42,"SAW","SAW","SAW","SAW"
"18","2B.06.14",0,727,0,1165,1,0,3,1,0,0,12,813,205,0,285,5,0,0,3,0,0,0,0,43,4282,0,0,0,0,54,0,116,"2B",2,7,"B","7B",3,"June",14,126,0,"AAGCTTGAAACC","CCGGACTACHVGGGTWTCTAAT","Run2",1,171.435,-45.816,5,55.6,9.8,34.235,0.81,11.9,1.6,"SAW","SAW","SAW","SAW"
"19","2B.07.14",0,364,0,770,0,0,0,4,0,0,52,1087,460,0,549,4,2,0,15,0,0,2,0,46,4104,0,0,0,0,239,0,35,"2B",2,7,"B","7B",29,"July",14,182,0,"AACCATGCCAAC","CCGGACTACHVGGGTWTCTAAT","Run2",2,171.445,-45.819,5,56.46,8.2,34.26,0.78,9,1.2,"SAW","SAW","SAW","SAW"
"20","2B.12.14",0,38,0,1365,0,0,0,0,0,0,0,288,5,0,4,1,0,0,0,0,0,0,0,6,5913,0,0,0,0,0,0,131,"2B",2,7,"B","7B",19,"December",14,325,0,"GTGTGTGCCATA","CCGGACTACHVGGGTWTCTAAT","Run2",3,171.469,-45.818,5,58.26,11.2,34.33,0.95,10.9,0.2,"SAW","SAW","SAW","SAW"
"21","3A.03.15",0,42,0,788,0,0,0,0,0,2,0,2904,4,0,10,0,3,0,0,0,0,0,0,4,3280,0,2,0,0,1,0,806,"3A",3,6,"A","6A",10,"March",15,406,0,"TACCACAACGAA","CCGGACTACHVGGGTWTCTAAT","Run2",4,171.335,-45.813,5,47.89,12.1,34.376,0.9,9.1,0.26,"SAW","SAW","SAW","FRONT"
"22","3A.04.15",0,674,0,1192,1,0,0,0,0,2,10,1618,78,0,64,3,1,0,1,0,0,0,0,70,3587,0,0,0,0,168,0,298,"3A",3,6,"A","6A",21,"April",15,448,0,"TCAATCGCTTTC","CCGGACTACHVGGGTWTCTAAT","Run2",5,171.335,-45.814,5,47.92,10.9,34.339,0.94,10.4,0.33,"SAW","SAW","SAW","FRONT"
"23","3A.06.14",1,852,0,832,0,0,0,5,0,3,31,1179,230,0,305,0,33,0,5,0,0,0,0,92,4098,0,0,0,0,66,0,138,"3A",3,6,"A","6A",3,"June",14,126,0,"TAAGCGTCTCGA","CCGGACTACHVGGGTWTCTAAT","Run2",1,171.346,-45.807,5,48.66,9.9,34.287,0.87,12.2,1.3,"SAW","SAW","SAW","FRONT"
"24","3A.07.14",2,396,0,797,0,0,0,3,2,0,81,989,714,0,424,22,4,0,25,0,0,0,0,68,4102,0,0,0,0,198,0,74,"3A",3,6,"A","6A",29,"July",14,182,0,"TATGGAGCTAGT","CCGGACTACHVGGGTWTCTAAT","Run2",2,171.346,-45.811,5,48.69,9,34.458,0.87,12.4,2.2,"FRONT","FRONT","FRONT","FRONT"
"25","3A.12.14",0,5,0,750,0,0,0,0,0,0,0,961,0,0,0,2,2,0,0,0,0,0,0,32,5408,0,0,0,0,0,1,657,"3A",3,6,"A","6A",19,"December",14,325,0,"TGACAACCGAAT","CCGGACTACHVGGGTWTCTAAT","Run2",3,171.382,-45.81,5,51.49,11.1,34.343,0.8,8.5,0.3,"SAW","SAW","SAW","FRONT"
"26","3B.03.15",1,18,0,1593,0,0,0,0,0,0,0,1765,6,0,2,6,0,0,0,0,0,1,0,1,3943,0,1,0,0,1,0,388,"3B",3,6,"B","6B",10,"March",15,406,0,"TCTGGAACGGTT","CCGGACTACHVGGGTWTCTAAT","Run2",4,171.335,-45.813,5,47.89,12.1,34.376,0.9,9.1,0.26,"SAW","SAW","SAW","FRONT"
"28","3B.06.14",0,660,0,1139,0,0,0,5,0,1,19,904,242,0,310,6,0,0,2,0,0,0,0,53,4236,0,0,0,0,50,1,104,"3B",3,6,"B","6B",3,"June",14,126,0,"ATAGCTTCGTGG","CCGGACTACHVGGGTWTCTAAT","Run2",1,171.346,-45.807,5,48.66,9.9,34.287,0.87,12.2,1.3,"SAW","SAW","SAW","FRONT"
"29","3B.07.14",0,335,0,659,0,0,2,2,0,0,66,995,480,0,676,3,0,0,13,0,0,0,0,42,4107,0,0,0,0,271,0,41,"3B",3,6,"B","6B",29,"July",14,182,0,"ACTACCTCTTCA","CCGGACTACHVGGGTWTCTAAT","Run2",2,171.346,-45.811,5,48.69,9,34.458,0.87,12.4,2.2,"FRONT","FRONT","FRONT","FRONT"
"31","4A.03.15",0,44,0,1674,0,0,0,0,0,2,1,1697,11,0,3,5,0,0,0,0,0,0,0,3,4087,0,0,0,0,7,0,254,"4A",4,5,"A","5A",10,"March",15,406,0,"GTACTACCTCGG","CCGGACTACHVGGGTWTCTAAT","Run2",4,171.237,-45.807,5,40.26,12.3,34.489,0.84,8.6,0.52,"FRONT","FRONT","SAW","FRONT"
"32","4A.04.15",1,122,0,1039,0,10,2,0,0,0,0,1107,27,0,11,28,22,0,0,0,0,0,0,52,5143,0,0,0,0,22,6,342,"4A",4,5,"A","5A",21,"April",15,448,0,"TCACCCAAGGTA","CCGGACTACHVGGGTWTCTAAT","Run2",5,171.241,-45.807,5,40.55,11.6,34.397,0.74,6.3,1.14,"FRONT","FRONT","FRONT","FRONT"
"33","4A.06.14",0,518,0,800,0,0,0,0,0,0,22,1596,393,0,388,7,3,0,0,0,0,0,0,72,3907,4,0,0,0,68,4,87,"4A",4,5,"A","5A",3,"June",14,126,0,"CGGGATCAAATT","CCGGACTACHVGGGTWTCTAAT","Run2",1,171.248,-45.801,5,41.04,9.9,34.385,0.82,11.7,1.3,"SAW","SAW","SAW","FRONT"
"34","4A.07.14",0,328,0,434,0,0,0,0,0,0,173,708,483,0,774,0,0,0,34,0,0,0,0,2,4320,0,0,0,8,602,0,47,"4A",4,5,"A","5A",29,"July",14,182,0,"GATGATAACCCA","CCGGACTACHVGGGTWTCTAAT","Run2",2,171.264,-45.805,5,42.34,9.2,34.493,0.68,9.7,1.9,"FRONT","FRONT","FRONT","FRONT"
"35","4A.12.14",0,5,0,391,0,0,0,0,0,0,0,2187,0,0,0,6,2,0,0,0,0,0,0,28,4564,0,0,0,0,0,0,619,"4A",4,5,"A","5A",19,"December",14,325,0,"CTCCTTAAGGCG","CCGGACTACHVGGGTWTCTAAT","Run2",3,171.287,-45.803,5,44.11,11.4,34.651,0.77,8,0.2,"SAW","FRONT","FRONT","FRONT"
"36","4B.03.15",0,61,0,1457,0,0,0,0,0,1,0,1731,8,0,3,6,1,0,0,0,0,0,0,5,4278,0,0,0,0,6,1,233,"4B",4,5,"B","5B",10,"March",15,406,0,"TTCCTGTTAACC","CCGGACTACHVGGGTWTCTAAT","Run2",4,171.237,-45.807,5,40.26,12.3,34.489,0.84,8.6,0.52,"FRONT","FRONT","SAW","FRONT"
"37","4B.06.14",0,1138,0,967,1,0,1,1,0,0,15,905,206,0,229,3,0,0,3,0,0,0,0,61,3961,0,0,0,0,94,1,143,"4B",4,5,"B","5B",3,"June",14,126,0,"AGTCATCGAATG","CCGGACTACHVGGGTWTCTAAT","Run2",1,171.248,-45.801,5,41.04,9.9,34.385,0.82,11.7,1.3,"SAW","SAW","SAW","FRONT"
"39","4B.12.14",0,3,2,399,0,0,0,0,0,0,0,1757,1,0,0,10,0,0,0,0,0,0,0,41,4985,0,0,0,0,0,1,627,"4B",4,5,"B","5B",19,"December",14,325,0,"TTGCCTGGGTCA","CCGGACTACHVGGGTWTCTAAT","Run2",3,171.287,-45.803,5,44.11,11.4,34.651,0.77,8,0.2,"SAW","FRONT","FRONT","FRONT"
"40","5A.03.15",0,388,0,1896,0,0,0,0,0,0,1,1168,54,0,3,24,0,0,0,0,0,0,0,24,3992,0,0,0,0,25,0,174,"5A",5,4,"A","4A",10,"March",15,406,0,"CTATCCAAGTGG","CCGGACTACHVGGGTWTCTAAT","Run2",4,171.141,-45.804,5,32.86,12.7,34.569,0.67,5.1,0.86,"FRONT","FRONT","FRONT","FRONT"
"41","5A.04.15",0,324,0,1291,0,2,0,0,0,1,17,1754,97,0,10,4,1,0,0,0,0,0,0,43,3881,0,0,0,0,218,1,208,"5A",5,4,"A","4A",21,"April",15,448,0,"AGCCAGTCATAC","CCGGACTACHVGGGTWTCTAAT","Run2",5,171.128,-45.801,5,31.82,12.1,34.695,0.61,4.45,1.3,"STW","STW","STW","FRONT"
"42","5A.06.14",1,438,0,745,1,0,0,3,0,2,30,1519,374,0,639,4,0,0,5,0,0,1,0,35,3775,0,0,0,0,128,0,54,"5A",5,4,"A","4A",3,"June",14,126,0,"ATCTTGGAGTCG","CCGGACTACHVGGGTWTCTAAT","Run2",1,171.15,-45.794,5,33.44,9.8,34.354,0.79,11.3,1.3,"SAW","SAW","SAW","FRONT"
"43","5A.07.14",1,616,0,582,0,0,0,7,0,0,43,892,514,0,509,25,38,0,60,0,0,13,0,61,3871,0,0,0,0,621,0,23,"5A",5,4,"A","4A",29,"July",14,182,0,"TTGTATGACAGG","CCGGACTACHVGGGTWTCTAAT","Run2",2,171.148,-45.8,5,33.31,10,34.665,0.79,10.7,2.3,"STW","STW","FRONT","FRONT"
"44","5A.12.14",0,1,0,941,0,0,0,0,0,0,0,1157,0,0,0,9,0,0,0,0,0,0,0,16,5425,0,0,0,0,0,0,290,"5A",5,4,"A","4A",19,"December",14,325,0,"CAATTCTGCTTC","CCGGACTACHVGGGTWTCTAAT","Run2",3,171.195,-45.798,5,36.98,10.8,34.505,0.44,2.2,0.1,"SAW","FRONT","FRONT","FRONT"
"45","5B.03.15",0,181,0,1613,0,0,0,0,0,0,0,1859,34,0,3,17,2,0,0,0,0,0,0,24,3784,0,0,0,0,19,0,243,"5B",5,4,"B","4B",10,"March",15,406,0,"CAGTCTAGTACG","CCGGACTACHVGGGTWTCTAAT","Run2",4,171.141,-45.804,5,32.86,12.7,34.569,0.67,5.1,0.86,"FRONT","FRONT","FRONT","FRONT"
"46","5B.04.15",0,347,0,1228,0,1,0,0,0,1,22,1723,98,0,13,4,2,0,0,0,0,0,0,24,3879,0,0,0,1,277,0,172,"5B",5,4,"B","4B",21,"April",15,448,0,"TAACGGCGCTCT","CCGGACTACHVGGGTWTCTAAT","Run2",5,171.128,-45.801,5,31.82,12.1,34.695,0.61,4.45,1.3,"STW","STW","STW","FRONT"
"47","5B.06.14",1,900,0,949,2,0,2,6,0,0,16,1066,267,0,203,2,4,0,0,0,0,0,0,59,4061,0,0,0,0,207,0,118,"5B",5,4,"B","4B",3,"June",14,126,0,"AGCACCGGTCTT","CCGGACTACHVGGGTWTCTAAT","Run2",1,171.15,-45.794,5,33.44,9.8,34.354,0.79,11.3,1.3,"SAW","SAW","SAW","FRONT"
"48","5B.07.14",3,280,0,510,2,0,1,3,0,0,104,1070,554,0,776,1,8,0,29,0,0,5,0,44,3732,0,0,0,1,566,4,32,"5B",5,4,"B","4B",29,"July",14,182,0,"GGTAAGTTTGAC","CCGGACTACHVGGGTWTCTAAT","Run2",2,171.148,-45.8,5,33.31,10,34.665,0.79,10.7,2.3,"STW","STW","FRONT","FRONT"
"49","5B.12.14",1,7,0,1064,0,0,0,0,0,0,0,1325,0,0,0,7,0,0,0,0,0,0,0,21,4822,0,0,0,0,1,0,519,"5B",5,4,"B","4B",19,"December",14,325,0,"ACTGGCAAACCT","CCGGACTACHVGGGTWTCTAAT","Run2",3,171.195,-45.798,5,36.98,10.8,34.505,0.44,2.2,0.1,"SAW","FRONT","FRONT","FRONT"
"50","6A.03.15",0,207,0,828,1,0,0,0,0,0,0,1909,22,0,10,9,5,0,0,0,0,0,0,27,4389,0,0,0,0,40,0,330,"6A",6,3,"A","3A",10,"March",15,406,0,"GTGTCCGGATTC","CCGGACTACHVGGGTWTCTAAT","Run2",4,171.027,-45.796,5,23.94,13.8,34.761,0.47,2.7,0.5,"STW","STW","STW","FRONT"
"51","6A.04.15",8,274,0,846,0,0,0,0,0,10,0,935,39,0,19,2,58,0,5,0,0,0,0,85,5121,0,0,0,4,205,0,236,"6A",6,3,"A","3A",21,"April",15,448,0,"GTTTGCTCGAGA","CCGGACTACHVGGGTWTCTAAT","Run2",5,171.036,-45.796,5,24.65,12.4,34.695,0.67,4.7,1.35,"STW","STW","STW","FRONT"
"52","6A.06.14",3,575,0,841,0,0,1,3,0,0,34,993,329,0,647,5,13,0,5,0,0,0,0,39,3779,0,0,0,0,341,0,76,"6A",6,3,"A","3A",3,"June",14,126,0,"GCAAATCAGCCT","CCGGACTACHVGGGTWTCTAAT","Run2",1,171.046,-45.788,5,25.32,12.2,34.769,0.54,5.4,1.6,"STW","STW","STW","FRONT"
"53","6A.07.14",3,589,0,523,1,0,0,1,0,0,83,952,428,0,763,0,5,0,27,0,1,4,0,29,3472,0,0,0,0,765,1,47,"6A",6,3,"A","3A",29,"July",14,182,0,"CTACCACGGTAC","CCGGACTACHVGGGTWTCTAAT","Run2",2,171.042,-45.797,5,25.15,10.2,34.498,0.58,5.8,2.5,"STW","STW","STW","FRONT"
"55","6B.03.15",0,200,0,1981,0,0,0,0,0,1,0,1228,62,0,19,20,1,0,0,0,0,0,0,23,3931,0,0,0,0,56,0,232,"6B",6,3,"B","3B",10,"March",15,406,0,"TGTGGTGATGTA","CCGGACTACHVGGGTWTCTAAT","Run2",4,171.027,-45.796,5,23.94,13.8,34.761,0.47,2.7,0.5,"STW","STW","STW","FRONT"
"58","6B.07.14",2,381,0,458,0,0,0,1,0,1,74,887,525,0,885,0,5,0,21,0,0,7,0,32,3758,0,0,0,0,648,2,20,"6B",6,3,"B","3B",29,"July",14,182,0,"CGGTCTGTCTGA","CCGGACTACHVGGGTWTCTAAT","Run2",2,171.042,-45.797,5,25.15,10.2,34.498,0.58,5.8,2.5,"STW","STW","STW","FRONT"
"59","6B.12.14",0,1,0,1933,0,0,0,0,0,0,0,54,0,0,1,0,2,0,0,2,0,0,1,1,5799,0,1,0,0,0,0,49,"6B",6,3,"B","3B",19,"December",14,325,0,"CAATGTAGACAC","CCGGACTACHVGGGTWTCTAAT","Run2",3,171.094,-45.795,5,29.15,11.8,34.724,0.23,0.4,0,"FRONT","FRONT","STW","FRONT"
"60","7A.03.15",0,217,0,1715,0,0,0,0,0,0,1,1556,79,0,4,1,1,0,0,0,0,0,0,18,3929,0,0,0,0,5,0,163,"7A",7,2,"A","2A",10,"March",15,406,0,"CTTTCGTTCAAC","CCGGACTACHVGGGTWTCTAAT","Run2",4,170.927,-45.782,5,16.1,15,34.436,0.36,0.1,1.32,"NW","NW","NW","STW"
"61","7A.04.15",3,470,0,1608,0,0,0,0,0,0,1,1685,115,0,7,0,5,0,0,0,0,0,0,27,3752,0,0,0,0,106,2,157,"7A",7,2,"A","2A",21,"April",15,448,0,"GAACAAAGAGCG","CCGGACTACHVGGGTWTCTAAT","Run2",5,170.93,-45.786,5,16.41,12.8,34.613,0.58,4,1.64,"STW","STW","STW","STW"
"62","7A.06.14",0,853,0,550,0,0,0,1,0,1,63,885,246,0,524,0,1,0,18,0,0,0,0,7,3598,0,0,0,1,922,2,28,"7A",7,2,"A","2A",3,"June",14,126,0,"AGCGGCCTATTA","CCGGACTACHVGGGTWTCTAAT","Run2",1,170.953,-45.782,5,18.11,12.1,34.768,0.48,5.4,1.5,"STW","STW","STW","STW"
"63","7A.07.14",0,745,0,963,0,0,0,0,0,0,31,1127,165,0,467,2,12,0,7,0,0,1,0,12,3547,0,0,0,0,559,0,8,"7A",7,2,"A","2A",29,"July",14,182,0,"GTACATGTCGCC","CCGGACTACHVGGGTWTCTAAT","Run2",2,170.942,-45.786,5,17.31,10.4,34.517,0.49,4.7,2,"STW","STW","STW","STW"
"64","7A.12.14",0,5,0,2150,0,0,0,0,0,0,0,11,0,0,0,0,12,0,0,0,0,0,0,1,5601,0,0,0,0,0,0,44,"7A",7,2,"A","2A",19,"December",14,325,0,"TGGCGATACGTT","CCGGACTACHVGGGTWTCTAAT","Run2",3,170.999,-45.791,5,21.74,13.1,34.647,0.2,0,0,"STW","FRONT","STW","STW"
"65","7B.03.15",0,102,0,2400,0,0,0,0,0,0,0,1466,91,0,1,1,7,0,0,0,0,0,0,15,3374,0,0,0,0,2,0,250,"7B",7,2,"B","2B",10,"March",15,406,0,"CCGAAGATTCTG","CCGGACTACHVGGGTWTCTAAT","Run2",4,170.927,-45.782,5,16.1,15,34.436,0.36,0.1,1.32,"NW","NW","NW","STW"
"66","7B.06.14",0,495,0,448,0,0,0,2,2,0,100,733,345,0,744,0,2,0,38,0,0,1,0,9,3820,0,0,0,2,995,1,46,"7B",7,2,"B","2B",3,"June",14,126,0,"TCTTCAACTACC","CCGGACTACHVGGGTWTCTAAT","Run2",1,170.953,-45.782,5,18.11,12.1,34.768,0.48,5.4,1.5,"STW","STW","STW","STW"
"68","7B.1.04.15",0,173,0,1307,0,3,0,0,0,3,0,976,47,0,11,65,6,0,0,0,0,0,0,57,4719,0,0,0,0,7,1,430,"7B.1",4,5,"B","6B",21,"April",15,448,0,"AGTGTCGATTCG","CCGGACTACHVGGGTWTCTAAT","Run2",5,171.241,-45.807,5,40.55,11.6,34.397,0.74,6.3,1.14,"FRONT","FRONT","FRONT","FRONT"
"69","7B.12.14",1,4,0,1948,0,0,0,0,0,2,0,20,0,0,0,0,1,0,0,0,0,0,0,2,5857,0,0,0,0,0,0,39,"7B",7,2,"B","2B",19,"December",14,325,0,"GCCTTACGATAG","CCGGACTACHVGGGTWTCTAAT","Run2",3,170.999,-45.791,5,21.74,13.1,34.647,0.2,0,0,"STW","FRONT","STW","STW"
"70","7B.2.04.15",0,460,0,1600,1,0,0,0,0,8,2,1644,179,0,16,0,1,0,0,0,0,0,0,21,3495,0,0,0,0,193,0,155,"7B.2",7,2,"B","5A",21,"April",15,448,0,"CTATTAAGCGGC","CCGGACTACHVGGGTWTCTAAT","Run2",5,170.93,-45.786,5,16.41,12.8,34.613,0.58,4,1.64,"STW","STW","STW","STW"
"71","8A.03.15",0,211,0,1243,0,0,0,1,0,0,0,1603,41,0,5,0,3,0,0,0,0,0,0,16,4419,0,0,0,0,23,0,235,"8A",8,1,"A","1A",10,"March",15,406,0,"GTTGGCGTTACA","CCGGACTACHVGGGTWTCTAAT","Run2",4,170.822,-45.77,5,7.89,15,34.504,0.34,0.4,1.31,"NW","NW","NW","STW"
"72","8A.04.15",0,140,0,2162,2,0,0,0,0,4,4,738,45,0,7,0,7,0,0,0,3,0,0,21,4441,0,0,0,0,104,0,114,"8A",8,1,"A","1A",21,"April",15,448,0,"GCTAAGTGATGT","CCGGACTACHVGGGTWTCTAAT","Run2",5,170.819,-45.771,5,7.71,12.7,34.356,0.58,2.7,2.06,"NW","NW","NW","STW"
"73","8A.06.14",0,627,0,929,0,0,1,2,0,1,41,692,164,0,537,0,4,2,15,0,0,0,0,12,3702,0,0,0,0,863,0,41,"8A",8,1,"A","1A",3,"June",14,126,0,"TGGAATTCGGCT","CCGGACTACHVGGGTWTCTAAT","Run2",1,170.844,-45.776,5,9.61,11.5,34.384,0.4,4.9,4.5,"NW","NW","NW","STW"
"74","8A.07.14",0,852,0,1134,0,0,0,1,0,0,20,891,114,0,278,3,2,0,3,0,0,1,0,7,3813,0,0,0,3,538,1,15,"8A",8,1,"A","1A",29,"July",14,182,0,"ACGGATGTTATG","CCGGACTACHVGGGTWTCTAAT","Run2",2,170.845,-45.775,5,9.7,10,34.423,0.36,3.3,1.7,"NW","NW","NW","STW"
"75","8A.12.14",2,31,0,1352,1,0,0,0,0,0,0,25,0,0,0,0,5,0,0,0,0,0,1,8,6229,0,0,0,2,0,0,179,"8A",8,1,"A","1A",19,"December",14,325,0,"TACCTGTGTCTT","CCGGACTACHVGGGTWTCTAAT","Run2",3,170.901,-45.782,5,14.06,13.3,34.502,0.44,0.9,0.5,"NW","NW","NW","STW"
"76","8B.03.15",1,221,0,1095,0,0,0,0,0,2,0,1008,9,0,0,0,51,0,0,0,0,0,0,72,5238,0,0,0,0,17,0,149,"8B",8,1,"B","1B",10,"March",15,406,0,"GAAGTAGCGAGC","CCGGACTACHVGGGTWTCTAAT","Run2",4,170.822,-45.77,5,7.89,15,34.504,0.34,0.4,1.31,"NW","NW","NW","STW"
"77","8B.04.15",0,104,0,2185,0,0,0,0,0,2,1,822,38,0,8,0,3,0,0,0,0,0,0,30,4246,0,0,0,1,82,0,157,"8B",8,1,"B","1B",21,"April",15,448,0,"AAGGGACAAGTG","CCGGACTACHVGGGTWTCTAAT","Run2",5,170.819,-45.771,5,7.71,12.7,34.356,0.58,2.7,2.06,"NW","NW","NW","STW"
"78","8B.06.14",2,840,0,893,0,0,0,0,0,1,31,473,196,0,414,0,8,0,17,0,0,1,0,8,4044,0,0,0,1,671,0,29,"8B",8,1,"B","1B",3,"June",14,126,0,"TAAGATGCAGTC","CCGGACTACHVGGGTWTCTAAT","Run2",1,170.844,-45.776,5,9.61,11.5,34.384,0.4,4.9,4.5,"NW","NW","NW","STW"
"79","8B.07.14",0,597,0,983,0,0,0,1,0,0,24,1020,152,0,683,2,5,0,8,0,0,0,0,7,3684,0,0,0,0,445,0,14,"8B",8,1,"B","1B",29,"July",14,182,0,"TTGAGGCTACAA","CCGGACTACHVGGGTWTCTAAT","Run2",2,170.845,-45.775,5,9.7,10,34.423,0.36,3.3,1.7,"NW","NW","NW","STW"
"80","8B.12.14",14,308,0,319,0,0,0,0,0,2,99,23,404,0,753,0,0,0,18,0,1,32,0,91,4319,0,0,3,0,1100,0,227,"8B",8,1,"B","1B",19,"December",14,325,0,"AACGAGGCAACG","CCGGACTACHVGGGTWTCTAAT","Run2",3,170.901,-45.782,5,14.06,13.3,34.502,0.44,0.9,0.5,"NW","NW","NW","STW"
"82","S1.2",1,456,0,1437,0,0,0,0,0,0,0,1559,100,0,153,0,7,0,0,0,0,0,0,16,3871,0,0,0,0,2,0,118,"1B",8,1,"B","1B",28,"January",2014,1,0,"TCGATTGGCCGT","CCGGACTACHVGGGTWTCTAAT","Run1",0,170.916,-45.784,5,15.2,14.4,34.319,0.15,0.5,1,"NW","NW","NW","NW"
"83","S2.1",3,513,0,1385,1,0,0,0,0,0,0,1460,118,0,180,0,41,0,0,0,0,0,0,33,3889,0,0,0,0,12,0,115,"2A",7,2,"A","2A",28,"January",2014,1,0,"GCATTACTGGAC","CCGGACTACHVGGGTWTCTAAT","Run1",0,171.02,-45.797,5,23.39,13.5,34.714,0.25,2.3,0.6,"STW","STW","STW","STW"
"84","S2.2",1,473,0,1536,0,0,0,1,0,0,0,1334,121,0,248,0,48,0,0,0,0,0,0,31,3749,0,0,0,0,15,0,150,"2B",7,2,"B","2B",28,"January",2014,1,0,"TTGGGCCACATA","CCGGACTACHVGGGTWTCTAAT","Run1",0,171.02,-45.797,5,23.39,13.5,34.714,0.25,2.3,0.6,"STW","STW","STW","STW"
"85","S3.1",1,529,0,1327,0,0,0,0,0,0,0,1362,116,0,306,2,35,0,0,0,0,0,0,22,3889,0,0,0,0,26,0,142,"3A",6,3,"A","3A",28,"January",2014,1,0,"CACACAAAGTCA","CCGGACTACHVGGGTWTCTAAT","Run1",0,171.112,-45.796,5,30.36,12.5,34.541,0.59,7.1,0.2,"STW","STW","STW","STW"
"87","S4.1",1,395,0,1417,8,0,0,0,0,0,0,816,51,0,152,0,5,0,0,0,0,0,0,18,4613,0,0,0,0,3,3,294,"4A",5,4,"A","4A",28,"January",2014,1,0,"CGCCACGTGTAT","CCGGACTACHVGGGTWTCTAAT","Run1",0,171.201,-45.806,5,37.46,12,34.343,0.63,8.1,0.1,"FRONT","FRONT","FRONT","FRONT"
"88","S4.2",0,348,0,1592,5,0,0,1,0,0,0,448,49,0,114,3,3,0,0,0,0,0,0,12,4897,0,0,0,0,0,2,282,"4B",5,4,"B","4B",28,"January",2014,1,0,"GCAACCGATTGT","CCGGACTACHVGGGTWTCTAAT","Run1",0,171.201,-45.806,5,37.46,12,34.343,0.63,8.1,0.1,"FRONT","FRONT","FRONT","FRONT"
"89","S5.1",0,260,0,1622,8,0,0,1,0,0,0,407,22,0,64,1,1,0,0,0,0,0,0,20,5102,0,0,0,0,0,1,226,"5A",4,5,"A","5A",28,"January",2014,1,0,"CATGTGCTTAGG","CCGGACTACHVGGGTWTCTAAT","Run1",0,171.283,-45.815,5,43.86,12.3,34.323,0.7,8.4,0.1,"FRONT","FRONT","FRONT","FRONT"
"90","S5.2",0,270,0,1555,12,0,0,0,0,0,0,576,30,0,40,0,2,0,0,0,0,0,0,13,4973,0,0,0,0,0,3,257,"5B",4,5,"B","5B",28,"January",2014,1,0,"GTTCCTCCATTA","CCGGACTACHVGGGTWTCTAAT","Run1",0,171.283,-45.815,5,43.86,12.3,34.323,0.7,8.4,0.1,"FRONT","FRONT","FRONT","FRONT"
"91","S6.1",0,219,0,1875,1,0,0,1,0,0,0,523,24,0,13,0,2,0,0,0,0,0,0,12,4972,0,0,0,0,0,1,126,"6A",3,6,"A","6A",28,"January",2014,1,0,"ACCTGTCCTTTC","CCGGACTACHVGGGTWTCTAAT","Run1",0,171.37,-45.818,5,50.64,12.5,34.261,0.77,9.2,0.3,"SAW","SAW","SAW","SAW"
"92","S6.2",0,322,0,1431,0,0,0,2,0,0,0,465,19,0,6,0,0,0,0,0,0,0,0,11,5349,0,0,0,0,0,0,201,"6B",3,6,"B","6B",28,"January",2014,1,0,"GTTCACGCCCAA","CCGGACTACHVGGGTWTCTAAT","Run1",0,171.37,-45.818,5,50.64,12.5,34.261,0.77,9.2,0.3,"SAW","SAW","SAW","SAW"
"93","S7.1",0,225,0,2082,4,0,0,0,0,0,0,348,26,0,28,0,1,0,0,0,0,0,0,11,4900,0,0,0,0,0,2,138,"7A",2,7,"A","7A",28,"January",2014,1,0,"CGATCGAACACT","CCGGACTACHVGGGTWTCTAAT","Run1",0,171.469,-45.827,5,58.39,12.4,34.276,0.75,9.2,0.2,"SAW","SAW","SAW","SAW"
"94","S7.2",0,216,0,1949,2,0,0,1,0,0,0,364,41,0,29,0,1,0,0,0,0,0,0,13,4953,0,0,0,0,0,1,196,"7B",2,7,"B","7B",28,"January",2014,1,0,"CATGCCAACATG","CCGGACTACHVGGGTWTCTAAT","Run1",0,171.469,-45.827,5,58.39,12.4,34.276,0.75,9.2,0.2,"SAW","SAW","SAW","SAW"
"95","S8.1",0,239,0,1498,0,0,0,1,0,0,0,380,39,0,43,1,0,0,0,0,0,0,0,11,5225,0,0,0,0,1,2,305,"8A",1,8,"A","8A",28,"January",2014,1,0,"GAGTACAGTCTA","CCGGACTACHVGGGTWTCTAAT","Run1",0,171.558,-45.839,5,65.37,12.6,34.279,0.7,10.6,0.4,"SAW","SAW","SAW","SAW"
"96","S8.2",1,304,0,1628,3,0,0,0,0,0,0,571,81,0,90,2,0,0,0,0,0,0,0,9,4804,0,0,0,0,0,1,249,"8B",1,8,"B","8B",28,"January",2014,1,0,"CCTACATGAGAC","CCGGACTACHVGGGTWTCTAAT","Run1",0,171.558,-45.839,5,65.37,12.6,34.279,0.7,10.6,0.4,"SAW","SAW","SAW","SAW"
