"","SampleID","12up","Achromobacter","Acidiferrobacter","Acidisoma","Acinetobacter","Acinetobacter radioresistens","Actibacterium","AEGEAN-169 marine group","Aeromonas","Afipia","Albimonas","Alcanivorax","Algiphilus","Aliidiomarina","Altererythrobacter","Andalucia godoyi","Anderseniella","Aquicella","Arcobacter","Arenicella","Bacteriovorax","BAL58 marine group","Balneatrix","BD1-7 clade","Bdellovibrio","Bradyrhizobium","Brevundimonas","C1-B045","Caedibacter","Candidatus Captivus","Candidatus Cryptoprodotis","Candidatus Curculioniphilus","Candidatus Defluviella","Candidatus Endoecteinascidia","Candidatus Hepatincola","Candidatus Lariskella","Candidatus Liberibacter","Candidatus Pelagibacter","Candidatus Planktomarina (DC5-80-3 lineage)","Candidatus Schneideria","Catenococcus","Celeribacter","Cellvibrio","Cocleimonas","Colwellia","Coxiella","Croceicoccus","Cycloclasticus","Dasania","Deefgea","Defluviicoccus","Defluviimonas","Denitromonas","Desulfarculus","Desulfobulbus","Devosia","Dinoroseobacter","Donghicola","Eionea","endosymbiont of Conchocele disjuncta","Endozoicomonas","Enterobacter","Erwinia","Erythrobacter","Escherichia-Shigella","Fangia","Filomicrobium","Francisella","Geothermobacter","Glaciecola","Granulosicoccus","Haemophilus","Haliangium","Haliea","Halioglobus","Halomonas","Hellea","Hippea","Hyphomonas","Idiomarina","Kangiella","Legionella","Leisingera","Lentibacter","Leucothrix","Litoreibacter","Litoricola","Loktanella","Luminiphilus","Magnetospira","Malonomonas","Maricaulis","marine metagenome","Marinicella","Marinobacter","Marinobacterium","Marinomonas","Marinosulfonomonas","Marinovum","Mariprofundus","Massilia","Meganema","Mesorhizobium","Methylocystis","Methylophaga","Methylotenera","Moraxella","Moritella","MWH-UniP1 aquatic group","Neptunomonas","Nereida","Nisaea","Nitrosococcus","Nitrosomonas","Nitrosospira","Nitrospina","Novosphingobium","Oceanibaculum","Oceanicola","Oceanobacter","Oleiphilus","Oleispira","OM27 clade","OM43 clade","OM60(NOR5) clade","OM75 clade","Pacificibacter","Pantoea","Parvibaculum","Parvularcula","Paucimonas","Pedomicrobium","Pelagibacterium","Pelagicola","Pelobacter","Pelomonas","Peredibacter","Phaeobacter","Phaeomarinomonas","Phenylobacterium","Photobacterium","Piscirickettsia","Plesiocystis","Polynucleobacter","Ponticaulis","Ponticoccus","Porticoccus","Proteobacteria bacterium JGI 0000113-D06","Pseudoalteromonas","Pseudohaliea","Pseudomonas","Pseudoruegeria","Pseudospirillum","Pseudoxanthomonas","Psychrobacter","Pusillimonas","Rahnella","Reyranella","Rhodobacter","Rhodobium","Rhodovulum","Rickettsia","Rickettsiella","Robiginitomaculum","Roseateles","Roseibacterium","Roseobacter","Roseobacter clade CHAB-I-5 lineage","Roseobacter clade NAC11-7 lineage","Roseobacter clade OCT lineage","Roseovarius","Ruegeria","Salinisphaera","Salmonella","Sandaracinus","SAR92 clade","Sedimenticola","Sediminimonas","Shewanella","Shimia","Simplicispira","Sneathiella","Sphingobium","Sphingomonas","Sphingopyxis","Sphingorhabdus","Spongiibacter","Stappia","Stenotrophomonas","Sulfitobacter","Sulfurimonas","Sulfurovum","Sva0081 sediment group","Talaromyces phialosporus","Tateyamaria","Teredinibacter","Thalassobacter","Thalassobius","Thalassomonas","Thalassospira","Thioalkalispira","Thiobacillus","Thiohalophilus","Thiomicrospira","Thioprofundum","Thiothrix","Tropicibacter","Uliginosibacterium","Umboniibacter","uncultured","uncultured alpha proteobacterium","uncultured alpha proteobacterium EBAC2C11","uncultured bacterium","uncultured bacterium AD264-E4","uncultured bacterium GR-WP33-30","uncultured Codakia orbicularis gill symbiont","uncultured deep-sea bacterium","uncultured delta proteobacterium","uncultured delta proteobacterium HF0500","uncultured gamma proteobacterium","uncultured gamma proteobacterium EB000","uncultured gamma proteobacterium HF0200","uncultured gamma proteobacterium HF4000","uncultured marine bacterium","uncultured marine microorganism","uncultured organism","uncultured planctomycete","uncultured prokaryote","uncultured proteobacterium","uncultured Rhizobiales bacterium","uncultured Rhodospirillaceae bacterium","uncultured Rickettsiales bacterium","uncultured SAR11 cluster alpha proteobacterium","uncultured SAR86 cluster bacterium","uncultured sediment bacterium","uncultured soil bacterium","uncultured Sorangiineae bacterium","Undibacterium","unidentified marine bacterioplankton","Vibrio","Wenxinia","Xanthomonas","Yangia","Yersinia","ZD0417 marine group","Station","Kim_Station","Published_station","Replicate","Published_ID","Day","Month","Year","Time","Depth","BarcodeSequence","LinkerPrimerSequence","Description","Sample_day","LonE","LatN","Depth2","Distance.km_from_TH.","Temperature","Salinity","Phosphate","Nitrate","Silicate","Water_mass","Water_mass_DFA","Water_mass_PCA","Water_mass_Sergio"
"1","1A.03.15",0,0,0,0,0,0,0,389,0,0,1,0,0,0,0,0,1,0,0,0,0,0,0,1,0,0,0,0,0,0,0,0,0,0,0,1,0,1,53,0,0,196,0,0,0,10,0,0,0,0,37,6,0,0,0,0,0,0,0,0,0,0,0,0,1,0,0,0,0,0,0,0,0,1,0,0,0,0,0,0,0,0,0,3,0,0,0,0,0,0,0,0,49,405,1,0,0,3,2,0,6,0,0,0,0,0,0,0,2,0,2,0,0,0,0,0,0,0,1,0,0,0,1,121,135,68,0,0,0,0,0,0,0,0,0,0,0,0,0,0,0,0,0,0,0,0,6,0,0,0,1,0,100,0,0,0,0,0,0,0,0,0,0,0,0,0,21,0,31,7,0,0,0,0,0,36,0,0,0,0,0,0,0,2,0,0,0,0,0,2,0,0,0,0,0,0,0,0,0,1,0,0,0,0,0,64,1,0,0,267,577,0,575,0,0,0,0,0,0,464,0,0,0,105,0,12,0,0,1,0,0,0,8,0,0,0,0,0,3,0,0,1,0,0,0,"1A",1,8,"A","8A",10,"March",15,434,0,"GGCGTTGCATTC","CCGGACTACHVGGGTWTCTAAT","Run2",4,171.534,-45.83,5,63.61,12.3,34.375,0.86,8.7,0.28,"SAW","SAW","SAW","SAW"
"2","1A.04.15",0,0,0,0,0,0,0,244,0,0,3,0,0,0,0,0,0,0,0,0,0,0,1,2,0,0,0,0,0,0,0,0,0,0,0,1,0,0,90,0,0,272,0,0,0,24,0,0,0,0,54,2,0,0,0,0,0,0,0,0,0,0,0,0,0,0,0,0,0,0,0,0,0,1,0,0,0,0,0,0,0,0,0,8,0,0,1,0,0,0,0,0,46,405,0,0,0,6,5,0,3,0,0,0,0,0,0,0,8,0,7,0,0,3,0,0,0,0,0,0,0,0,7,106,90,81,0,0,0,0,0,0,3,0,0,0,0,0,0,0,0,0,0,0,0,0,6,0,0,0,0,0,36,0,0,0,0,0,0,0,2,0,0,0,0,0,169,1,41,6,0,0,1,0,0,23,4,0,0,0,0,0,0,0,0,0,0,0,0,3,0,0,0,0,0,0,0,3,0,0,1,0,0,0,0,151,0,0,0,521,328,0,592,0,0,0,0,7,0,333,0,0,0,49,0,10,2,0,1,0,0,0,10,1,0,1,8,0,5,0,0,0,0,0,2,"1A",1,8,"A","8A",21,"April",15,476,0,"TTGCGGACCCTA","CCGGACTACHVGGGTWTCTAAT","Run2",5,171.534,-45.829,5,63.35,10.9,34.311,0.94,10,0.55,"SAW","SAW","SAW","SAW"
"3","1A.06.14",0,0,0,0,0,0,0,464,0,1,0,0,0,0,1,0,0,0,0,0,0,0,1,3,0,0,0,0,1,0,0,0,0,1,0,0,0,0,109,0,1,115,0,0,0,7,0,1,0,0,31,2,0,0,0,0,0,0,0,0,0,0,0,0,0,0,0,0,0,0,0,0,0,0,0,0,0,0,0,0,0,0,0,39,0,0,0,0,0,7,0,0,76,321,1,1,0,2,1,1,4,0,0,0,0,0,0,0,7,0,4,0,0,3,0,1,0,0,0,0,0,0,19,105,26,141,0,0,0,0,0,0,0,0,0,0,0,0,0,0,1,0,0,0,0,0,11,0,0,2,0,0,90,0,0,0,0,0,0,0,0,0,0,0,0,1,67,0,52,0,0,0,0,0,0,61,2,0,0,0,0,0,0,1,0,0,0,0,0,1,0,0,0,0,0,0,0,0,0,0,0,0,1,0,0,75,0,0,0,275,134,0,1223,0,0,0,0,5,0,748,1,0,0,193,0,55,6,0,3,0,0,0,15,0,3,0,0,0,12,0,0,0,0,0,14,"1A",1,8,"A","8A",3,"June",14,154,0,"ACAGGAGGGTGT","CCGGACTACHVGGGTWTCTAAT","Run2",1,171.532,-45.829,5,63.28,9.7,34.229,0.99,11.5,1.1,"SAW","SAW","SAW","SAW"
"4","1A.07.14",0,0,0,0,2,0,0,228,0,4,0,0,0,0,0,0,0,0,0,14,0,0,8,0,0,11,0,0,0,0,0,0,0,0,0,0,0,0,201,0,1,115,0,0,0,32,0,0,0,0,37,0,0,0,0,0,1,0,0,0,0,1,0,0,6,0,0,0,0,0,0,0,0,2,5,0,0,0,0,0,10,0,0,22,0,0,0,0,0,5,0,0,28,125,0,0,0,1,3,11,8,0,0,0,0,0,0,0,2,0,1,0,0,9,0,1,0,0,0,0,0,0,20,80,72,28,0,1,0,5,0,0,0,0,0,36,0,0,0,0,0,0,3,0,0,0,0,0,0,6,0,0,63,0,0,0,0,0,0,1,0,0,0,0,0,3,44,0,68,0,0,0,0,0,0,26,6,0,0,0,0,0,0,0,0,0,0,6,0,2,0,0,0,0,0,0,0,0,0,0,0,0,0,0,0,45,0,0,0,393,26,0,757,0,0,0,7,32,0,509,0,0,0,103,0,81,8,0,0,0,0,0,12,0,0,0,0,0,91,0,0,0,0,7,15,"1A",1,8,"A","8A",29,"July",14,188,0,"ACCTTGACAAGA","CCGGACTACHVGGGTWTCTAAT","Run2",2,171.534,-45.83,5,63.29,8.4,34.25,1.02,14.2,1.7,"SAW","SAW","SAW","SAW"
"5","1A.12.14",0,0,0,0,0,0,1,225,0,0,0,2,5,0,2,0,0,0,3,0,0,0,0,2,0,15,0,0,0,3,0,0,0,0,0,0,0,0,618,0,0,589,0,0,30,5,0,1,0,0,16,3,1,0,0,0,0,0,0,0,0,0,0,2,4,0,0,0,0,0,0,1,0,2,0,0,0,0,1,0,0,0,0,10,0,0,6,0,0,0,0,0,216,21,0,2,0,8,6,0,37,0,0,0,0,0,0,0,0,0,12,0,0,0,0,0,0,0,0,0,1,0,0,174,401,0,0,0,0,0,0,0,0,18,0,25,4,0,0,0,1,0,0,0,0,0,4,0,0,0,5,0,0,0,0,0,0,0,0,14,0,0,0,0,0,0,515,2,930,5,0,0,0,0,0,89,0,0,0,0,0,0,0,1,0,0,3,0,1,5,0,0,0,0,0,0,1,1,0,0,0,0,0,0,0,41,1,2,0,749,227,1,1145,0,0,0,0,0,0,60,0,0,0,68,0,3,0,0,0,2,1,0,39,0,0,4,2,0,0,0,0,0,0,0,0,"1A",1,8,"A","8A",19,"December",14,353,0,"CCGACATTGTAG","CCGGACTACHVGGGTWTCTAAT","Run2",3,171.533,-45.83,5,63.8,11.4,34.302,0.98,11,0,"SAW","SAW","SAW","SAW"
"6","1B.03.15",0,0,0,0,0,1,0,455,0,0,1,0,0,0,0,0,0,0,1,0,0,0,0,0,0,0,0,0,1,0,0,0,0,0,0,0,0,0,63,0,0,231,0,0,0,2,0,0,0,0,33,6,0,0,0,0,0,0,0,0,0,0,1,0,0,0,0,0,0,0,0,0,0,2,0,0,0,0,0,0,0,0,0,5,0,0,0,0,1,0,0,0,62,454,0,0,1,4,3,2,3,0,0,0,0,0,0,0,3,0,1,0,0,0,0,0,0,0,0,0,0,0,1,78,115,66,0,0,0,0,0,0,0,0,0,0,0,0,0,0,0,0,0,0,0,0,9,0,0,0,0,0,81,0,1,0,0,0,0,0,1,0,0,0,0,1,24,0,33,4,1,0,0,0,0,34,0,0,0,0,0,0,0,1,0,0,0,0,0,2,0,0,0,0,0,0,0,1,0,1,0,0,0,0,0,53,0,0,0,309,490,0,648,0,0,0,0,0,0,462,0,0,0,111,0,8,0,0,0,0,0,0,10,0,0,0,0,0,0,0,0,0,1,0,0,"1B",1,8,"B","8B",10,"March",15,434,0,"ACTAGCGTTCAG","CCGGACTACHVGGGTWTCTAAT","Run2",4,171.534,-45.83,5,63.61,12.3,34.375,0.86,8.7,0.28,"SAW","SAW","SAW","SAW"
"8","1B.06.14",0,0,0,0,0,0,0,344,0,0,1,0,0,0,2,0,0,0,0,4,0,0,2,1,0,2,0,2,0,0,0,0,0,0,0,3,0,2,170,0,0,172,0,0,0,12,0,0,0,0,33,0,0,0,0,0,0,0,0,0,0,0,0,0,0,0,0,0,0,1,0,0,0,3,0,0,0,0,0,0,0,0,0,12,0,0,2,0,0,2,0,0,82,338,0,0,0,2,2,0,2,0,0,0,0,0,0,0,12,0,5,0,0,3,0,3,0,0,0,0,0,0,18,74,60,82,0,0,0,0,0,0,0,0,0,7,0,0,0,0,0,0,1,0,0,0,2,1,0,0,0,0,108,0,0,0,0,0,0,0,0,0,0,0,0,3,91,0,52,4,1,0,0,0,0,23,3,1,2,0,0,0,0,1,0,0,0,0,0,3,0,0,0,0,0,0,0,0,0,0,0,0,0,0,0,81,0,0,0,396,164,0,1006,0,0,0,3,1,0,318,0,0,0,114,0,46,9,1,1,0,0,0,23,1,4,0,0,0,20,0,0,0,0,0,5,"1B",1,8,"B","8B",3,"June",14,154,0,"GCTGTCGTCAAC","CCGGACTACHVGGGTWTCTAAT","Run2",1,171.532,-45.829,5,63.28,9.7,34.229,0.99,11.5,1.1,"SAW","SAW","SAW","SAW"
"9","1B.07.14",0,0,0,0,0,0,0,331,0,0,0,0,0,0,2,0,0,0,0,2,0,0,3,2,0,0,0,0,0,2,1,0,1,1,0,1,0,0,96,2,2,94,0,0,5,12,0,1,0,0,37,0,0,0,0,0,0,0,0,0,0,0,0,0,0,2,0,0,0,0,0,0,0,0,1,0,0,0,1,0,0,0,0,27,0,0,0,0,0,15,0,0,79,175,0,0,0,2,2,0,4,0,0,0,0,0,0,0,5,0,3,0,0,1,0,2,0,1,0,0,0,0,15,88,15,44,0,0,0,2,0,0,0,0,0,0,0,0,0,0,0,0,0,0,0,0,0,0,0,1,0,0,58,0,0,0,0,0,0,0,0,0,0,0,0,0,47,0,47,1,0,0,0,0,0,27,12,0,0,0,0,0,0,0,0,0,0,0,0,1,0,0,0,0,0,0,2,0,0,0,0,0,0,0,0,45,0,0,0,258,81,0,1029,0,0,0,1,13,0,569,0,0,0,227,0,38,4,1,1,0,0,0,21,0,1,2,2,0,43,0,0,0,0,0,25,"1B",1,8,"B","8B",29,"July",14,188,0,"GTAACCACCACC","CCGGACTACHVGGGTWTCTAAT","Run2",2,171.534,-45.83,5,63.29,8.4,34.25,1.02,14.2,1.7,"SAW","SAW","SAW","SAW"
"10","1B.12.14",0,0,1,0,1,0,1,301,0,0,5,0,0,1,8,0,0,0,0,0,0,0,0,0,0,1,0,0,0,0,0,0,0,0,0,0,0,3,666,0,0,599,0,0,24,8,0,0,0,0,16,2,0,0,0,0,1,0,0,0,0,0,0,0,0,0,0,0,0,1,0,0,0,4,0,0,0,0,0,0,0,0,0,10,0,0,0,2,0,1,1,0,236,25,0,8,0,11,10,1,31,0,0,0,0,0,0,0,0,0,21,0,0,0,0,0,1,2,2,0,1,0,0,196,346,6,0,0,0,1,0,0,0,31,0,0,7,0,0,0,0,0,0,0,0,0,0,0,2,0,0,0,2,0,0,0,0,0,0,15,1,0,0,0,0,0,401,1,868,6,1,0,1,0,0,128,0,0,0,0,0,0,2,1,2,1,0,0,0,7,1,0,0,0,0,0,2,2,0,0,1,0,0,0,0,43,1,0,0,798,195,1,1039,0,0,1,0,0,0,61,0,0,0,73,0,5,0,0,0,1,2,0,31,0,0,0,12,0,0,2,0,0,1,0,0,"1B",1,8,"B","8B",19,"December",14,353,0,"CATGTAAGGCTC","CCGGACTACHVGGGTWTCTAAT","Run2",3,171.533,-45.83,5,63.8,11.4,34.302,0.98,11,0,"SAW","SAW","SAW","SAW"
"12","2A.04.15",0,0,0,0,2,1,0,340,0,0,2,0,0,0,0,0,0,0,0,1,0,0,1,1,0,0,0,0,0,0,0,0,0,0,0,0,0,1,124,0,0,236,0,0,0,10,0,0,0,0,46,5,0,0,0,0,0,0,0,0,0,0,0,1,0,0,0,0,0,0,0,0,0,1,1,0,0,0,0,0,0,0,0,6,0,0,1,0,0,0,0,0,48,394,0,0,1,9,2,0,6,0,0,0,0,0,0,0,5,0,4,0,0,1,0,1,1,0,0,0,0,0,8,100,111,89,0,0,0,0,0,0,0,0,0,0,1,0,0,0,0,0,0,0,0,0,8,0,0,0,0,0,53,0,0,0,0,0,0,0,2,0,0,0,0,2,106,0,54,9,0,0,0,0,0,30,2,2,0,0,0,0,0,0,0,0,1,0,0,2,0,0,0,0,0,0,0,1,0,0,0,0,0,0,0,144,0,0,0,509,336,0,878,0,0,0,0,8,0,680,0,0,0,100,0,41,0,0,1,0,1,0,15,0,1,0,3,0,9,0,0,0,0,1,4,"2A",2,7,"A","7A",21,"April",15,476,0,"AACGTTAGTGTG","CCGGACTACHVGGGTWTCTAAT","Run2",5,171.439,-45.822,5,55.96,10.9,34.297,0.93,9.4,0.42,"SAW","SAW","SAW","SAW"
"14","2A.07.14",0,0,0,0,0,0,0,364,0,0,0,0,0,0,0,0,0,0,0,1,0,0,3,0,0,0,0,0,0,0,0,0,0,2,0,1,0,1,90,0,2,54,0,0,4,7,0,0,0,0,47,3,0,0,0,0,2,0,0,0,0,0,0,0,0,2,0,0,0,0,0,0,0,0,1,0,0,0,0,0,0,0,0,45,0,0,0,0,0,31,0,0,65,182,0,0,0,0,0,0,1,0,0,0,0,0,0,0,3,0,1,0,0,7,0,12,0,0,0,0,0,0,4,84,14,68,0,0,0,1,0,0,0,0,0,0,0,0,0,0,0,1,1,0,0,0,0,0,0,1,0,0,112,0,1,0,0,0,0,0,0,0,0,0,0,0,27,0,50,3,0,0,0,0,0,39,1,0,0,0,0,0,0,0,0,0,0,0,0,0,0,0,0,0,0,0,1,0,0,0,0,0,0,0,1,33,0,0,0,158,76,0,1120,0,0,0,3,8,0,789,0,0,0,233,0,23,11,2,8,0,0,0,25,1,0,0,0,0,38,1,0,0,0,0,56,"2A",2,7,"A","7A",29,"July",14,188,0,"CATAGCTCGGTC","CCGGACTACHVGGGTWTCTAAT","Run2",2,171.445,-45.819,5,56.46,8.2,34.26,0.78,9,1.2,"SAW","SAW","SAW","SAW"
"15","2A.12.14",0,0,0,0,2,0,0,623,0,0,4,0,0,0,3,0,0,0,1,0,0,0,0,0,0,0,0,0,0,0,0,0,0,0,0,1,0,2,859,0,0,405,0,0,4,2,1,2,0,0,9,0,0,0,0,0,1,0,0,0,0,1,0,1,0,0,0,1,0,0,0,0,0,1,0,0,0,0,0,0,0,0,0,12,0,0,0,3,0,0,0,1,208,69,0,4,0,24,6,0,43,0,0,1,0,0,0,0,0,0,24,0,0,0,0,0,0,0,0,0,0,0,0,231,135,8,0,0,0,0,0,0,0,16,0,0,2,0,0,0,0,0,0,0,0,0,1,0,0,0,0,0,0,0,0,0,0,0,0,1,0,0,0,0,0,0,121,0,603,10,2,0,0,0,0,94,0,0,0,0,0,0,0,3,1,1,0,0,0,9,0,0,0,0,0,0,0,4,0,0,0,0,0,0,0,88,0,0,0,637,487,0,1264,0,0,0,1,0,0,96,0,0,0,117,0,5,0,0,0,0,0,0,51,0,0,0,6,1,1,0,0,0,1,0,0,"2A",2,7,"A","7A",19,"December",14,353,0,"TGCAAGCTAAGT","CCGGACTACHVGGGTWTCTAAT","Run2",3,171.469,-45.818,5,58.26,11.2,34.33,0.95,10.9,0.2,"SAW","SAW","SAW","SAW"
"16","2B.03.15",0,0,0,0,0,1,0,447,0,0,1,0,0,0,1,0,1,0,0,0,0,0,0,0,0,0,0,0,0,0,0,0,0,0,0,0,0,0,42,0,0,203,0,0,0,3,0,0,0,0,39,9,0,0,0,0,0,0,0,0,0,1,0,0,0,0,0,0,0,0,0,0,0,1,1,0,0,0,0,0,0,0,0,5,0,0,0,1,1,0,0,0,88,519,0,0,0,4,2,0,5,0,0,0,0,0,0,0,2,0,1,0,0,0,0,0,0,0,0,0,0,0,0,96,83,58,0,0,0,0,0,0,0,0,0,0,0,1,0,0,0,0,0,0,0,0,12,0,0,0,0,0,55,0,0,0,0,0,0,0,2,0,0,0,0,0,23,0,35,5,0,0,0,0,0,24,0,0,0,0,0,0,0,1,0,0,0,0,0,1,0,0,0,0,0,0,0,2,0,0,0,0,0,0,0,54,0,1,0,235,556,0,735,0,0,0,0,0,0,648,0,0,0,120,0,11,0,0,1,0,0,0,9,1,0,0,0,0,1,0,0,0,0,0,0,"2B",2,7,"B","7B",10,"March",15,434,0,"TGCGAGTATATG","CCGGACTACHVGGGTWTCTAAT","Run2",4,171.434,-45.81,5,55.53,12.7,34.341,0.9,9.6,0.17,"SAW","SAW","SAW","SAW"
"17","2B.04.15",0,0,0,0,0,0,0,291,0,1,0,0,0,0,0,0,0,0,0,0,0,0,0,0,0,13,0,0,0,0,0,0,0,0,0,0,0,0,116,0,0,230,0,0,0,17,0,0,0,0,47,3,0,0,0,1,0,0,0,0,0,0,0,0,0,0,0,0,0,0,0,0,0,0,0,0,0,0,0,0,0,0,0,8,0,0,0,1,0,0,0,0,58,494,0,0,0,3,4,0,5,0,0,0,0,0,0,0,9,0,5,0,0,2,0,0,0,0,0,0,0,0,15,99,83,96,0,0,0,0,0,0,0,0,0,7,0,0,0,0,0,0,0,0,0,0,7,0,0,0,0,1,48,0,0,0,0,0,0,0,1,0,0,0,0,0,106,0,52,8,0,0,0,0,0,56,5,0,0,0,0,0,0,0,0,0,0,0,0,3,0,0,0,0,0,0,0,0,0,0,0,0,0,0,0,124,0,0,0,479,306,0,810,0,0,0,0,10,0,628,1,0,0,69,0,37,1,0,0,0,0,0,12,0,1,0,8,0,2,2,0,0,0,0,3,"2B",2,7,"B","7B",21,"April",15,476,0,"TGCATGACAGTC","CCGGACTACHVGGGTWTCTAAT","Run2",5,171.439,-45.822,5,55.96,10.9,34.297,0.93,9.4,0.42,"SAW","SAW","SAW","SAW"
"18","2B.06.14",0,0,0,0,0,1,0,433,0,0,1,0,0,0,2,0,0,0,0,0,0,0,2,4,2,0,0,0,0,0,0,0,0,0,0,0,0,1,164,0,2,127,0,0,2,9,0,1,0,0,45,3,0,0,0,0,0,0,0,0,0,0,0,0,0,0,0,0,0,0,0,0,0,0,0,0,0,0,0,0,0,0,0,17,0,0,0,1,0,7,0,0,93,362,0,0,0,13,2,0,4,0,0,0,0,0,0,0,10,0,4,0,0,3,0,3,0,0,0,0,1,0,15,78,20,106,0,0,0,0,0,0,0,0,0,0,0,0,0,0,0,0,0,0,0,0,4,1,0,0,0,0,122,0,0,1,0,0,0,0,3,0,0,0,0,1,77,2,65,7,0,0,0,0,0,41,1,0,0,0,0,0,0,1,0,0,0,0,0,2,0,0,0,0,0,0,0,0,0,0,0,0,0,0,0,67,0,0,0,318,263,0,1084,0,0,0,0,2,0,430,0,0,0,160,0,34,4,1,0,0,0,0,20,1,2,0,1,0,17,1,0,1,0,0,10,"2B",2,7,"B","7B",3,"June",14,154,0,"AAGCTTGAAACC","CCGGACTACHVGGGTWTCTAAT","Run2",1,171.435,-45.816,5,55.6,9.8,34.235,0.81,11.9,1.6,"SAW","SAW","SAW","SAW"
"19","2B.07.14",0,0,0,0,0,0,0,375,0,0,0,0,0,0,5,0,0,0,0,0,0,0,1,0,0,3,0,0,0,0,0,0,1,0,0,0,0,1,81,0,1,38,0,0,1,5,0,0,0,0,42,0,0,0,0,0,1,0,0,0,0,0,0,0,0,1,0,0,1,0,0,0,0,0,0,0,0,0,0,0,0,0,0,44,0,0,0,2,0,36,0,0,83,169,0,0,0,3,0,0,4,0,0,0,0,0,0,0,2,0,2,0,0,2,0,11,0,0,0,0,0,0,18,102,7,68,0,2,0,0,0,0,0,0,0,4,0,0,0,0,0,0,0,0,0,0,0,0,0,1,0,0,108,0,0,0,0,0,0,0,0,0,0,0,0,0,16,0,57,0,0,0,0,0,0,43,1,0,0,0,0,0,0,0,0,0,0,0,0,0,0,0,0,0,0,0,0,0,0,0,0,1,0,0,0,25,0,0,0,154,73,0,1260,0,0,0,1,16,0,810,3,0,0,258,0,30,14,1,7,0,0,0,15,1,0,1,0,0,38,0,0,0,0,0,54,"2B",2,7,"B","7B",29,"July",14,188,0,"AACCATGCCAAC","CCGGACTACHVGGGTWTCTAAT","Run2",2,171.445,-45.819,5,56.46,8.2,34.26,0.78,9,1.2,"SAW","SAW","SAW","SAW"
"20","2B.12.14",0,0,0,0,0,0,0,460,0,0,2,0,0,0,2,0,0,0,1,0,0,0,1,7,0,0,0,0,0,0,0,0,0,0,0,0,0,1,685,0,0,309,0,0,4,1,0,0,0,0,4,4,0,0,0,0,1,0,0,0,0,0,0,1,0,0,0,0,0,2,0,0,0,1,0,1,0,0,0,0,0,0,0,22,0,0,0,2,0,0,0,0,134,43,0,3,0,14,4,0,21,0,0,0,0,0,0,0,3,0,34,0,0,0,1,0,0,0,0,0,0,0,0,144,51,4,0,0,0,0,0,0,0,5,0,0,1,0,0,1,0,0,0,0,0,0,0,0,0,0,1,0,3,0,0,0,0,0,0,1,0,0,0,0,0,0,223,2,728,6,0,0,0,0,0,160,0,0,0,0,0,0,0,2,0,0,0,0,0,6,0,0,0,0,0,0,2,6,0,0,0,0,0,0,0,87,0,0,0,494,272,0,1508,0,0,0,0,0,0,259,0,0,0,105,0,5,0,0,0,0,1,0,46,2,0,0,19,1,0,0,0,0,0,0,0,"2B",2,7,"B","7B",19,"December",14,353,0,"GTGTGTGCCATA","CCGGACTACHVGGGTWTCTAAT","Run2",3,171.469,-45.818,5,58.26,11.2,34.33,0.95,10.9,0.2,"SAW","SAW","SAW","SAW"
"21","3A.03.15",0,0,0,0,0,0,0,336,0,0,1,0,0,0,1,0,2,0,0,0,0,0,0,0,0,0,0,0,0,0,0,0,0,0,0,0,0,1,14,0,0,89,0,0,0,25,0,0,0,0,15,2,0,0,0,0,0,0,0,0,0,0,0,0,0,0,0,0,0,0,0,0,0,3,0,0,0,0,0,0,0,0,0,2,0,0,0,0,2,0,0,0,79,686,0,0,0,1,2,0,9,0,0,0,0,0,0,0,2,0,0,0,0,0,0,0,0,0,1,0,0,0,1,89,315,14,0,0,0,0,0,0,0,0,0,0,0,0,0,0,0,0,0,0,0,0,14,0,0,0,0,0,4,0,0,0,1,0,0,1,1,0,0,0,0,0,21,0,19,2,0,0,0,0,1,5,0,0,0,0,0,0,0,1,0,0,0,0,0,2,0,0,0,0,0,0,0,0,0,0,0,0,0,0,0,63,0,1,0,151,500,0,476,0,0,0,0,0,0,237,0,0,0,67,0,3,0,0,0,0,0,0,17,0,0,0,0,1,0,0,0,0,0,0,0,"3A",3,6,"A","6A",10,"March",15,434,0,"TACCACAACGAA","CCGGACTACHVGGGTWTCTAAT","Run2",4,171.335,-45.813,5,47.89,12.1,34.376,0.9,9.1,0.26,"SAW","SAW","SAW","FRONT"
"22","3A.04.15",0,0,0,0,0,0,0,186,0,0,0,0,0,0,0,0,0,0,4,0,0,0,0,0,0,0,0,0,0,0,0,0,0,2,0,0,0,1,106,0,0,103,0,0,0,50,0,0,0,0,68,2,0,0,0,0,0,0,0,0,0,0,0,1,1,0,0,0,0,0,0,0,0,4,1,0,1,0,0,0,0,0,0,3,0,0,0,1,1,0,0,0,43,201,0,2,2,4,2,0,6,0,0,0,0,0,0,0,2,0,2,0,0,18,0,2,0,0,1,0,0,0,8,166,409,45,0,0,0,0,0,0,0,0,0,0,0,0,0,0,0,0,0,0,0,0,0,0,0,8,0,0,63,0,0,0,0,0,0,2,0,2,0,0,0,0,58,0,96,1,1,0,1,0,1,14,0,0,0,0,0,0,0,0,0,0,0,0,0,1,0,0,0,0,0,0,1,0,0,0,1,1,0,0,0,85,0,0,0,431,166,0,543,0,0,0,0,11,0,374,2,0,0,145,1,13,1,0,0,0,0,0,6,0,0,0,0,0,91,0,0,0,0,2,17,"3A",3,6,"A","6A",21,"April",15,476,0,"TCAATCGCTTTC","CCGGACTACHVGGGTWTCTAAT","Run2",5,171.335,-45.814,5,47.92,10.9,34.339,0.94,10.4,0.33,"SAW","SAW","SAW","FRONT"
"23","3A.06.14",0,0,0,0,0,0,0,385,0,0,0,0,1,0,0,0,0,0,0,0,0,0,4,6,0,27,0,0,0,0,0,0,0,0,0,0,0,0,208,0,0,117,0,0,0,4,0,0,0,0,27,4,0,0,0,0,0,0,0,0,0,0,0,0,0,10,0,0,0,0,0,0,0,0,0,0,0,0,0,0,0,0,0,19,0,0,0,2,0,0,0,0,65,269,0,0,0,1,1,1,0,0,0,0,0,0,0,0,8,0,6,5,0,0,0,5,0,0,0,0,0,0,31,99,24,126,0,0,0,0,0,0,0,0,0,6,0,0,0,0,0,0,0,0,0,0,7,0,0,2,0,0,125,0,0,0,0,0,0,0,0,0,0,0,0,0,57,0,79,0,0,0,0,0,0,29,0,0,0,0,0,0,0,0,0,0,0,0,0,0,0,0,0,0,0,0,1,0,0,4,0,0,0,0,0,45,0,0,0,329,116,0,1088,0,6,0,0,0,0,500,0,0,0,117,0,50,0,0,9,0,0,0,16,0,2,0,0,0,28,0,0,0,0,0,27,"3A",3,6,"A","6A",3,"June",14,154,0,"TAAGCGTCTCGA","CCGGACTACHVGGGTWTCTAAT","Run2",1,171.346,-45.807,5,48.66,9.9,34.287,0.87,12.2,1.3,"SAW","SAW","SAW","FRONT"
"24","3A.07.14",0,0,0,0,0,0,0,327,0,0,0,0,0,0,0,0,0,0,0,0,0,0,0,0,0,11,0,0,0,0,0,0,0,35,0,0,0,1,21,0,0,53,0,0,1,2,0,0,0,0,32,1,0,0,0,0,0,0,0,0,0,0,0,0,0,25,0,0,0,0,0,0,0,0,0,0,0,0,0,0,0,0,0,24,0,0,0,0,0,43,0,0,44,114,0,0,0,1,1,0,0,0,0,0,0,0,0,0,0,0,1,0,0,5,0,11,11,0,0,0,0,0,33,41,24,92,0,0,0,0,0,0,0,0,0,113,0,0,0,0,0,0,0,0,0,0,0,0,0,0,0,0,146,0,0,0,0,0,0,0,0,0,0,0,2,0,18,0,40,0,0,0,0,13,0,82,0,0,0,0,0,0,0,2,0,0,0,0,10,1,0,0,0,0,0,0,2,0,0,20,0,0,0,0,0,22,0,0,0,179,57,0,1138,0,0,0,0,22,0,874,4,0,0,179,0,45,28,0,0,0,0,0,1,0,0,1,0,0,78,0,0,1,0,0,70,"3A",3,6,"A","6A",29,"July",14,188,0,"TATGGAGCTAGT","CCGGACTACHVGGGTWTCTAAT","Run2",2,171.346,-45.811,5,48.69,9,34.458,0.87,12.4,2.2,"FRONT","FRONT","FRONT","FRONT"
"25","3A.12.14",0,0,2,0,0,0,0,502,0,0,2,0,0,0,8,0,0,0,2,0,0,0,0,0,0,0,0,0,0,0,0,0,0,0,0,0,0,0,518,0,0,428,0,0,0,2,0,0,0,0,11,2,0,0,0,0,0,0,0,0,0,0,0,0,0,0,0,0,0,0,0,0,0,2,0,0,0,0,0,0,0,0,0,6,0,0,0,2,0,0,0,0,120,113,1,0,0,16,11,0,23,0,0,0,0,0,0,0,0,0,14,0,0,0,1,0,0,0,0,0,0,0,0,211,182,22,0,0,0,0,0,0,0,6,0,0,0,0,0,0,0,0,0,0,0,0,1,0,0,0,0,0,5,0,0,0,0,0,0,0,1,0,0,0,0,2,102,0,354,8,0,0,0,0,0,67,0,0,0,0,0,0,0,3,0,0,1,0,0,6,1,0,0,0,0,0,1,3,0,1,0,1,0,0,0,92,1,0,0,552,475,1,1075,0,0,0,0,0,0,156,0,0,0,249,0,4,0,0,0,0,0,0,34,0,1,0,3,0,1,0,0,0,0,0,0,"3A",3,6,"A","6A",19,"December",14,353,0,"TGACAACCGAAT","CCGGACTACHVGGGTWTCTAAT","Run2",3,171.382,-45.81,5,51.49,11.1,34.343,0.8,8.5,0.3,"SAW","SAW","SAW","FRONT"
"26","3B.03.15",0,0,0,0,0,0,0,417,0,0,0,0,0,0,0,0,1,1,1,0,0,0,0,0,0,0,0,0,0,0,0,0,0,0,0,0,0,0,44,0,0,189,0,0,0,5,0,0,0,0,54,6,0,0,0,0,1,0,0,0,0,1,0,0,0,0,0,0,0,0,0,0,0,1,2,0,0,0,0,0,0,0,0,5,0,0,0,0,0,1,0,0,51,387,1,0,1,4,2,0,3,0,0,0,0,0,0,0,0,0,3,0,0,0,0,0,0,0,0,0,0,0,0,123,131,73,0,0,0,0,0,0,0,0,0,0,0,0,0,0,0,0,0,0,0,0,12,0,0,0,0,0,56,0,0,1,1,0,0,0,1,0,0,0,0,1,13,0,30,7,0,0,0,0,0,23,0,0,0,0,0,0,0,1,0,0,0,0,0,1,0,0,0,0,0,0,0,2,0,0,0,0,0,0,0,76,0,0,0,250,660,0,663,0,0,0,0,1,0,511,0,0,0,101,0,13,0,0,0,0,0,0,9,0,0,0,0,0,2,0,0,0,0,0,0,"3B",3,6,"B","6B",10,"March",15,434,0,"TCTGGAACGGTT","CCGGACTACHVGGGTWTCTAAT","Run2",4,171.335,-45.813,5,47.89,12.1,34.376,0.9,9.1,0.26,"SAW","SAW","SAW","FRONT"
"28","3B.06.14",0,0,0,0,0,0,0,393,0,0,1,0,0,0,1,0,0,0,0,0,0,0,1,4,0,1,0,0,0,0,0,0,0,0,0,0,0,0,156,0,2,115,0,0,1,7,0,2,1,0,35,0,0,0,0,0,2,0,0,0,0,0,0,0,0,1,0,0,1,0,0,0,0,0,0,0,0,0,0,0,0,0,0,20,0,0,0,1,1,4,0,0,91,322,0,0,0,4,2,0,1,0,0,0,0,0,0,0,11,0,3,0,0,1,0,1,0,0,0,0,0,0,14,82,32,105,0,0,0,0,0,0,0,0,0,0,0,0,0,0,1,0,0,0,0,0,3,0,1,1,1,0,158,0,0,0,0,0,0,0,0,0,0,0,0,1,66,1,69,3,0,0,0,0,0,36,1,0,0,0,0,0,0,1,0,0,0,0,0,2,0,0,0,0,0,0,0,0,0,0,0,0,0,0,0,41,0,0,0,313,200,0,1096,0,0,0,4,6,0,529,0,0,0,170,0,49,9,0,2,0,0,0,21,1,2,0,0,0,13,1,0,0,0,0,15,"3B",3,6,"B","6B",3,"June",14,154,0,"ATAGCTTCGTGG","CCGGACTACHVGGGTWTCTAAT","Run2",1,171.346,-45.807,5,48.66,9.9,34.287,0.87,12.2,1.3,"SAW","SAW","SAW","FRONT"
"29","3B.07.14",0,0,0,0,0,0,0,320,0,0,1,0,0,0,4,1,0,0,0,2,0,0,5,0,0,2,0,0,0,0,0,0,0,2,0,0,0,1,73,0,0,53,0,0,3,8,0,0,0,0,55,0,0,0,0,0,1,0,0,0,0,0,0,0,0,3,0,0,1,0,0,0,0,1,0,0,0,0,0,0,0,0,0,45,0,0,0,0,0,45,0,0,61,151,0,1,0,1,1,0,2,0,0,0,0,0,0,0,1,0,3,0,0,4,0,14,0,0,1,0,0,0,17,101,11,80,0,0,0,0,0,1,0,0,0,1,0,0,0,0,0,0,0,0,0,0,1,0,0,0,0,0,127,0,0,0,0,0,0,2,0,0,0,0,0,1,21,0,57,1,0,0,0,0,0,43,0,0,0,0,0,0,0,0,0,0,1,0,0,0,0,0,0,0,0,0,1,1,0,0,0,0,0,0,0,22,0,0,0,177,75,0,1196,0,0,0,2,12,0,859,0,0,0,251,0,28,13,1,7,0,0,0,23,2,0,0,1,0,27,2,0,0,0,0,76,"3B",3,6,"B","6B",29,"July",14,188,0,"ACTACCTCTTCA","CCGGACTACHVGGGTWTCTAAT","Run2",2,171.346,-45.811,5,48.69,9,34.458,0.87,12.4,2.2,"FRONT","FRONT","FRONT","FRONT"
"31","4A.03.15",0,0,0,0,0,0,0,330,0,0,2,0,0,0,1,0,1,0,0,0,0,0,2,0,0,1,0,0,0,0,0,0,0,0,0,0,0,0,57,0,0,254,0,0,1,8,0,0,0,0,48,8,0,0,0,0,1,0,0,0,0,0,0,0,0,0,0,0,0,0,0,0,0,0,0,0,1,0,0,0,0,0,0,5,0,0,0,0,1,0,0,0,46,558,0,0,0,3,4,0,4,0,0,0,0,0,0,0,1,0,3,0,0,1,0,0,1,0,0,0,0,0,1,130,146,67,0,0,0,0,0,0,0,0,0,0,0,1,0,0,0,0,0,0,0,0,8,0,0,0,0,0,46,0,0,0,0,0,0,0,1,1,0,0,0,0,26,0,37,4,0,0,0,0,0,19,0,0,0,0,0,0,0,0,0,0,0,0,0,1,0,0,0,0,0,0,0,0,0,0,0,1,0,0,0,54,0,2,0,300,433,0,625,0,0,0,0,0,0,716,1,0,0,103,0,10,0,0,0,0,0,0,7,0,0,0,1,0,4,0,0,0,0,0,0,"4A",4,5,"A","5A",10,"March",15,434,0,"GTACTACCTCGG","CCGGACTACHVGGGTWTCTAAT","Run2",4,171.237,-45.807,5,40.26,12.3,34.489,0.84,8.6,0.52,"FRONT","FRONT","SAW","FRONT"
"32","4A.04.15",0,0,0,0,0,0,0,492,0,0,1,0,0,0,0,0,0,0,0,0,0,0,7,0,0,0,0,0,0,0,0,0,0,0,0,0,0,5,113,0,0,326,0,0,0,16,0,0,0,0,66,2,1,0,0,0,0,0,0,0,0,0,0,0,0,0,0,0,0,0,0,2,0,0,1,0,0,0,0,0,0,0,0,16,0,0,0,0,0,0,0,0,61,667,0,0,0,1,6,0,23,0,0,0,0,0,0,0,11,0,4,0,0,6,0,7,0,0,0,0,0,0,2,140,74,136,0,0,0,0,0,0,0,0,0,0,0,0,0,0,0,0,0,0,0,0,0,0,0,0,3,0,56,0,0,0,0,0,0,0,0,0,0,4,0,0,61,1,52,0,0,0,0,0,0,34,0,0,0,0,0,0,0,1,0,0,0,0,0,4,0,0,0,0,0,0,1,0,0,0,0,0,0,0,0,166,0,3,0,490,299,1,874,0,0,0,0,4,0,720,0,0,0,62,0,90,0,0,0,0,0,0,23,0,0,1,0,0,2,1,0,0,0,0,4,"4A",4,5,"A","5A",21,"April",15,476,0,"TCACCCAAGGTA","CCGGACTACHVGGGTWTCTAAT","Run2",5,171.241,-45.807,5,40.55,11.6,34.397,0.74,6.3,1.14,"FRONT","FRONT","FRONT","FRONT"
"33","4A.06.14",0,0,0,0,0,0,0,451,0,0,0,0,0,0,0,0,0,0,0,0,0,0,12,4,0,0,0,0,2,0,5,0,0,0,0,0,0,0,61,0,1,71,0,0,0,8,0,0,0,0,51,0,0,0,0,0,0,0,0,0,0,0,0,0,1,0,0,0,4,0,0,0,0,0,0,0,0,0,0,0,0,0,0,36,0,0,0,0,0,0,0,0,84,220,0,1,6,1,0,0,0,0,0,0,0,0,0,0,8,0,0,0,0,2,0,8,0,0,0,0,0,0,16,76,34,102,0,0,0,0,6,0,0,0,0,0,0,0,0,0,0,0,0,0,0,0,0,4,0,0,0,0,125,0,0,0,0,0,0,2,0,0,0,0,0,1,20,0,65,0,0,0,0,0,0,53,0,0,0,0,0,0,0,0,0,0,0,0,0,1,0,0,0,0,0,0,2,0,0,0,0,4,0,0,0,32,0,0,0,180,117,0,1053,0,0,0,9,17,0,637,2,0,0,216,6,32,3,0,2,0,0,0,23,3,0,0,0,0,18,0,0,0,0,0,9,"4A",4,5,"A","5A",3,"June",14,154,0,"CGGGATCAAATT","CCGGACTACHVGGGTWTCTAAT","Run2",1,171.248,-45.801,5,41.04,9.9,34.385,0.82,11.7,1.3,"SAW","SAW","SAW","FRONT"
"34","4A.07.14",0,0,0,0,0,0,0,432,0,0,0,0,0,0,27,0,0,0,0,0,0,0,0,0,0,1,0,0,0,0,0,0,0,7,0,0,0,0,27,0,0,19,0,0,0,10,0,0,0,0,150,1,0,0,0,0,2,0,0,0,0,0,0,0,0,0,0,0,0,0,0,0,0,0,0,0,0,0,0,0,0,0,0,86,0,0,0,0,0,55,0,0,123,90,0,0,0,0,0,0,9,0,0,0,0,0,0,0,0,0,1,0,0,26,0,48,0,0,0,0,0,0,0,172,0,136,0,0,0,0,0,0,0,1,0,0,0,0,0,0,0,0,1,0,0,0,0,8,0,0,0,0,256,0,0,0,0,0,0,0,1,0,0,0,0,0,61,0,73,1,0,0,0,0,0,15,0,0,0,0,0,0,0,0,0,21,0,0,0,1,0,0,0,0,0,0,0,0,0,0,0,20,0,0,0,0,0,0,0,139,115,0,979,0,0,0,0,17,0,643,0,0,0,377,17,33,0,0,0,0,0,0,2,0,0,0,0,0,60,0,0,0,0,0,57,"4A",4,5,"A","5A",29,"July",14,188,0,"GATGATAACCCA","CCGGACTACHVGGGTWTCTAAT","Run2",2,171.264,-45.805,5,42.34,9.2,34.493,0.68,9.7,1.9,"FRONT","FRONT","FRONT","FRONT"
"35","4A.12.14",0,0,0,0,0,0,6,530,0,0,2,0,0,0,1,0,0,0,0,0,0,0,0,0,0,0,0,2,0,1,0,0,0,0,0,0,0,2,224,0,0,202,0,0,1,0,0,1,0,0,25,0,0,0,0,0,0,0,0,0,0,0,0,1,0,0,0,0,0,0,0,0,0,0,0,1,0,0,1,0,0,0,0,5,0,0,1,2,2,0,0,0,73,357,2,3,0,7,3,0,12,0,0,0,0,0,0,0,1,0,10,0,0,0,0,0,1,0,1,0,0,0,0,163,148,23,0,0,1,0,0,0,0,0,0,0,0,0,0,0,0,0,0,0,0,0,0,0,0,0,0,0,5,0,0,0,0,0,0,0,2,0,0,0,0,1,37,1,131,3,2,0,0,0,0,13,0,0,0,0,0,0,0,2,0,0,0,0,0,7,1,0,0,0,1,0,0,4,0,2,0,0,0,0,0,126,0,0,0,467,364,0,1123,0,0,0,0,0,0,68,0,0,0,329,0,9,0,0,0,1,0,0,47,0,0,0,3,0,0,0,0,0,0,0,0,"4A",4,5,"A","5A",19,"December",14,353,0,"CTCCTTAAGGCG","CCGGACTACHVGGGTWTCTAAT","Run2",3,171.287,-45.803,5,44.11,11.4,34.651,0.77,8,0.2,"SAW","FRONT","FRONT","FRONT"
"36","4B.03.15",0,0,2,0,0,0,0,388,1,0,3,0,0,1,1,0,0,0,0,0,0,0,1,0,0,0,0,1,0,0,0,0,0,0,0,0,0,0,68,0,0,265,0,0,0,10,0,0,0,0,50,2,0,0,0,0,0,0,0,0,0,0,0,0,0,0,0,0,0,0,0,0,0,3,1,0,0,0,0,0,0,0,1,2,0,0,0,2,0,0,0,0,68,638,0,0,0,2,5,0,8,0,0,0,0,0,0,0,2,0,2,0,0,0,0,0,0,0,0,0,0,0,0,158,157,77,0,0,0,0,0,0,0,0,0,0,1,1,0,0,0,0,0,0,0,0,10,0,0,0,0,0,55,0,0,0,0,0,0,1,0,1,0,0,0,0,31,1,36,6,0,0,0,0,0,17,0,0,0,0,0,0,0,2,0,0,0,0,0,4,0,0,0,0,0,0,0,2,0,0,0,1,0,0,0,70,1,0,0,326,422,0,753,0,0,0,0,0,0,494,1,0,0,94,0,15,0,0,0,0,0,0,12,0,0,0,1,0,1,0,0,0,0,0,0,"4B",4,5,"B","5B",10,"March",15,434,0,"TTCCTGTTAACC","CCGGACTACHVGGGTWTCTAAT","Run2",4,171.237,-45.807,5,40.26,12.3,34.489,0.84,8.6,0.52,"FRONT","FRONT","SAW","FRONT"
"37","4B.06.14",0,0,0,0,0,0,0,397,0,0,0,0,0,0,0,0,0,0,0,3,0,0,3,1,0,0,0,0,0,0,0,0,0,0,0,0,0,0,106,0,3,120,0,0,0,13,0,3,0,0,47,1,0,0,0,0,0,0,0,0,0,0,0,0,0,1,0,0,0,0,0,0,0,0,0,0,0,0,0,0,0,0,0,18,0,0,1,0,0,4,0,0,79,357,0,0,0,5,3,0,3,0,0,0,0,0,0,0,4,0,1,0,0,5,0,2,0,0,1,0,0,0,9,80,59,75,0,0,0,0,0,0,0,0,0,5,0,0,0,0,0,0,1,0,0,0,2,0,0,1,0,0,100,0,0,1,0,0,0,0,0,0,0,0,0,1,54,0,48,3,0,0,0,0,0,17,1,0,0,0,0,0,0,0,0,0,0,0,0,3,0,0,0,0,0,0,1,0,0,0,0,1,0,0,0,54,0,0,0,309,204,0,1046,0,0,0,1,4,0,409,0,0,0,160,0,51,6,1,0,0,0,0,25,0,0,0,0,0,29,1,0,0,0,0,18,"4B",4,5,"B","5B",3,"June",14,154,0,"AGTCATCGAATG","CCGGACTACHVGGGTWTCTAAT","Run2",1,171.248,-45.801,5,41.04,9.9,34.385,0.82,11.7,1.3,"SAW","SAW","SAW","FRONT"
"39","4B.12.14",0,0,0,3,0,0,4,527,0,0,0,0,0,0,3,0,0,0,1,0,0,0,0,3,0,0,0,2,0,1,0,0,0,0,0,0,0,1,219,0,0,210,0,0,0,1,0,0,0,0,14,0,0,0,0,0,0,0,0,0,0,0,0,0,0,0,0,0,0,0,0,0,0,0,0,2,0,0,1,0,0,0,0,12,0,0,0,2,4,0,1,0,80,332,0,2,0,5,2,0,17,0,0,0,0,0,0,0,0,0,8,0,0,0,0,0,2,0,2,0,0,0,0,229,254,28,0,0,1,0,0,0,0,0,0,1,0,0,0,0,0,0,0,0,0,0,0,0,0,0,0,0,1,2,0,0,0,0,0,0,1,0,0,0,0,1,26,0,130,3,1,0,0,0,0,21,0,0,0,0,0,0,0,1,0,0,0,0,0,3,0,0,0,0,0,0,0,1,0,2,0,2,0,0,0,84,0,1,0,409,667,0,1075,0,0,0,0,0,0,159,0,0,0,380,0,7,0,0,1,0,0,0,32,0,0,0,0,0,0,0,0,0,0,1,0,"4B",4,5,"B","5B",19,"December",14,353,0,"TTGCCTGGGTCA","CCGGACTACHVGGGTWTCTAAT","Run2",3,171.287,-45.803,5,44.11,11.4,34.651,0.77,8,0.2,"SAW","FRONT","FRONT","FRONT"
"40","5A.03.15",0,0,0,0,0,0,0,449,0,0,0,0,0,0,1,0,3,0,2,0,0,0,0,0,0,1,0,0,0,0,0,0,0,0,0,0,0,2,60,0,0,107,0,0,0,18,0,0,0,0,52,4,0,0,0,0,0,0,0,0,0,0,0,0,0,0,0,0,0,0,0,0,0,2,0,0,1,0,1,0,0,0,0,3,0,0,0,1,1,0,0,0,31,386,0,1,0,3,1,0,2,0,0,0,0,0,0,0,1,0,1,0,0,2,0,0,0,0,0,0,0,0,2,122,210,57,0,0,0,0,0,0,0,0,0,0,0,0,0,0,0,0,0,0,0,0,1,0,0,0,0,0,55,0,0,0,0,0,0,0,1,0,0,0,0,0,39,1,57,2,0,0,0,0,0,8,0,0,0,0,0,0,0,1,0,0,0,0,0,2,0,0,0,0,0,0,0,0,0,0,0,1,0,0,0,61,0,0,0,463,347,0,858,0,0,0,0,1,0,309,0,0,0,239,0,8,0,0,0,0,0,0,6,1,0,0,0,0,3,0,0,0,0,0,1,"5A",5,4,"A","4A",10,"March",15,434,0,"CTATCCAAGTGG","CCGGACTACHVGGGTWTCTAAT","Run2",4,171.141,-45.804,5,32.86,12.7,34.569,0.67,5.1,0.86,"FRONT","FRONT","FRONT","FRONT"
"41","5A.04.15",0,3,2,0,0,0,0,306,0,0,1,0,0,0,0,0,0,0,3,0,0,0,0,0,0,0,0,0,0,0,1,0,0,0,0,3,0,1,59,3,0,30,0,0,0,56,0,1,0,0,126,0,0,0,0,0,0,0,0,0,0,0,0,0,0,0,0,7,0,0,0,0,0,1,0,0,18,0,0,0,0,0,1,2,0,0,0,6,7,0,0,0,46,244,0,1,1,3,2,0,3,0,0,0,0,0,3,0,1,0,3,0,0,3,0,2,6,0,0,0,0,0,4,182,375,68,0,0,0,0,0,0,1,0,0,0,0,0,0,0,0,0,0,0,0,0,0,2,0,1,0,2,63,0,9,0,0,0,0,0,1,14,0,0,0,0,58,0,115,0,1,0,0,0,0,2,0,0,4,0,0,0,0,1,8,3,0,0,0,1,0,0,0,0,0,0,0,0,0,0,0,2,0,0,0,54,0,0,0,404,160,0,755,0,0,0,0,15,0,360,1,0,0,157,0,25,0,0,0,1,0,0,5,1,3,2,0,0,41,0,0,0,0,9,16,"5A",5,4,"A","4A",21,"April",15,476,0,"AGCCAGTCATAC","CCGGACTACHVGGGTWTCTAAT","Run2",5,171.128,-45.801,5,31.82,12.1,34.695,0.61,4.45,1.3,"STW","STW","STW","FRONT"
"42","5A.06.14",0,0,0,0,0,0,0,379,0,0,0,0,0,0,1,0,0,0,0,0,0,0,4,3,0,0,0,0,0,0,0,0,0,1,0,0,0,0,70,0,2,79,1,0,0,12,0,0,1,0,43,2,0,0,0,0,1,0,0,0,0,0,0,0,1,0,0,0,0,0,0,0,0,0,0,0,0,0,0,0,0,0,0,30,0,0,0,0,1,8,0,0,55,179,0,0,0,2,1,0,1,0,0,0,0,0,0,0,5,0,0,0,0,5,0,3,0,0,0,0,0,2,17,75,27,102,0,0,0,0,1,0,0,0,0,0,0,0,0,0,0,0,0,0,0,0,3,1,0,2,1,0,101,0,0,0,0,0,0,0,0,1,0,0,0,1,29,0,51,0,0,0,0,0,0,47,0,0,0,0,0,0,0,1,0,0,0,0,0,1,0,0,0,0,0,0,0,0,0,0,0,2,0,2,0,32,0,0,0,229,153,0,1050,0,0,0,1,9,0,634,2,0,0,206,0,29,4,1,3,0,0,0,15,0,0,1,0,0,18,1,0,0,0,0,30,"5A",5,4,"A","4A",3,"June",14,154,0,"ATCTTGGAGTCG","CCGGACTACHVGGGTWTCTAAT","Run2",1,171.15,-45.794,5,33.44,9.8,34.354,0.79,11.3,1.3,"SAW","SAW","SAW","FRONT"
"43","5A.07.14",0,0,0,0,0,0,0,276,0,0,1,0,0,0,0,6,0,0,0,0,0,0,0,0,0,65,0,0,0,0,0,0,0,0,0,0,0,6,14,0,4,71,0,0,0,0,0,0,0,0,105,0,0,0,0,0,0,0,0,0,0,1,0,0,0,0,0,0,0,0,1,0,0,0,0,0,0,0,0,0,0,0,0,0,0,0,0,1,1,25,0,0,75,79,0,0,0,0,1,0,0,0,1,0,0,0,0,0,0,0,1,0,0,0,0,28,0,0,0,0,0,0,9,47,10,20,0,0,0,0,0,0,0,0,0,18,0,0,0,0,0,0,0,0,0,0,0,0,0,0,0,0,117,0,0,0,0,0,0,0,0,0,0,0,0,0,0,0,81,0,0,0,0,0,0,16,0,0,0,0,0,1,0,11,0,0,0,0,0,0,0,0,0,0,0,0,0,0,0,0,0,0,0,0,0,32,0,0,0,191,44,0,1338,0,0,0,0,67,0,607,0,0,0,245,1,5,0,0,0,0,0,0,36,0,0,0,0,0,61,0,0,1,0,0,151,"5A",5,4,"A","4A",29,"July",14,188,0,"TTGTATGACAGG","CCGGACTACHVGGGTWTCTAAT","Run2",2,171.148,-45.8,5,33.31,10,34.665,0.79,10.7,2.3,"STW","STW","FRONT","FRONT"
"44","5A.12.14",0,0,0,0,0,0,3,323,0,0,0,0,0,0,2,0,0,0,0,0,0,1,5,1,0,1,1,0,0,0,0,0,0,0,0,4,0,0,162,0,0,123,0,0,17,5,0,0,0,0,11,0,0,0,0,0,0,0,0,0,0,0,0,0,0,0,0,0,0,1,0,0,0,0,0,0,0,0,0,0,0,0,0,9,0,0,0,1,11,0,0,0,85,302,0,6,0,4,1,0,20,0,0,0,0,0,0,0,0,0,9,0,0,0,0,0,0,0,4,0,0,0,0,300,174,23,0,0,0,0,0,0,0,0,0,0,3,0,0,0,0,0,0,0,0,0,0,0,0,0,0,0,2,0,0,0,0,0,0,1,0,0,0,0,0,0,24,0,502,1,1,0,0,0,0,84,0,0,0,0,0,0,0,0,1,0,0,0,0,10,5,0,0,0,0,0,2,0,0,2,0,0,0,0,0,127,0,0,0,373,531,0,1211,0,0,0,0,0,0,404,0,0,0,466,0,13,0,0,0,0,0,0,42,0,0,0,0,4,0,0,0,0,0,0,7,"5A",5,4,"A","4A",19,"December",14,353,0,"CAATTCTGCTTC","CCGGACTACHVGGGTWTCTAAT","Run2",3,171.195,-45.798,5,36.98,10.8,34.505,0.44,2.2,0.1,"SAW","FRONT","FRONT","FRONT"
"45","5B.03.15",0,0,0,0,1,0,0,260,0,0,1,0,0,0,0,0,1,0,3,0,0,0,0,0,0,0,0,0,1,0,0,0,0,0,0,0,0,0,43,0,0,65,0,0,0,17,0,0,0,0,54,4,1,0,0,0,0,0,0,0,0,0,0,0,0,0,0,0,0,0,0,0,0,1,1,0,2,0,0,0,0,0,0,3,0,0,0,2,1,0,0,0,38,516,0,0,0,5,3,0,8,0,0,0,0,0,0,0,0,0,1,0,0,7,0,3,0,0,0,0,1,0,0,147,295,58,0,0,0,0,0,0,0,0,0,0,1,0,0,0,0,0,0,0,0,0,1,0,0,0,0,0,45,0,0,1,0,0,0,0,0,0,0,0,0,0,25,0,38,3,0,0,1,0,0,6,0,1,0,0,0,0,0,1,0,0,0,0,0,0,0,0,0,0,0,0,0,1,0,0,0,0,0,0,0,69,0,1,0,375,406,0,660,0,0,0,0,2,0,372,1,0,0,206,0,6,0,0,0,0,0,0,8,0,0,0,1,0,5,0,0,0,0,0,5,"5B",5,4,"B","4B",10,"March",15,434,0,"CAGTCTAGTACG","CCGGACTACHVGGGTWTCTAAT","Run2",4,171.141,-45.804,5,32.86,12.7,34.569,0.67,5.1,0.86,"FRONT","FRONT","FRONT","FRONT"
"46","5B.04.15",0,3,0,0,0,0,0,208,0,0,0,0,0,0,1,0,0,0,1,0,0,0,0,2,0,0,1,0,0,0,1,0,0,1,0,0,1,0,50,0,1,47,0,0,0,55,0,0,0,0,121,2,0,0,0,0,0,0,0,0,0,0,0,1,0,0,0,1,0,0,0,0,0,2,0,0,26,0,0,0,0,0,0,1,0,0,0,3,8,3,0,0,58,243,0,1,2,0,0,0,2,0,0,0,0,0,0,0,0,0,1,0,0,2,0,2,0,0,0,0,0,1,6,238,410,57,0,0,0,0,0,0,0,0,0,0,2,0,0,0,0,0,0,0,0,0,0,0,0,5,0,0,50,0,0,0,0,0,0,1,0,4,0,0,0,0,56,0,100,2,0,1,0,0,0,7,0,0,0,0,0,0,0,1,4,0,0,0,0,3,0,0,0,0,0,0,0,0,0,0,0,2,0,0,0,72,0,0,0,377,140,1,798,0,1,0,0,6,0,400,2,0,0,180,0,30,1,0,1,0,1,0,10,0,0,0,0,0,38,0,0,0,0,4,16,"5B",5,4,"B","4B",21,"April",15,476,0,"TAACGGCGCTCT","CCGGACTACHVGGGTWTCTAAT","Run2",5,171.128,-45.801,5,31.82,12.1,34.695,0.61,4.45,1.3,"STW","STW","STW","FRONT"
"47","5B.06.14",0,0,0,0,9,1,0,382,0,0,0,0,0,0,0,0,0,0,0,0,0,0,0,6,0,11,0,0,0,0,0,0,0,2,0,0,0,0,128,0,2,142,1,0,0,8,0,0,0,0,30,1,0,0,0,0,1,0,0,0,0,0,1,0,0,0,0,0,0,0,0,0,0,0,0,0,0,0,0,0,0,0,0,7,0,0,0,0,0,12,0,0,91,343,0,0,0,1,2,0,5,0,0,0,0,0,0,0,11,0,1,0,0,8,0,8,0,0,0,0,0,4,2,73,57,58,0,0,0,2,0,0,0,0,0,47,0,0,0,0,0,0,0,0,0,0,0,0,0,0,0,0,79,0,0,0,0,0,0,0,0,0,0,0,0,0,45,0,74,2,0,0,0,0,0,29,0,0,2,0,0,0,0,0,0,0,0,0,0,2,0,0,0,0,0,0,0,0,0,0,0,0,0,0,0,49,0,0,0,343,174,0,1166,0,1,0,6,5,0,335,0,0,0,170,0,35,4,0,0,0,0,0,28,0,0,0,0,0,38,3,0,0,0,0,14,"5B",5,4,"B","4B",3,"June",14,154,0,"AGCACCGGTCTT","CCGGACTACHVGGGTWTCTAAT","Run2",1,171.15,-45.794,5,33.44,9.8,34.354,0.79,11.3,1.3,"SAW","SAW","SAW","FRONT"
"48","5B.07.14",0,0,0,0,0,0,0,366,0,0,0,0,0,0,1,1,0,0,0,0,0,0,2,0,0,0,0,0,0,0,2,0,0,9,0,2,0,0,25,2,3,16,0,0,1,7,0,2,0,0,67,1,0,0,0,0,1,0,0,1,0,0,0,0,0,0,0,0,0,0,0,0,0,0,0,0,0,0,0,0,0,0,0,26,0,0,0,0,0,28,0,0,46,89,0,0,1,1,2,0,3,0,0,0,0,0,0,0,1,0,1,0,0,4,0,21,0,0,0,0,0,0,11,79,5,105,0,0,0,0,0,0,0,0,0,0,0,0,0,0,0,0,2,0,0,0,0,0,2,1,0,0,110,0,0,0,0,0,0,0,0,0,0,0,0,0,14,0,38,0,0,0,0,0,0,19,0,0,0,0,0,0,0,0,0,0,0,1,0,0,0,0,0,0,0,0,0,1,0,0,0,1,0,1,0,9,0,0,0,151,89,1,1213,0,0,0,2,47,0,591,5,1,0,279,16,27,10,0,1,0,0,0,18,0,0,1,0,0,43,0,0,0,0,0,106,"5B",5,4,"B","4B",29,"July",14,188,0,"GGTAAGTTTGAC","CCGGACTACHVGGGTWTCTAAT","Run2",2,171.148,-45.8,5,33.31,10,34.665,0.79,10.7,2.3,"STW","STW","FRONT","FRONT"
"49","5B.12.14",0,0,1,0,1,0,12,414,0,0,2,0,0,0,3,0,0,0,0,0,0,1,1,2,0,0,0,0,0,0,0,0,0,0,0,1,0,3,206,0,0,184,0,0,7,5,1,0,1,0,17,3,0,0,0,0,0,0,0,0,0,0,0,2,0,0,0,0,0,1,0,0,0,0,0,0,2,0,0,0,0,0,0,8,0,0,0,3,6,1,0,0,49,246,0,9,0,6,4,0,13,0,0,0,0,0,0,0,1,0,15,0,0,1,1,0,0,0,10,0,1,0,0,206,136,25,0,0,1,0,0,0,0,0,0,0,1,0,0,0,0,0,0,0,0,0,0,0,0,0,0,0,3,0,0,0,0,0,0,1,0,0,0,0,0,1,25,0,622,6,0,0,0,0,0,140,0,0,0,1,0,0,0,4,0,0,0,0,0,9,0,0,0,0,1,0,1,4,0,4,0,2,0,0,0,79,0,0,0,438,394,0,940,0,0,0,0,0,0,212,1,0,0,288,0,8,0,0,0,1,0,0,20,0,0,0,0,0,3,0,0,0,1,0,0,"5B",5,4,"B","4B",19,"December",14,353,0,"ACTGGCAAACCT","CCGGACTACHVGGGTWTCTAAT","Run2",3,171.195,-45.798,5,36.98,10.8,34.505,0.44,2.2,0.1,"SAW","FRONT","FRONT","FRONT"
"50","6A.03.15",0,0,0,0,1,0,0,465,0,0,1,0,0,0,2,0,0,1,4,0,0,0,0,0,0,0,0,0,0,0,0,0,0,1,0,0,0,0,102,0,0,117,0,0,1,14,1,0,0,0,56,4,0,0,0,0,0,0,0,0,0,0,0,1,0,0,0,0,0,0,0,0,0,3,1,0,1,0,0,0,0,0,0,3,0,0,0,0,2,0,0,0,41,470,0,1,0,5,1,0,4,0,0,0,0,0,0,0,0,0,1,0,0,7,0,2,0,0,0,0,0,0,1,96,355,52,0,0,0,0,0,0,0,0,0,2,0,2,0,0,0,0,0,0,0,0,0,0,0,1,0,0,34,0,0,0,0,0,0,3,1,0,0,0,0,0,56,1,73,2,2,0,0,0,0,4,0,1,0,0,0,0,0,5,0,0,0,0,0,5,0,0,0,0,0,0,0,2,2,0,0,2,0,0,0,51,0,3,0,764,378,0,747,0,0,0,0,0,0,147,0,0,0,255,0,9,0,0,0,0,0,0,6,0,0,0,2,0,7,1,0,0,0,0,4,"6A",6,3,"A","3A",10,"March",15,434,0,"GTGTCCGGATTC","CCGGACTACHVGGGTWTCTAAT","Run2",4,171.027,-45.796,5,23.94,13.8,34.761,0.47,2.7,0.5,"STW","STW","STW","FRONT"
"51","6A.04.15",0,0,0,0,0,0,0,362,0,0,1,0,0,0,0,0,0,0,0,0,2,0,0,0,0,0,0,0,0,6,0,0,0,2,0,0,0,0,105,0,0,60,0,0,0,13,0,0,0,0,89,1,0,0,0,0,0,0,0,0,0,0,0,12,2,0,0,0,0,0,0,0,0,5,0,0,9,0,0,0,0,0,0,10,0,0,0,5,0,0,0,0,51,268,0,0,0,0,1,1,0,0,0,0,0,0,0,0,0,0,0,0,0,35,0,6,0,0,0,0,0,0,0,229,281,168,0,0,0,0,0,0,0,0,0,0,0,0,0,0,0,0,0,0,0,1,0,0,0,17,0,0,83,0,0,0,0,0,0,8,0,0,0,0,0,0,43,0,129,0,2,1,0,0,0,21,0,0,0,0,0,0,0,0,0,0,0,0,0,0,0,0,0,0,0,0,0,0,0,0,0,4,0,0,0,115,1,0,0,444,141,0,1081,0,0,0,0,9,0,910,4,0,0,162,0,60,0,0,0,0,0,0,6,0,0,0,0,0,102,0,0,0,0,4,49,"6A",6,3,"A","3A",21,"April",15,476,0,"GTTTGCTCGAGA","CCGGACTACHVGGGTWTCTAAT","Run2",5,171.036,-45.796,5,24.65,12.4,34.695,0.67,4.7,1.35,"STW","STW","STW","FRONT"
"52","6A.06.14",0,0,0,0,0,0,0,358,0,0,1,0,0,0,2,0,0,0,0,0,0,2,4,3,1,0,0,0,0,0,0,0,0,0,0,0,0,1,74,1,1,69,0,0,1,12,0,3,0,0,53,0,0,0,0,0,2,0,0,0,0,0,0,0,0,1,0,0,1,0,0,0,0,0,0,0,1,0,1,0,0,0,0,33,0,0,0,0,0,4,0,0,65,214,0,1,0,2,0,0,1,0,0,0,0,0,0,0,4,0,1,0,0,2,0,7,0,0,0,0,0,0,9,81,49,64,0,0,0,0,0,0,0,0,0,0,0,0,0,0,0,0,1,0,0,0,0,0,0,1,0,0,128,0,0,0,0,0,0,0,0,0,0,0,0,0,33,0,57,1,0,0,0,0,0,27,1,0,0,0,0,0,0,1,0,0,0,0,0,2,0,0,0,0,0,0,0,0,0,0,0,2,0,0,0,32,0,0,0,218,186,0,1057,0,0,0,4,10,0,547,4,0,0,213,1,45,2,2,2,0,0,0,13,2,2,0,0,0,24,2,0,0,0,0,30,"6A",6,3,"A","3A",3,"June",14,154,0,"GCAAATCAGCCT","CCGGACTACHVGGGTWTCTAAT","Run2",1,171.046,-45.788,5,25.32,12.2,34.769,0.54,5.4,1.6,"STW","STW","STW","FRONT"
"53","6A.07.14",0,0,0,0,1,0,0,275,0,0,0,0,0,0,2,0,0,0,0,0,0,0,1,0,0,0,0,0,0,0,0,0,0,6,0,0,0,2,58,2,1,26,0,0,14,16,0,6,0,0,48,0,0,0,0,0,0,1,0,0,0,0,0,1,0,1,0,0,0,0,2,0,0,0,0,0,0,0,0,0,0,0,0,21,0,0,0,0,0,16,0,0,68,91,0,0,0,0,0,0,3,1,0,0,0,0,0,0,2,0,4,0,0,2,0,21,0,0,0,0,0,1,2,86,37,66,0,0,0,1,0,0,0,0,0,0,0,0,1,0,0,0,0,0,0,0,0,0,0,4,0,0,112,0,0,0,0,0,0,0,0,0,0,0,0,0,19,0,57,0,0,0,0,0,0,16,0,0,0,0,0,0,0,0,0,1,2,0,0,2,0,0,0,4,0,0,0,0,0,0,0,3,0,2,0,22,0,0,0,180,51,0,1062,0,0,0,1,33,0,545,3,2,0,237,6,20,2,0,1,0,1,0,11,0,1,1,0,0,73,1,0,0,0,0,111,"6A",6,3,"A","3A",29,"July",14,188,0,"CTACCACGGTAC","CCGGACTACHVGGGTWTCTAAT","Run2",2,171.042,-45.797,5,25.15,10.2,34.498,0.58,5.8,2.5,"STW","STW","STW","FRONT"
"55","6B.03.15",0,0,0,0,0,0,0,272,0,0,1,0,0,0,0,0,0,1,3,0,0,1,0,0,0,0,0,0,0,0,0,0,0,1,0,0,0,2,42,0,0,60,0,0,0,21,0,0,0,0,61,7,0,0,0,0,0,0,0,0,0,0,0,0,0,0,0,0,0,0,0,0,0,2,0,0,3,0,0,0,0,0,0,2,0,0,0,1,6,0,0,0,38,426,0,0,0,1,1,0,6,0,0,0,0,0,0,0,0,0,2,0,0,7,0,1,0,0,0,0,0,0,0,158,237,75,0,0,0,0,0,0,0,0,0,0,0,1,0,0,0,0,0,0,0,0,0,0,0,1,0,0,34,0,0,0,0,0,0,0,0,1,0,0,0,0,39,0,36,1,0,0,0,0,0,9,0,0,0,0,0,0,0,1,0,0,0,0,0,1,0,0,0,0,0,0,0,0,0,0,0,1,0,0,0,61,0,0,0,321,318,0,926,0,0,0,0,2,0,451,0,0,0,258,0,13,0,0,0,0,0,0,5,0,0,0,1,0,4,0,0,0,0,0,8,"6B",6,3,"B","3B",10,"March",15,434,0,"TGTGGTGATGTA","CCGGACTACHVGGGTWTCTAAT","Run2",4,171.027,-45.796,5,23.94,13.8,34.761,0.47,2.7,0.5,"STW","STW","STW","FRONT"
"58","6B.07.14",0,0,0,0,1,0,0,281,0,0,0,0,0,0,3,0,0,0,0,0,0,0,3,0,0,1,0,0,0,0,0,0,0,4,0,0,0,0,54,3,2,15,0,0,8,9,0,2,0,0,50,0,0,0,0,0,0,0,0,1,0,0,0,2,1,0,0,0,0,2,1,0,0,0,0,0,0,0,0,0,0,0,0,31,0,1,0,0,0,26,0,0,42,89,1,0,5,0,0,0,0,1,0,0,0,1,0,0,2,2,1,0,0,6,0,20,0,0,0,2,0,0,7,104,23,90,0,1,0,2,0,0,0,0,0,0,0,1,1,0,0,0,0,0,0,0,0,0,1,2,0,0,148,0,1,0,0,0,0,2,0,1,0,0,0,1,14,0,62,0,0,1,0,0,0,17,0,0,0,0,0,0,0,0,0,0,3,0,0,0,0,0,0,0,0,0,0,0,0,0,0,4,0,2,1,14,0,0,0,154,49,0,1142,0,0,0,0,42,0,648,5,0,2,341,11,26,4,0,0,0,0,0,9,0,0,0,0,0,51,1,0,1,0,0,96,"6B",6,3,"B","3B",29,"July",14,188,0,"CGGTCTGTCTGA","CCGGACTACHVGGGTWTCTAAT","Run2",2,171.042,-45.797,5,25.15,10.2,34.498,0.58,5.8,2.5,"STW","STW","STW","FRONT"
"59","6B.12.14",0,0,0,0,1,0,2,39,0,1,0,0,0,0,3,0,0,0,0,0,0,0,0,37,0,1,0,0,0,0,0,0,0,0,0,0,0,0,214,0,0,2,0,0,10,0,0,0,0,0,2,0,0,0,0,0,2,0,49,0,0,0,0,0,0,0,0,0,0,0,0,0,0,0,1,0,21,0,0,0,0,0,0,40,0,0,0,3,40,0,0,0,17,19,1,10,0,1,0,0,1,0,0,0,0,0,0,0,0,0,21,0,0,0,0,0,0,0,21,0,1,0,0,46,20,4,3,0,0,0,0,0,0,0,0,0,0,1,0,0,0,0,0,0,0,0,0,0,0,0,1,0,3,0,0,0,0,0,0,0,0,0,0,0,0,0,4,0,4396,0,0,0,0,0,0,332,0,0,0,1,0,0,0,1,0,0,0,0,0,6,1,0,0,0,0,0,1,0,0,0,0,0,0,0,0,5,1,0,0,124,18,0,135,0,0,0,1,2,0,46,1,0,0,79,0,3,0,0,0,0,0,0,3,0,0,0,0,0,0,0,1,0,0,0,0,"6B",6,3,"B","3B",19,"December",14,353,0,"CAATGTAGACAC","CCGGACTACHVGGGTWTCTAAT","Run2",3,171.094,-45.795,5,29.15,11.8,34.724,0.23,0.4,0,"FRONT","FRONT","STW","FRONT"
"60","7A.03.15",0,1,0,0,0,0,0,422,0,0,1,0,0,0,0,0,0,0,1,0,0,1,0,0,0,0,0,0,0,0,0,0,0,0,0,0,0,0,116,0,0,9,0,0,0,4,0,0,0,0,72,5,0,0,0,0,0,0,0,0,0,0,0,0,0,0,0,0,0,0,0,0,0,1,0,0,40,0,0,0,0,0,0,5,0,0,3,2,20,0,0,0,41,55,0,3,0,4,0,0,2,0,0,0,0,1,0,0,0,0,3,0,0,0,1,0,0,0,0,0,0,1,1,86,518,34,0,0,0,0,0,0,0,0,0,0,0,0,0,0,0,0,0,0,0,0,2,0,0,0,0,0,28,0,0,0,0,0,0,8,0,0,0,0,0,1,33,0,162,0,0,0,0,0,0,5,0,0,0,0,0,0,0,1,0,0,0,0,0,9,0,0,0,0,0,0,0,2,0,0,0,5,0,0,0,10,1,1,0,770,121,1,878,0,0,0,0,1,0,209,0,0,0,209,0,8,0,0,0,0,2,0,6,0,0,0,0,0,0,0,1,0,0,0,2,"7A",7,2,"A","2A",10,"March",15,434,0,"CTTTCGTTCAAC","CCGGACTACHVGGGTWTCTAAT","Run2",4,170.927,-45.782,5,16.1,15,34.436,0.36,0.1,1.32,"NW","NW","NW","STW"
"61","7A.04.15",0,0,1,0,1,0,0,157,0,0,0,0,0,0,1,0,0,3,0,0,0,1,0,0,0,0,0,2,0,0,0,0,0,1,2,0,1,0,118,0,0,15,0,0,0,44,0,2,0,0,105,1,0,0,0,1,0,0,0,0,0,0,0,0,0,0,0,1,0,0,0,0,0,9,0,0,38,0,0,0,0,0,0,14,0,0,0,1,26,0,0,0,15,124,0,0,1,0,0,2,3,0,0,0,0,0,0,0,0,0,5,0,0,1,0,0,1,0,2,0,0,1,6,182,625,46,0,0,0,0,0,0,4,0,0,0,0,0,0,0,0,0,0,0,0,0,3,0,0,1,2,0,103,0,0,0,0,0,0,4,0,0,0,0,0,0,65,0,180,0,2,3,0,0,0,2,0,0,0,0,0,0,0,0,2,0,0,0,0,9,0,0,0,0,0,0,0,0,0,1,1,6,0,0,0,35,0,0,0,482,42,0,615,0,0,0,0,11,0,419,7,0,0,109,1,36,1,0,0,0,0,0,0,0,4,0,0,0,29,0,0,0,0,2,12,"7A",7,2,"A","2A",21,"April",15,476,0,"GAACAAAGAGCG","CCGGACTACHVGGGTWTCTAAT","Run2",5,170.93,-45.786,5,16.41,12.8,34.613,0.58,4,1.64,"STW","STW","STW","STW"
"62","7A.06.14",0,0,1,0,0,0,0,309,0,0,0,0,0,0,0,0,0,0,0,0,0,1,0,0,0,0,0,0,0,0,0,0,0,7,0,0,0,1,60,0,2,19,0,0,1,6,0,2,0,0,96,2,0,0,0,0,0,0,0,0,0,0,0,0,0,0,0,0,0,0,0,0,0,1,1,0,3,0,0,0,0,0,0,18,0,0,0,0,3,1,0,0,70,58,0,0,0,2,1,2,2,0,0,0,0,0,0,0,4,0,1,0,1,2,0,10,0,0,1,0,0,0,0,102,93,111,0,0,0,0,0,0,0,0,0,0,0,0,0,0,1,0,0,0,0,0,0,0,0,9,0,0,150,0,0,0,0,0,0,0,0,0,0,0,0,1,28,0,44,2,0,0,0,0,0,19,0,0,0,0,0,0,0,1,0,0,0,0,0,1,0,1,0,0,0,0,1,0,0,1,1,7,0,0,0,13,0,0,0,350,73,0,1047,0,0,0,0,17,0,336,4,0,1,290,13,23,0,0,0,0,0,0,12,0,2,0,0,0,62,2,0,0,0,1,91,"7A",7,2,"A","2A",3,"June",14,154,0,"AGCGGCCTATTA","CCGGACTACHVGGGTWTCTAAT","Run2",1,170.953,-45.782,5,18.11,12.1,34.768,0.48,5.4,1.5,"STW","STW","STW","STW"
"63","7A.07.14",3,0,0,0,0,0,0,224,0,0,0,0,0,0,1,0,0,0,0,0,0,2,0,0,0,0,0,0,1,0,0,0,0,1,0,0,0,1,244,3,0,10,0,0,4,19,0,2,0,0,28,0,0,0,0,0,0,0,0,0,0,0,0,0,0,1,0,0,0,2,0,0,0,7,2,0,4,0,0,0,0,0,0,23,0,0,2,0,3,1,0,0,49,74,0,4,0,2,0,1,1,0,0,0,0,3,0,0,1,0,6,0,0,0,0,6,0,0,2,0,0,0,0,125,69,44,0,0,0,3,0,0,0,1,0,0,0,0,0,0,0,0,0,2,0,0,0,0,0,5,1,0,58,0,0,0,0,0,0,2,0,1,0,0,0,0,6,0,185,0,0,0,0,0,0,16,0,0,0,0,0,0,0,4,0,0,0,0,0,21,0,0,0,0,0,0,0,0,0,0,0,5,0,0,0,16,0,0,0,275,41,0,1000,0,0,0,2,12,0,500,12,0,0,236,15,33,0,2,0,0,0,0,9,1,0,0,0,1,29,3,0,0,1,1,73,"7A",7,2,"A","2A",29,"July",14,188,0,"GTACATGTCGCC","CCGGACTACHVGGGTWTCTAAT","Run2",2,170.942,-45.786,5,17.31,10.4,34.517,0.49,4.7,2,"STW","STW","STW","STW"
"64","7A.12.14",0,1,0,0,0,0,0,20,0,0,1,0,0,0,2,0,0,0,0,0,1,1,0,19,0,0,0,0,0,0,0,0,0,0,0,0,0,0,297,0,0,1,0,1,19,3,0,1,0,0,2,0,0,0,0,0,0,0,51,0,0,0,0,0,1,0,0,0,0,1,0,0,0,1,0,0,16,0,0,0,0,0,0,39,0,0,3,3,109,0,0,0,26,19,0,22,0,4,0,0,1,0,0,0,0,0,0,0,0,0,25,0,0,0,0,0,0,0,5,0,5,0,0,56,78,3,1,0,0,0,0,0,0,0,0,0,1,0,0,0,0,0,0,0,0,0,0,0,0,0,0,0,6,0,0,0,1,0,0,0,0,0,0,0,0,0,2,0,2846,1,0,0,0,0,0,1138,0,0,0,1,0,0,0,0,0,0,0,0,0,5,0,0,0,0,1,0,1,2,0,0,0,1,0,0,0,8,0,0,0,392,8,0,219,0,0,0,2,0,0,45,0,0,0,79,0,3,0,0,0,0,0,0,0,0,0,0,0,0,1,0,0,0,0,0,0,"7A",7,2,"A","2A",19,"December",14,353,0,"TGGCGATACGTT","CCGGACTACHVGGGTWTCTAAT","Run2",3,170.999,-45.791,5,21.74,13.1,34.647,0.2,0,0,"STW","FRONT","STW","STW"
"65","7B.03.15",0,0,0,0,0,0,0,317,0,0,0,0,0,0,0,0,1,0,1,0,0,2,0,0,0,2,0,0,0,0,0,0,0,0,0,0,0,0,93,0,0,5,0,0,0,7,0,0,0,0,92,4,0,0,0,0,0,0,0,0,0,0,0,0,0,0,0,0,0,0,2,0,0,1,0,0,23,0,0,0,0,0,0,3,0,0,1,0,30,0,0,0,42,51,2,3,0,1,0,0,1,0,0,0,0,1,0,0,0,0,4,0,0,0,0,0,0,0,1,0,0,0,3,68,631,43,0,0,0,0,0,0,0,0,0,0,1,0,0,0,0,0,0,0,0,0,0,0,0,0,1,0,22,0,1,0,0,0,0,8,0,0,0,0,0,0,37,0,93,0,0,0,0,0,0,4,0,0,0,0,0,0,0,1,0,0,0,0,0,4,0,0,0,0,0,0,0,0,0,0,0,1,0,0,0,13,1,1,0,510,105,0,662,0,0,0,0,0,0,245,2,0,0,208,0,8,0,0,0,0,1,0,7,0,0,0,0,0,1,0,0,0,0,0,2,"7B",7,2,"B","2B",10,"March",15,434,0,"CCGAAGATTCTG","CCGGACTACHVGGGTWTCTAAT","Run2",4,170.927,-45.782,5,16.1,15,34.436,0.36,0.1,1.32,"NW","NW","NW","STW"
"66","7B.06.14",0,0,1,0,0,0,0,321,0,0,0,0,0,0,0,1,0,0,0,0,0,0,0,0,3,7,0,0,0,0,0,0,0,4,0,0,0,0,48,0,0,11,0,0,2,17,0,2,1,0,82,1,0,0,0,0,0,2,0,1,0,0,0,1,0,1,0,0,0,0,0,0,0,4,0,2,2,0,0,0,0,0,0,18,0,0,0,0,6,3,0,0,58,70,0,0,0,2,0,0,1,0,0,1,0,0,0,0,5,0,1,0,0,6,0,29,0,0,0,0,2,0,2,121,80,139,0,0,0,0,0,0,0,0,0,7,0,0,0,0,2,0,0,0,0,1,3,0,0,2,2,0,194,0,0,0,0,0,0,0,0,0,0,0,0,1,25,0,48,0,0,0,0,0,0,10,0,0,1,0,0,1,0,0,0,0,0,0,0,1,0,0,0,0,0,0,0,0,0,1,0,8,2,1,2,16,0,0,0,351,89,0,984,1,0,0,2,11,0,416,2,0,0,290,12,34,1,0,1,0,0,0,11,0,2,1,0,0,70,3,0,1,0,0,152,"7B",7,2,"B","2B",3,"June",14,154,0,"TCTTCAACTACC","CCGGACTACHVGGGTWTCTAAT","Run2",1,170.953,-45.782,5,18.11,12.1,34.768,0.48,5.4,1.5,"STW","STW","STW","STW"
"68","7B.1.04.15",0,0,0,0,0,1,0,268,0,0,0,0,0,0,0,0,0,0,0,0,0,0,3,0,0,0,0,0,0,0,0,0,0,0,0,0,0,0,111,0,0,220,0,0,0,19,0,0,0,0,65,5,0,0,0,0,0,0,0,0,0,0,0,0,0,0,0,0,0,0,0,0,2,1,0,0,0,0,0,0,0,0,0,8,0,0,0,1,1,2,0,0,101,546,0,0,0,4,2,0,10,0,0,0,0,0,0,0,3,0,5,0,0,4,0,1,2,0,1,0,0,0,1,140,88,114,0,0,0,0,0,0,0,0,0,2,0,0,0,0,0,0,0,0,0,0,7,0,0,0,0,0,62,0,0,0,0,0,0,0,0,0,0,0,0,0,84,0,47,2,0,0,0,0,0,30,4,0,0,0,0,0,0,0,0,0,0,0,0,2,0,0,0,0,0,0,0,1,0,0,0,0,0,0,0,156,0,0,0,364,237,0,1111,0,0,0,0,7,0,680,0,0,0,99,0,58,0,0,1,0,0,0,18,0,0,0,1,0,6,0,0,0,0,0,11,"7B.1",4,5,"B","6B",21,"April",15,476,0,"AGTGTCGATTCG","CCGGACTACHVGGGTWTCTAAT","Run2",5,171.241,-45.807,5,40.55,11.6,34.397,0.74,6.3,1.14,"FRONT","FRONT","FRONT","FRONT"
"69","7B.12.14",0,0,0,0,0,0,2,22,0,0,0,0,0,0,1,0,0,0,5,0,3,0,0,32,0,5,0,0,0,0,0,0,0,0,0,0,0,0,328,0,0,0,0,0,30,3,0,0,0,0,1,1,0,1,0,0,0,0,53,0,0,0,0,1,0,0,0,0,0,0,0,0,0,0,2,0,23,0,1,0,0,2,0,17,0,1,1,6,132,0,0,0,20,24,0,22,0,2,0,0,1,0,1,1,0,0,0,0,0,0,12,0,0,0,0,0,0,0,7,0,1,0,0,129,116,4,1,0,0,0,0,0,0,0,0,12,0,0,0,1,0,0,0,0,0,0,0,0,0,0,0,0,7,0,0,0,0,0,0,1,0,0,0,0,0,0,3,0,2861,0,0,1,0,0,0,1115,0,0,0,1,0,0,0,1,0,0,0,0,0,5,0,0,0,0,0,0,0,1,0,0,0,0,0,0,0,9,1,0,0,354,5,0,258,0,0,0,0,0,0,85,0,0,0,116,0,1,0,0,1,1,0,0,3,0,0,0,0,0,0,0,0,0,0,0,0,"7B",7,2,"B","2B",19,"December",14,353,0,"GCCTTACGATAG","CCGGACTACHVGGGTWTCTAAT","Run2",3,170.999,-45.791,5,21.74,13.1,34.647,0.2,0,0,"STW","FRONT","STW","STW"
"70","7B.2.04.15",0,0,0,0,0,0,0,189,0,1,0,0,0,0,0,0,0,0,0,0,0,0,0,0,2,0,0,0,0,0,0,0,0,0,0,0,0,1,82,0,0,14,0,0,0,37,0,0,0,0,120,0,0,0,2,0,0,0,0,0,0,0,0,1,0,0,0,0,0,0,0,0,0,5,1,0,41,0,0,0,0,0,0,6,0,0,0,1,10,0,0,0,25,105,0,1,0,0,0,0,1,0,0,0,0,0,0,0,0,0,7,0,0,4,0,0,0,0,3,0,0,0,9,161,500,67,0,0,0,0,0,0,1,0,0,0,0,0,0,0,0,0,0,0,0,0,0,0,0,8,0,0,42,0,0,0,0,0,0,7,0,0,0,0,0,0,48,0,152,1,0,0,0,0,0,2,0,0,0,0,0,0,0,2,1,0,0,0,0,5,0,0,0,0,0,0,0,0,0,0,0,5,0,0,0,55,1,0,0,364,72,0,682,0,0,0,0,7,0,446,3,0,0,106,0,28,0,0,0,0,0,0,2,0,0,0,0,0,33,0,0,0,0,2,24,"7B.2",7,2,"B","5A",21,"April",15,476,0,"CTATTAAGCGGC","CCGGACTACHVGGGTWTCTAAT","Run2",5,170.93,-45.786,5,16.41,12.8,34.613,0.58,4,1.64,"STW","STW","STW","STW"
"71","8A.03.15",0,0,0,0,0,0,0,505,0,1,0,0,0,0,0,0,0,0,0,0,0,0,0,0,0,4,0,0,0,0,0,0,0,0,0,0,0,1,111,0,0,10,0,0,0,10,0,0,0,0,99,6,0,0,0,0,0,0,0,0,0,0,0,0,0,0,0,0,1,0,0,0,0,0,0,0,27,0,0,0,0,0,0,2,0,0,3,2,17,0,0,0,40,134,0,2,0,2,0,0,3,0,0,0,0,1,0,0,0,0,1,0,1,0,0,0,0,0,2,0,0,1,6,110,589,61,0,0,0,0,0,0,1,0,0,2,0,2,0,0,0,0,0,0,0,0,4,0,0,0,0,0,19,0,0,0,1,0,0,8,0,0,0,0,0,0,33,0,184,0,0,1,0,0,0,4,0,0,0,0,0,0,0,0,0,0,0,0,0,8,0,0,0,0,0,0,0,2,2,0,0,9,0,0,0,38,0,1,0,745,174,0,989,0,0,1,0,5,0,170,2,0,0,236,0,13,0,0,0,0,1,0,8,0,0,0,0,0,1,0,0,0,0,0,3,"8A",8,1,"A","1A",10,"March",15,434,0,"GTTGGCGTTACA","CCGGACTACHVGGGTWTCTAAT","Run2",4,170.822,-45.77,5,7.89,15,34.504,0.34,0.4,1.31,"NW","NW","NW","STW"
"72","8A.04.15",0,0,1,0,8,0,0,237,1,0,0,0,0,0,0,0,0,0,4,0,0,4,0,0,0,0,0,0,0,2,0,0,0,0,0,0,0,0,60,0,0,11,0,0,0,25,0,0,0,0,78,0,0,0,3,0,0,0,0,0,0,0,0,0,0,0,0,0,0,0,0,0,0,8,2,3,70,0,0,0,0,0,0,8,1,0,2,1,16,0,0,0,40,106,0,0,0,0,0,0,0,0,0,0,0,0,0,0,0,0,17,0,0,4,0,0,1,0,5,0,0,0,16,164,607,93,0,0,0,0,0,0,0,0,0,0,0,0,0,0,0,0,0,0,3,0,2,0,0,2,0,0,48,0,0,0,0,4,0,5,0,0,3,2,0,1,35,0,213,0,1,0,0,0,0,4,0,0,0,0,4,0,0,2,0,0,3,0,0,20,0,3,0,0,0,0,0,0,0,0,0,5,0,0,0,60,0,0,0,398,67,0,892,0,0,0,0,15,0,778,1,0,0,128,3,61,0,1,0,0,0,0,1,0,9,2,0,0,17,0,0,0,0,2,48,"8A",8,1,"A","1A",21,"April",15,476,0,"GCTAAGTGATGT","CCGGACTACHVGGGTWTCTAAT","Run2",5,170.819,-45.771,5,7.71,12.7,34.356,0.58,2.7,2.06,"NW","NW","NW","STW"
"73","8A.06.14",0,0,0,0,0,0,0,300,0,0,0,0,0,0,0,0,0,0,0,0,0,2,0,1,0,1,0,1,0,0,0,0,0,3,0,0,0,0,119,0,0,6,0,0,2,13,0,1,0,0,69,0,0,0,0,0,1,0,0,0,1,0,0,0,0,0,0,0,0,0,0,0,0,1,1,6,6,0,0,0,0,0,0,22,0,0,0,12,16,1,0,0,53,78,0,4,0,1,0,0,0,0,0,0,0,1,0,0,2,0,3,0,1,3,0,8,0,0,1,0,0,0,6,146,132,70,0,0,0,0,1,0,1,0,0,0,0,0,0,0,1,0,0,0,0,0,0,0,0,7,6,0,125,0,0,0,0,0,0,5,0,0,0,0,0,0,9,0,137,1,0,0,0,0,0,14,0,0,4,0,0,0,0,3,0,0,2,0,0,13,0,0,0,0,0,0,0,2,0,0,1,5,0,1,0,22,0,0,0,375,60,1,932,0,1,0,0,9,0,438,7,0,0,258,13,34,0,2,0,0,3,1,5,0,2,0,0,0,29,5,0,0,0,0,73,"8A",8,1,"A","1A",3,"June",14,154,0,"TGGAATTCGGCT","CCGGACTACHVGGGTWTCTAAT","Run2",1,170.844,-45.776,5,9.61,11.5,34.384,0.4,4.9,4.5,"NW","NW","NW","STW"
"74","8A.07.14",0,1,1,0,0,0,0,218,0,0,0,0,0,0,2,0,0,0,0,0,0,0,1,0,0,0,0,0,0,0,0,0,0,0,0,0,0,2,289,1,0,5,0,0,11,15,0,1,0,0,32,2,0,0,0,0,2,0,0,0,0,0,0,1,0,1,0,1,0,4,0,0,0,3,0,0,4,0,0,0,0,0,0,18,0,0,1,0,2,0,0,0,38,45,0,8,0,2,0,0,2,0,0,0,0,3,0,0,2,0,11,0,0,0,0,3,0,0,3,0,0,0,0,141,101,44,0,0,0,1,0,0,1,0,0,0,0,0,0,0,1,0,0,1,0,0,0,0,0,3,1,0,86,0,0,0,0,0,0,6,0,1,0,0,0,1,11,2,254,1,0,0,0,0,0,11,0,0,0,0,0,0,0,1,0,0,4,0,0,21,0,1,0,0,0,0,1,0,0,0,0,7,0,0,0,11,0,0,0,272,42,0,1059,0,0,0,0,8,0,514,10,0,0,285,24,33,0,2,0,0,2,0,7,0,0,0,0,0,31,1,0,0,0,1,74,"8A",8,1,"A","1A",29,"July",14,188,0,"ACGGATGTTATG","CCGGACTACHVGGGTWTCTAAT","Run2",2,170.845,-45.775,5,9.7,10,34.423,0.36,3.3,1.7,"NW","NW","NW","STW"
"75","8A.12.14",0,0,2,0,0,0,1,19,0,0,1,0,0,0,6,0,0,0,0,0,0,0,0,39,0,0,0,3,0,0,0,0,0,0,0,0,0,0,262,0,0,1,0,4,2,0,0,0,0,0,3,0,0,1,2,0,0,0,9,0,0,0,0,0,0,0,0,1,0,0,0,0,0,3,1,0,19,0,4,0,0,0,0,24,0,0,0,12,274,0,0,1,58,21,0,19,0,4,0,1,0,0,0,0,0,0,0,0,0,0,15,0,0,0,0,0,0,0,10,0,5,0,0,90,106,1,0,0,0,0,0,0,0,1,0,0,0,0,0,0,0,1,0,0,0,0,0,0,0,0,0,0,7,2,0,0,0,0,0,1,0,0,0,0,0,1,2,0,3846,0,1,0,0,0,0,684,0,0,0,4,0,0,0,4,2,5,0,0,0,5,0,1,0,0,2,0,0,1,0,5,0,0,0,0,0,4,0,0,0,186,22,0,324,0,0,4,0,0,0,14,0,0,0,53,0,15,0,0,1,0,1,0,3,0,0,0,0,2,0,0,1,0,0,0,0,"8A",8,1,"A","1A",19,"December",14,353,0,"TACCTGTGTCTT","CCGGACTACHVGGGTWTCTAAT","Run2",3,170.901,-45.782,5,14.06,13.3,34.502,0.44,0.9,0.5,"NW","NW","NW","STW"
"76","8B.03.15",0,0,0,0,0,0,0,730,0,0,0,0,0,0,6,0,0,0,0,0,0,0,0,0,0,1,0,0,0,0,0,0,0,0,0,0,0,1,142,4,0,14,0,0,0,11,0,0,0,0,106,1,0,0,0,0,0,0,0,0,0,0,0,0,0,0,6,0,0,0,0,0,0,0,0,0,77,0,0,0,0,0,0,0,0,0,1,1,5,0,0,0,55,94,8,0,0,1,0,0,1,0,0,0,0,0,0,0,0,0,1,0,0,0,0,0,0,0,0,0,0,0,5,88,261,41,0,0,0,0,0,0,0,0,0,0,0,0,0,0,0,0,0,0,0,0,2,0,0,0,0,0,8,0,22,1,0,0,0,6,0,0,0,0,0,0,19,0,288,0,0,0,0,0,0,0,0,0,0,0,0,0,0,0,0,0,0,0,0,2,0,0,0,0,0,0,0,2,8,0,0,14,0,0,0,20,0,8,0,732,243,0,1482,0,0,0,0,4,0,280,0,0,0,381,0,30,0,0,0,0,0,0,12,0,0,0,0,0,0,0,0,0,0,4,9,"8B",8,1,"B","1B",10,"March",15,434,0,"GAAGTAGCGAGC","CCGGACTACHVGGGTWTCTAAT","Run2",4,170.822,-45.77,5,7.89,15,34.504,0.34,0.4,1.31,"NW","NW","NW","STW"
"77","8B.04.15",0,1,1,0,0,0,0,163,0,0,0,0,0,0,2,0,0,2,3,0,0,2,0,3,0,0,0,1,0,0,0,0,0,1,0,0,0,1,110,0,0,6,0,0,0,35,0,0,0,0,77,2,0,0,3,0,0,0,0,0,0,0,0,0,0,0,0,0,0,1,0,0,0,15,3,0,55,0,0,0,0,0,0,14,1,1,2,2,18,0,0,0,38,121,0,3,0,3,0,1,1,0,0,0,0,2,0,0,0,0,31,0,0,4,0,2,0,0,6,0,0,0,4,147,637,78,2,0,0,0,0,0,0,3,0,0,4,0,0,0,0,0,0,4,0,0,1,0,0,3,0,0,45,0,0,0,0,0,0,10,0,0,0,0,0,0,32,0,149,0,2,0,0,0,0,4,0,0,0,0,0,0,0,0,0,0,0,0,0,10,0,4,0,0,0,0,0,2,0,0,2,5,0,0,0,58,0,0,0,364,51,0,960,0,0,0,0,21,0,656,5,0,0,119,2,47,0,0,0,0,1,0,3,1,2,0,0,0,12,2,0,0,0,2,55,"8B",8,1,"B","1B",21,"April",15,476,0,"AAGGGACAAGTG","CCGGACTACHVGGGTWTCTAAT","Run2",5,170.819,-45.771,5,7.71,12.7,34.356,0.58,2.7,2.06,"NW","NW","NW","STW"
"78","8B.06.14",0,0,1,0,0,0,0,321,0,0,0,0,0,0,0,0,0,0,0,0,0,2,0,0,0,0,0,0,0,0,0,0,0,1,0,0,0,1,92,0,3,4,0,0,1,6,0,0,1,0,87,2,0,0,0,0,1,0,0,0,1,0,0,0,0,1,0,0,0,2,0,0,0,4,0,0,5,0,0,0,0,0,0,18,0,0,2,2,6,0,0,1,83,69,0,3,0,1,0,0,0,0,0,0,0,0,0,0,3,0,2,0,1,1,0,10,0,0,1,0,1,0,4,157,82,117,0,0,0,0,1,0,0,0,0,0,0,0,0,0,1,0,0,0,0,0,1,0,1,5,1,0,102,0,0,0,0,0,0,0,0,1,0,0,0,2,16,0,140,1,0,0,0,0,0,14,0,0,1,0,0,0,0,1,0,0,0,0,0,8,0,0,0,0,0,0,0,2,0,1,0,13,0,1,0,16,0,0,0,322,66,0,1303,1,0,0,1,12,0,489,4,0,0,250,10,28,0,3,0,0,0,2,9,0,2,0,0,0,24,15,0,0,0,0,74,"8B",8,1,"B","1B",3,"June",14,154,0,"TAAGATGCAGTC","CCGGACTACHVGGGTWTCTAAT","Run2",1,170.844,-45.776,5,9.61,11.5,34.384,0.4,4.9,4.5,"NW","NW","NW","STW"
"79","8B.07.14",1,0,2,0,0,0,0,237,0,0,0,0,0,0,0,0,0,0,0,0,0,1,0,0,0,2,0,1,0,0,0,0,0,0,0,0,0,0,229,1,2,2,0,0,13,18,0,1,0,0,40,0,0,0,0,0,0,0,0,0,0,0,0,0,0,3,0,2,0,3,0,0,0,3,0,0,7,0,0,0,0,0,0,23,0,0,2,0,3,0,0,0,49,44,0,6,0,1,0,0,1,0,0,0,0,2,0,0,1,0,4,0,0,0,0,2,0,0,6,0,0,0,1,143,84,53,0,0,0,0,0,0,1,0,0,4,0,0,0,0,0,0,0,0,0,0,0,0,0,6,1,0,84,0,0,0,0,0,0,2,0,1,0,0,0,1,6,0,252,0,0,0,0,0,0,10,0,0,0,0,0,0,0,0,0,0,2,0,0,17,0,0,0,0,0,0,0,0,0,1,0,8,0,2,0,11,0,0,0,262,56,0,1008,1,0,0,0,13,0,541,8,0,0,258,21,32,0,3,0,2,0,0,2,0,1,0,0,0,13,3,1,0,0,1,56,"8B",8,1,"B","1B",29,"July",14,188,0,"TTGAGGCTACAA","CCGGACTACHVGGGTWTCTAAT","Run2",2,170.845,-45.775,5,9.7,10,34.423,0.36,3.3,1.7,"NW","NW","NW","STW"
"80","8B.12.14",0,0,0,0,0,0,0,175,0,0,0,36,0,0,15,0,0,0,4,1,0,0,1,0,0,20,0,0,0,0,0,0,0,6,0,0,0,1,2,0,2,5,0,0,8,3,0,0,0,0,18,0,0,0,0,0,0,0,0,0,0,0,0,0,0,3,0,0,0,0,4,0,0,0,0,102,0,3,2,18,0,0,0,6,0,0,0,0,0,4,0,0,8,36,0,3,0,0,0,8,1,0,0,0,6,0,0,2,0,4,1,0,2,4,0,63,34,0,0,0,0,0,31,19,1,9,0,0,0,0,0,5,0,0,0,20,2,0,0,0,2,0,0,0,0,0,0,0,0,0,0,0,31,0,4,0,0,0,0,0,0,0,0,0,0,0,4,0,69,0,0,0,0,0,0,29,0,0,2,0,0,0,0,0,0,0,0,0,0,0,0,0,0,0,0,2,0,0,0,24,0,0,0,0,1,10,0,0,3,35,15,0,1924,0,0,0,1,46,10,1120,17,8,1,99,1,29,10,0,0,0,0,0,20,0,2,0,0,0,14,27,0,0,0,0,61,"8B",8,1,"B","1B",19,"December",14,353,0,"AACGAGGCAACG","CCGGACTACHVGGGTWTCTAAT","Run2",3,170.901,-45.782,5,14.06,13.3,34.502,0.44,0.9,0.5,"NW","NW","NW","STW"
"82","S1.2",0,0,0,0,0,0,1,307,0,0,0,0,0,0,0,0,0,0,0,0,0,0,0,3,0,0,0,0,0,0,0,0,0,0,0,0,0,1,116,0,0,12,0,0,0,8,0,0,0,0,21,4,0,0,0,0,0,0,0,0,0,0,0,0,0,0,0,0,0,0,0,0,0,4,0,0,65,0,0,0,0,0,0,6,0,0,6,1,61,0,0,0,14,131,0,8,0,2,0,0,0,0,0,0,0,0,0,0,0,0,7,0,0,0,0,0,0,0,0,0,0,0,12,124,278,67,0,0,0,0,0,0,0,0,0,0,0,0,0,0,0,0,0,0,0,0,6,0,0,0,0,0,131,0,0,0,0,0,0,4,0,2,0,0,0,2,25,0,232,2,0,0,0,0,0,14,0,0,0,0,0,0,0,1,0,0,0,0,0,7,0,0,0,0,0,0,0,2,0,0,0,20,0,0,0,19,0,0,0,455,67,0,1097,0,0,0,0,0,0,382,7,0,0,119,0,14,0,1,0,0,0,0,0,0,0,0,0,0,2,0,0,0,0,0,1,"1B",8,1,"B","1B",28,"January",2014,1,0,"TCGATTGGCCGT","CCGGACTACHVGGGTWTCTAAT","Run1",0,170.916,-45.784,5,15.2,14.4,34.319,0.15,0.5,1,"NW","NW","NW","NW"
"83","S2.1",0,0,0,0,0,0,0,361,0,0,0,0,0,0,0,0,0,0,0,0,0,0,0,4,0,0,0,0,0,0,0,0,0,1,0,0,0,1,114,0,0,15,0,0,2,1,0,0,0,0,31,4,0,0,0,0,0,0,0,0,0,0,0,0,0,1,0,0,0,0,1,0,0,1,0,0,22,0,0,0,0,0,0,10,0,0,1,1,32,0,0,0,26,139,0,4,0,3,0,0,2,0,0,0,0,0,0,0,0,0,1,0,0,0,0,0,0,0,0,0,0,0,14,105,215,119,0,0,0,0,0,0,0,0,1,0,0,0,0,0,0,0,0,0,0,0,1,0,0,0,0,0,136,0,0,0,0,0,0,5,0,0,0,0,0,0,71,1,194,1,0,0,0,0,0,41,0,0,0,0,0,0,0,1,0,0,0,0,0,4,0,0,0,0,0,0,0,1,0,0,0,15,0,0,0,15,0,0,0,366,99,0,1120,0,0,0,0,5,0,392,4,0,0,161,0,14,0,0,0,0,1,0,5,0,0,0,0,0,2,0,0,0,0,0,2,"2A",7,2,"A","2A",28,"January",2014,1,0,"GCATTACTGGAC","CCGGACTACHVGGGTWTCTAAT","Run1",0,171.02,-45.797,5,23.39,13.5,34.714,0.25,2.3,0.6,"STW","STW","STW","STW"
"84","S2.2",0,0,0,0,0,0,0,300,0,0,0,0,0,0,0,0,0,0,0,0,0,0,0,5,0,0,0,0,0,0,0,0,0,2,0,0,0,0,95,0,0,16,0,0,2,1,0,0,0,0,26,2,0,0,0,0,1,0,0,0,0,0,0,0,0,0,0,0,0,0,1,0,0,3,0,0,24,0,0,0,0,0,0,6,0,0,2,1,25,0,0,0,32,121,0,2,0,2,0,0,1,0,0,0,0,0,0,0,0,0,2,0,0,0,0,0,0,0,0,0,0,0,8,91,197,91,0,0,0,0,0,0,0,0,0,0,0,0,0,0,0,0,0,0,0,0,2,0,0,0,0,0,143,0,0,0,0,0,0,2,0,0,0,0,0,1,59,0,184,3,0,0,0,0,0,42,0,0,0,0,0,0,0,1,0,0,0,0,0,3,0,0,0,0,0,0,0,1,0,0,0,9,0,0,0,16,0,0,0,352,83,0,1237,0,0,0,0,4,0,375,3,0,0,141,0,18,0,1,0,0,1,0,6,0,0,0,0,0,2,0,0,0,0,0,1,"2B",7,2,"B","2B",28,"January",2014,1,0,"TTGGGCCACATA","CCGGACTACHVGGGTWTCTAAT","Run1",0,171.02,-45.797,5,23.39,13.5,34.714,0.25,2.3,0.6,"STW","STW","STW","STW"
"85","S3.1",0,0,0,0,0,0,0,306,0,0,1,0,0,0,0,0,0,0,0,0,0,0,0,5,0,0,0,0,0,0,0,0,0,1,0,0,0,1,77,0,0,19,0,0,3,1,0,0,0,0,28,4,0,0,0,0,0,0,0,0,0,0,0,0,0,1,0,0,0,0,0,0,0,2,0,0,28,0,0,0,0,0,0,8,0,0,0,1,21,0,0,0,24,110,0,4,0,0,0,0,2,0,0,0,0,1,0,0,0,0,0,0,0,0,0,0,0,0,0,0,0,0,12,100,196,90,0,0,0,0,0,0,0,0,0,0,0,0,0,0,0,0,0,0,0,0,9,0,0,0,0,0,125,0,0,0,0,0,0,6,0,0,0,0,0,0,69,0,155,0,0,0,0,0,0,39,0,0,0,0,0,0,0,0,0,0,0,0,0,3,0,0,0,0,0,0,0,1,0,0,0,10,0,0,0,17,0,0,0,290,88,0,1326,0,0,0,0,4,0,477,6,0,0,183,0,20,0,1,0,0,0,0,7,0,0,0,0,0,3,0,0,0,0,0,4,"3A",6,3,"A","3A",28,"January",2014,1,0,"CACACAAAGTCA","CCGGACTACHVGGGTWTCTAAT","Run1",0,171.112,-45.796,5,30.36,12.5,34.541,0.59,7.1,0.2,"STW","STW","STW","STW"
"87","S4.1",0,0,0,0,0,0,0,239,0,0,2,0,0,0,0,0,0,0,0,0,0,0,0,4,0,0,0,0,0,0,0,0,0,0,0,0,0,1,118,0,0,208,0,0,4,7,0,0,0,0,34,11,0,0,0,0,0,0,0,0,0,0,0,0,0,0,0,0,0,1,1,0,0,0,0,0,7,0,0,0,1,0,0,6,0,0,1,1,6,0,0,0,127,264,0,3,0,2,0,0,5,0,0,0,0,1,0,0,4,0,1,0,0,0,0,0,0,0,0,0,0,1,7,101,103,51,0,0,0,0,0,0,0,0,0,0,0,0,0,0,0,0,0,0,0,0,1,0,0,0,0,0,140,0,0,0,0,0,0,13,0,0,0,0,0,0,54,0,265,3,0,0,0,0,0,192,0,0,0,0,0,0,0,0,0,0,0,0,0,0,0,0,1,0,0,0,0,1,0,1,0,4,0,0,0,79,0,0,0,282,273,0,1246,0,0,0,0,6,0,573,0,0,0,114,0,6,0,0,0,0,1,0,28,2,0,0,3,0,1,0,0,0,2,0,0,"4A",5,4,"A","4A",28,"January",2014,1,0,"CGCCACGTGTAT","CCGGACTACHVGGGTWTCTAAT","Run1",0,171.201,-45.806,5,37.46,12,34.343,0.63,8.1,0.1,"FRONT","FRONT","FRONT","FRONT"
"88","S4.2",0,0,0,0,0,0,1,274,0,0,2,0,0,0,0,0,0,0,0,0,0,0,0,2,0,0,0,0,0,0,0,0,0,0,0,1,0,1,122,0,0,259,0,0,3,6,0,0,0,0,42,7,0,0,0,0,0,0,0,0,0,0,0,1,0,1,0,0,0,0,0,0,0,2,0,0,2,0,0,0,1,0,0,6,0,0,0,2,1,0,0,0,118,270,0,5,0,4,1,0,2,0,0,0,0,0,0,0,3,0,5,0,0,0,0,0,0,0,0,0,0,1,4,106,67,36,0,0,0,0,0,0,0,0,1,0,0,0,0,0,0,0,0,0,0,0,4,0,0,0,0,0,155,0,0,0,0,0,2,9,0,0,0,0,0,0,75,2,359,3,0,0,0,0,0,196,0,0,0,2,0,0,0,1,0,0,0,0,0,2,0,0,1,0,0,0,1,3,0,2,0,1,0,0,0,82,0,0,0,331,373,0,1225,0,0,0,0,1,0,567,1,0,0,101,0,3,1,0,0,0,0,0,26,0,0,0,7,0,1,1,0,0,0,0,0,"4B",5,4,"B","4B",28,"January",2014,1,0,"GCAACCGATTGT","CCGGACTACHVGGGTWTCTAAT","Run1",0,171.201,-45.806,5,37.46,12,34.343,0.63,8.1,0.1,"FRONT","FRONT","FRONT","FRONT"
"89","S5.1",0,0,0,0,0,0,0,322,0,0,3,0,1,0,0,0,0,0,0,0,0,0,0,1,0,1,0,0,0,0,0,1,0,0,0,0,0,1,125,0,0,317,0,0,6,21,0,0,0,1,33,9,0,0,0,0,0,0,0,0,0,0,0,1,0,0,0,0,0,0,0,0,0,1,2,0,0,0,0,0,0,0,0,7,0,0,0,1,0,0,0,0,223,238,0,3,1,3,1,0,3,0,0,0,0,0,0,0,5,0,7,0,0,0,0,0,0,0,0,0,3,0,17,83,67,36,0,0,0,0,0,0,0,0,0,0,0,0,0,0,0,0,0,0,0,0,4,0,0,0,0,0,148,0,0,0,0,0,0,3,1,0,0,0,0,0,110,2,272,12,0,0,0,0,0,136,0,0,0,0,0,0,0,3,0,0,0,0,0,7,0,0,0,0,1,0,0,3,0,1,0,0,0,0,0,94,0,0,0,376,375,0,1307,0,0,0,0,2,0,540,0,0,0,101,0,2,0,0,0,1,0,0,51,1,0,0,3,0,0,2,0,0,0,0,0,"5A",4,5,"A","5A",28,"January",2014,1,0,"CATGTGCTTAGG","CCGGACTACHVGGGTWTCTAAT","Run1",0,171.283,-45.815,5,43.86,12.3,34.323,0.7,8.4,0.1,"FRONT","FRONT","FRONT","FRONT"
"90","S5.2",0,0,0,0,0,0,1,296,0,0,2,0,1,0,0,0,0,0,0,0,0,0,2,3,0,0,0,0,0,0,0,0,0,0,0,0,0,2,117,0,0,306,0,0,5,20,0,1,0,0,30,14,0,0,0,0,1,0,0,0,0,0,0,1,0,0,0,0,0,1,1,0,0,2,1,0,0,0,0,0,0,0,0,5,0,0,0,0,1,0,0,0,204,219,0,2,1,4,0,0,2,0,0,0,0,0,0,0,4,0,4,0,0,0,0,0,0,0,0,0,4,0,11,82,59,20,0,0,0,0,0,0,0,0,0,0,0,0,0,0,0,0,0,0,0,0,2,0,0,0,0,0,151,0,0,0,0,0,0,2,0,0,0,0,0,1,109,1,231,10,0,0,0,0,0,148,0,0,0,1,0,0,0,1,0,0,0,0,0,2,0,0,1,0,0,0,0,2,0,1,0,0,0,0,0,63,0,0,0,319,448,0,1389,0,0,0,0,1,0,481,1,0,0,108,0,4,1,0,0,0,0,0,59,1,0,2,3,0,0,1,0,0,0,0,0,"5B",4,5,"B","5B",28,"January",2014,1,0,"GTTCCTCCATTA","CCGGACTACHVGGGTWTCTAAT","Run1",0,171.283,-45.815,5,43.86,12.3,34.323,0.7,8.4,0.1,"FRONT","FRONT","FRONT","FRONT"
"91","S6.1",0,0,0,0,0,0,0,416,0,0,3,0,0,0,0,0,0,0,0,0,0,0,0,0,0,0,0,0,0,0,0,0,0,0,0,1,0,0,87,0,0,283,0,0,3,8,0,0,0,0,43,11,0,0,0,0,1,0,0,0,0,0,0,1,0,1,0,0,0,0,0,0,0,1,1,0,0,0,0,0,0,0,0,8,0,0,0,0,0,0,0,0,211,186,0,0,0,1,0,0,4,0,0,0,0,0,0,0,8,0,4,0,0,0,0,0,0,0,0,0,2,0,9,88,38,26,0,0,0,0,0,0,0,0,1,0,0,0,0,0,0,0,0,0,0,0,7,0,0,0,0,0,93,0,0,0,0,0,0,1,0,0,0,0,0,0,126,2,143,13,0,0,0,0,0,81,0,0,0,0,0,0,0,2,0,0,0,0,0,2,0,0,0,0,0,0,0,0,0,0,0,0,0,0,0,33,0,0,0,324,400,0,1409,0,0,0,0,1,0,713,0,0,0,120,0,3,0,0,0,0,1,0,47,0,0,0,3,0,1,0,0,0,1,0,0,"6A",3,6,"A","6A",28,"January",2014,1,0,"ACCTGTCCTTTC","CCGGACTACHVGGGTWTCTAAT","Run1",0,171.37,-45.818,5,50.64,12.5,34.261,0.77,9.2,0.3,"SAW","SAW","SAW","SAW"
"92","S6.2",0,0,0,0,0,0,0,424,0,0,9,0,0,0,1,0,0,0,0,0,0,0,0,1,0,0,0,0,0,0,0,0,0,0,0,1,0,4,124,0,0,439,0,0,1,10,0,0,0,2,29,8,0,0,0,0,1,0,0,0,0,0,0,0,0,0,0,0,0,0,0,0,0,0,0,0,0,0,0,0,0,0,0,6,0,0,0,1,0,0,0,0,251,213,0,2,0,5,0,0,0,0,0,0,0,0,0,0,8,0,3,0,0,0,0,0,0,0,0,0,7,0,10,75,50,28,0,0,0,0,0,0,0,0,0,0,0,0,0,0,0,0,0,0,0,0,3,3,0,0,0,0,74,0,0,0,0,0,0,1,3,0,0,0,0,0,160,6,137,10,2,0,0,0,0,56,0,0,0,0,0,0,0,1,0,0,0,0,0,5,0,0,0,0,0,0,0,2,0,0,0,0,0,0,0,34,0,0,0,480,499,0,1481,0,0,0,0,0,0,467,0,0,0,119,0,2,0,0,0,0,0,0,88,0,0,1,2,0,0,0,0,0,0,0,0,"6B",3,6,"B","6B",28,"January",2014,1,0,"GTTCACGCCCAA","CCGGACTACHVGGGTWTCTAAT","Run1",0,171.37,-45.818,5,50.64,12.5,34.261,0.77,9.2,0.3,"SAW","SAW","SAW","SAW"
"93","S7.1",0,0,0,0,0,0,0,395,0,0,1,0,0,0,0,0,0,0,0,0,0,0,0,0,0,1,0,0,0,0,0,0,0,0,0,0,0,0,69,0,0,225,0,0,1,6,0,0,0,0,31,21,0,0,0,0,0,0,0,0,0,0,0,0,0,0,0,0,0,0,0,0,0,1,1,0,0,0,0,0,0,0,0,10,0,0,0,1,0,0,0,0,135,149,0,6,0,5,0,0,0,0,0,0,0,0,0,0,4,0,5,0,0,0,0,0,0,0,0,0,1,0,9,122,34,15,0,0,0,0,0,0,0,0,0,0,0,0,0,0,0,0,0,0,0,0,10,1,0,0,0,0,109,0,0,0,0,0,0,0,2,0,0,0,0,1,135,2,170,9,0,0,0,0,0,110,0,0,0,0,0,0,0,1,0,0,0,0,0,2,0,0,0,0,0,0,1,2,0,0,0,0,0,0,0,48,1,0,0,305,357,0,1335,0,0,0,0,0,0,864,0,0,0,151,0,0,0,0,0,0,1,0,35,0,0,0,0,0,0,0,0,0,0,0,0,"7A",2,7,"A","7A",28,"January",2014,1,0,"CGATCGAACACT","CCGGACTACHVGGGTWTCTAAT","Run1",0,171.469,-45.827,5,58.39,12.4,34.276,0.75,9.2,0.2,"SAW","SAW","SAW","SAW"
"94","S7.2",0,0,0,0,0,0,0,389,0,0,2,0,0,0,0,0,0,0,0,0,0,0,0,0,0,0,0,0,0,0,0,0,0,0,0,0,0,0,80,0,0,252,0,0,3,6,0,0,0,0,30,15,0,0,0,0,1,0,0,0,0,0,0,0,0,0,0,0,0,0,0,0,0,0,1,0,0,0,0,0,0,0,0,7,0,0,1,0,0,0,0,0,148,227,0,4,0,2,0,0,0,0,0,0,0,0,0,0,12,0,5,0,0,0,0,0,0,0,0,0,1,0,18,91,32,21,0,0,0,0,0,0,0,0,0,0,0,0,0,0,0,0,0,0,0,0,5,1,0,0,0,0,149,0,0,0,0,0,1,0,1,0,0,0,0,1,117,2,149,11,0,0,0,0,0,119,0,0,0,0,0,0,0,3,0,0,0,0,0,3,0,0,0,0,0,0,0,3,0,0,0,0,0,0,0,54,1,0,0,318,374,0,1305,0,0,0,0,0,0,847,0,0,0,111,0,1,0,0,0,0,0,0,27,0,0,0,1,0,0,0,0,0,1,0,0,"7B",2,7,"B","7B",28,"January",2014,1,0,"CATGCCAACATG","CCGGACTACHVGGGTWTCTAAT","Run1",0,171.469,-45.827,5,58.39,12.4,34.276,0.75,9.2,0.2,"SAW","SAW","SAW","SAW"
"95","S8.1",0,0,0,0,0,0,0,526,0,0,1,0,0,0,0,0,0,0,0,0,0,0,0,1,0,0,0,0,0,0,0,1,0,0,0,0,0,4,69,0,0,202,0,0,2,6,0,1,0,0,36,10,0,0,0,0,1,0,0,0,0,0,0,0,0,0,0,0,0,0,1,0,0,1,1,0,0,0,0,0,0,0,0,6,0,0,0,1,0,0,0,0,158,305,0,2,0,4,0,0,1,0,0,0,0,0,0,0,9,0,3,0,0,0,0,0,0,0,0,0,2,0,22,123,33,25,0,0,0,0,0,0,0,0,0,0,0,0,0,0,0,0,0,0,0,0,19,1,0,0,0,0,109,0,0,0,0,0,0,0,0,0,0,0,0,1,115,1,153,9,0,0,0,0,0,128,0,0,0,0,0,0,0,1,0,0,0,0,0,1,0,0,0,0,0,0,0,2,0,0,0,0,0,0,0,62,0,0,0,342,336,0,1448,0,0,0,0,2,0,757,0,0,0,132,0,2,0,0,0,1,0,0,40,1,0,0,4,0,0,0,0,0,1,0,0,"8A",1,8,"A","8A",28,"January",2014,1,0,"GAGTACAGTCTA","CCGGACTACHVGGGTWTCTAAT","Run1",0,171.558,-45.839,5,65.37,12.6,34.279,0.7,10.6,0.4,"SAW","SAW","SAW","SAW"
"96","S8.2",0,0,0,0,0,0,0,378,0,0,2,0,0,0,1,0,0,0,0,0,0,0,0,1,0,0,0,0,0,0,0,0,0,0,0,0,0,0,60,0,0,146,0,0,2,1,0,0,0,0,27,13,0,0,0,0,1,0,0,0,0,0,0,0,0,0,0,0,0,0,0,0,0,0,0,0,0,0,0,0,0,0,0,7,0,0,1,0,0,0,0,0,133,245,0,5,0,5,0,0,2,0,0,0,0,0,0,0,6,0,2,0,0,0,0,0,0,0,0,0,1,0,24,110,28,23,0,0,0,0,0,0,0,0,0,0,0,0,0,0,0,0,0,0,0,0,10,1,0,0,0,0,122,0,0,0,0,0,0,1,1,0,0,0,0,0,92,1,131,5,0,0,0,0,0,151,0,0,0,0,0,0,0,1,0,0,0,0,0,2,0,0,0,0,1,0,0,1,0,0,0,0,0,0,0,71,0,0,0,260,313,0,1313,0,0,0,0,2,0,913,0,0,0,146,0,5,1,0,0,1,1,0,27,0,0,2,4,0,1,0,0,0,0,0,0,"8B",1,8,"B","8B",28,"January",2014,1,0,"CCTACATGAGAC","CCGGACTACHVGGGTWTCTAAT","Run1",0,171.558,-45.839,5,65.37,12.6,34.279,0.7,10.6,0.4,"SAW","SAW","SAW","SAW"
