"","SampleID","Chesapeake-Delaware Bay","Deep 1","marine metagenome","Surface 1","Surface 2","Surface 4","uncultured bacterium","uncultured marine bacterium","uncultured SAR11 cluster alpha proteobacterium","Station","Kim_Station","Published_station","Replicate","Published_ID","Day","Month","Year","Time","Depth","BarcodeSequence","LinkerPrimerSequence","Description","Sample_day","LonE","LatN","Depth2","Distance.km_from_TH.","Temperature","Salinity","Phosphate","Nitrate","Silicate","Water_mass","Water_mass_DFA","Water_mass_PCA","Water_mass_Sergio"
"1","1A.03.15",0,0,12,104,11,668,4,3,3,"1A",1,8,"A","8A",10,"March",15,406,0,"GGCGTTGCATTC","CCGGACTACHVGGGTWTCTAAT","Run2",4,171.534,-45.83,5,63.61,12.3,34.375,0.86,8.7,0.28,"SAW","SAW","SAW","SAW"
"2","1A.04.15",0,0,32,136,22,363,7,1,4,"1A",1,8,"A","8A",21,"April",15,448,0,"TTGCGGACCCTA","CCGGACTACHVGGGTWTCTAAT","Run2",5,171.534,-45.829,5,63.35,10.9,34.311,0.94,10,0.55,"SAW","SAW","SAW","SAW"
"3","1A.06.14",1,4,59,207,26,197,9,4,10,"1A",1,8,"A","8A",3,"June",14,126,0,"ACAGGAGGGTGT","CCGGACTACHVGGGTWTCTAAT","Run2",1,171.532,-45.829,5,63.28,9.7,34.229,0.99,11.5,1.1,"SAW","SAW","SAW","SAW"
"4","1A.07.14",0,3,24,146,30,78,5,3,9,"1A",1,8,"A","8A",29,"July",14,182,0,"ACCTTGACAAGA","CCGGACTACHVGGGTWTCTAAT","Run2",2,171.534,-45.83,5,63.29,8.4,34.25,1.02,14.2,1.7,"SAW","SAW","SAW","SAW"
"5","1A.12.14",1,4,215,359,104,248,10,6,31,"1A",1,8,"A","8A",19,"December",14,325,0,"CCGACATTGTAG","CCGGACTACHVGGGTWTCTAAT","Run2",3,171.533,-45.83,5,63.8,11.4,34.302,0.98,11,0,"SAW","SAW","SAW","SAW"
"6","1B.03.15",1,0,26,143,17,596,8,4,4,"1B",1,8,"B","8B",10,"March",15,406,0,"ACTAGCGTTCAG","CCGGACTACHVGGGTWTCTAAT","Run2",4,171.534,-45.83,5,63.61,12.3,34.375,0.86,8.7,0.28,"SAW","SAW","SAW","SAW"
"8","1B.06.14",0,7,74,245,49,252,15,7,12,"1B",1,8,"B","8B",3,"June",14,126,0,"GCTGTCGTCAAC","CCGGACTACHVGGGTWTCTAAT","Run2",1,171.532,-45.829,5,63.28,9.7,34.229,0.99,11.5,1.1,"SAW","SAW","SAW","SAW"
"9","1B.07.14",2,11,65,261,31,178,17,6,10,"1B",1,8,"B","8B",29,"July",14,182,0,"GTAACCACCACC","CCGGACTACHVGGGTWTCTAAT","Run2",2,171.534,-45.83,5,63.29,8.4,34.25,1.02,14.2,1.7,"SAW","SAW","SAW","SAW"
"10","1B.12.14",2,1,236,334,96,202,14,10,25,"1B",1,8,"B","8B",19,"December",14,325,0,"CATGTAAGGCTC","CCGGACTACHVGGGTWTCTAAT","Run2",3,171.533,-45.83,5,63.8,11.4,34.302,0.98,11,0,"SAW","SAW","SAW","SAW"
"12","2A.04.15",1,1,22,165,20,387,7,3,6,"2A",2,7,"A","7A",21,"April",15,448,0,"AACGTTAGTGTG","CCGGACTACHVGGGTWTCTAAT","Run2",5,171.439,-45.822,5,55.96,10.9,34.297,0.93,9.4,0.42,"SAW","SAW","SAW","SAW"
"14","2A.07.14",1,11,56,231,31,130,14,7,10,"2A",2,7,"A","7A",29,"July",14,182,0,"CATAGCTCGGTC","CCGGACTACHVGGGTWTCTAAT","Run2",2,171.445,-45.819,5,56.46,8.2,34.26,0.78,9,1.2,"SAW","SAW","SAW","SAW"
"15","2A.12.14",1,2,208,527,92,539,22,18,31,"2A",2,7,"A","7A",19,"December",14,325,0,"TGCAAGCTAAGT","CCGGACTACHVGGGTWTCTAAT","Run2",3,171.469,-45.818,5,58.26,11.2,34.33,0.95,10.9,0.2,"SAW","SAW","SAW","SAW"
"16","2B.03.15",1,2,24,150,12,630,7,1,5,"2B",2,7,"B","7B",10,"March",15,406,0,"TGCGAGTATATG","CCGGACTACHVGGGTWTCTAAT","Run2",4,171.434,-45.81,5,55.53,12.7,34.341,0.9,9.6,0.17,"SAW","SAW","SAW","SAW"
"17","2B.04.15",1,1,31,138,16,353,3,0,4,"2B",2,7,"B","7B",21,"April",15,448,0,"TGCATGACAGTC","CCGGACTACHVGGGTWTCTAAT","Run2",5,171.439,-45.822,5,55.96,10.9,34.297,0.93,9.4,0.42,"SAW","SAW","SAW","SAW"
"18","2B.06.14",2,1,82,216,41,385,9,7,8,"2B",2,7,"B","7B",3,"June",14,126,0,"AAGCTTGAAACC","CCGGACTACHVGGGTWTCTAAT","Run2",1,171.435,-45.816,5,55.6,9.8,34.235,0.81,11.9,1.6,"SAW","SAW","SAW","SAW"
"19","2B.07.14",1,18,68,289,35,130,15,5,9,"2B",2,7,"B","7B",29,"July",14,182,0,"AACCATGCCAAC","CCGGACTACHVGGGTWTCTAAT","Run2",2,171.445,-45.819,5,56.46,8.2,34.26,0.78,9,1.2,"SAW","SAW","SAW","SAW"
"20","2B.12.14",1,0,132,415,69,293,26,8,31,"2B",2,7,"B","7B",19,"December",14,325,0,"GTGTGTGCCATA","CCGGACTACHVGGGTWTCTAAT","Run2",3,171.469,-45.818,5,58.26,11.2,34.33,0.95,10.9,0.2,"SAW","SAW","SAW","SAW"
"21","3A.03.15",2,0,68,222,26,556,7,3,9,"3A",3,6,"A","6A",10,"March",15,406,0,"TACCACAACGAA","CCGGACTACHVGGGTWTCTAAT","Run2",4,171.335,-45.813,5,47.89,12.1,34.376,0.9,9.1,0.26,"SAW","SAW","SAW","FRONT"
"22","3A.04.15",1,3,39,119,14,339,7,2,2,"3A",3,6,"A","6A",21,"April",15,448,0,"TCAATCGCTTTC","CCGGACTACHVGGGTWTCTAAT","Run2",5,171.335,-45.814,5,47.92,10.9,34.339,0.94,10.4,0.33,"SAW","SAW","SAW","FRONT"
"23","3A.06.14",0,4,53,210,32,143,12,0,10,"3A",3,6,"A","6A",3,"June",14,126,0,"TAAGCGTCTCGA","CCGGACTACHVGGGTWTCTAAT","Run2",1,171.346,-45.807,5,48.66,9.9,34.287,0.87,12.2,1.3,"SAW","SAW","SAW","FRONT"
"24","3A.07.14",0,15,40,236,12,89,11,1,1,"3A",3,6,"A","6A",29,"July",14,182,0,"TATGGAGCTAGT","CCGGACTACHVGGGTWTCTAAT","Run2",2,171.346,-45.811,5,48.69,9,34.458,0.87,12.4,2.2,"FRONT","FRONT","FRONT","FRONT"
"25","3A.12.14",2,0,118,475,66,731,20,14,14,"3A",3,6,"A","6A",19,"December",14,325,0,"TGACAACCGAAT","CCGGACTACHVGGGTWTCTAAT","Run2",3,171.382,-45.81,5,51.49,11.1,34.343,0.8,8.5,0.3,"SAW","SAW","SAW","FRONT"
"26","3B.03.15",0,0,26,179,19,749,10,3,4,"3B",3,6,"B","6B",10,"March",15,406,0,"TCTGGAACGGTT","CCGGACTACHVGGGTWTCTAAT","Run2",4,171.335,-45.813,5,47.89,12.1,34.376,0.9,9.1,0.26,"SAW","SAW","SAW","FRONT"
"28","3B.06.14",1,6,81,235,43,286,12,6,15,"3B",3,6,"B","6B",3,"June",14,126,0,"ATAGCTTCGTGG","CCGGACTACHVGGGTWTCTAAT","Run2",1,171.346,-45.807,5,48.66,9.9,34.287,0.87,12.2,1.3,"SAW","SAW","SAW","FRONT"
"29","3B.07.14",0,20,54,281,31,129,14,4,9,"3B",3,6,"B","6B",29,"July",14,182,0,"ACTACCTCTTCA","CCGGACTACHVGGGTWTCTAAT","Run2",2,171.346,-45.811,5,48.69,9,34.458,0.87,12.4,2.2,"FRONT","FRONT","FRONT","FRONT"
"31","4A.03.15",0,0,28,158,16,520,3,4,3,"4A",4,5,"A","5A",10,"March",15,406,0,"GTACTACCTCGG","CCGGACTACHVGGGTWTCTAAT","Run2",4,171.237,-45.807,5,40.26,12.3,34.489,0.84,8.6,0.52,"FRONT","FRONT","SAW","FRONT"
"32","4A.04.15",1,4,49,222,19,372,5,5,18,"4A",4,5,"A","5A",21,"April",15,448,0,"TCACCCAAGGTA","CCGGACTACHVGGGTWTCTAAT","Run2",5,171.241,-45.807,5,40.55,11.6,34.397,0.74,6.3,1.14,"FRONT","FRONT","FRONT","FRONT"
"33","4A.06.14",1,4,59,241,33,202,5,7,12,"4A",4,5,"A","5A",3,"June",14,126,0,"CGGGATCAAATT","CCGGACTACHVGGGTWTCTAAT","Run2",1,171.248,-45.801,5,41.04,9.9,34.385,0.82,11.7,1.3,"SAW","SAW","SAW","FRONT"
"34","4A.07.14",0,33,79,99,16,205,20,8,1,"4A",4,5,"A","5A",29,"July",14,182,0,"GATGATAACCCA","CCGGACTACHVGGGTWTCTAAT","Run2",2,171.264,-45.805,5,42.34,9.2,34.493,0.68,9.7,1.9,"FRONT","FRONT","FRONT","FRONT"
"35","4A.12.14",1,3,72,657,52,733,21,5,17,"4A",4,5,"A","5A",19,"December",14,325,0,"CTCCTTAAGGCG","CCGGACTACHVGGGTWTCTAAT","Run2",3,171.287,-45.803,5,44.11,11.4,34.651,0.77,8,0.2,"SAW","FRONT","FRONT","FRONT"
"36","4B.03.15",1,1,49,228,26,522,11,1,5,"4B",4,5,"B","5B",10,"March",15,406,0,"TTCCTGTTAACC","CCGGACTACHVGGGTWTCTAAT","Run2",4,171.237,-45.807,5,40.26,12.3,34.489,0.84,8.6,0.52,"FRONT","FRONT","SAW","FRONT"
"37","4B.06.14",1,7,71,238,47,313,15,8,15,"4B",4,5,"B","5B",3,"June",14,126,0,"AGTCATCGAATG","CCGGACTACHVGGGTWTCTAAT","Run2",1,171.248,-45.801,5,41.04,9.9,34.385,0.82,11.7,1.3,"SAW","SAW","SAW","FRONT"
"39","4B.12.14",4,2,79,520,40,1112,20,4,11,"4B",4,5,"B","5B",19,"December",14,325,0,"TTGCCTGGGTCA","CCGGACTACHVGGGTWTCTAAT","Run2",3,171.287,-45.803,5,44.11,11.4,34.651,0.77,8,0.2,"SAW","FRONT","FRONT","FRONT"
"40","5A.03.15",0,0,28,283,15,656,16,1,4,"5A",5,4,"A","4A",10,"March",15,406,0,"CTATCCAAGTGG","CCGGACTACHVGGGTWTCTAAT","Run2",4,171.141,-45.804,5,32.86,12.7,34.569,0.67,5.1,0.86,"FRONT","FRONT","FRONT","FRONT"
"41","5A.04.15",0,2,39,208,17,338,17,5,2,"5A",5,4,"A","4A",21,"April",15,448,0,"AGCCAGTCATAC","CCGGACTACHVGGGTWTCTAAT","Run2",5,171.128,-45.801,5,31.82,12.1,34.695,0.61,4.45,1.3,"STW","STW","STW","FRONT"
"42","5A.06.14",1,3,44,192,20,229,10,2,10,"5A",5,4,"A","4A",3,"June",14,126,0,"ATCTTGGAGTCG","CCGGACTACHVGGGTWTCTAAT","Run2",1,171.15,-45.794,5,33.44,9.8,34.354,0.79,11.3,1.3,"SAW","SAW","SAW","FRONT"
"43","5A.07.14",0,23,36,229,38,83,44,3,34,"5A",5,4,"A","4A",29,"July",14,182,0,"TTGTATGACAGG","CCGGACTACHVGGGTWTCTAAT","Run2",2,171.148,-45.8,5,33.31,10,34.665,0.79,10.7,2.3,"STW","STW","FRONT","FRONT"
"44","5A.12.14",4,2,85,543,63,1055,13,7,12,"5A",5,4,"A","4A",19,"December",14,325,0,"CAATTCTGCTTC","CCGGACTACHVGGGTWTCTAAT","Run2",3,171.195,-45.798,5,36.98,10.8,34.505,0.44,2.2,0.1,"SAW","FRONT","FRONT","FRONT"
"45","5B.03.15",1,2,35,233,22,676,17,3,4,"5B",5,4,"B","4B",10,"March",15,406,0,"CAGTCTAGTACG","CCGGACTACHVGGGTWTCTAAT","Run2",4,171.141,-45.804,5,32.86,12.7,34.569,0.67,5.1,0.86,"FRONT","FRONT","FRONT","FRONT"
"46","5B.04.15",1,9,55,196,20,361,12,4,4,"5B",5,4,"B","4B",21,"April",15,448,0,"TAACGGCGCTCT","CCGGACTACHVGGGTWTCTAAT","Run2",5,171.128,-45.801,5,31.82,12.1,34.695,0.61,4.45,1.3,"STW","STW","STW","FRONT"
"47","5B.06.14",2,11,86,270,63,271,16,8,16,"5B",5,4,"B","4B",3,"June",14,126,0,"AGCACCGGTCTT","CCGGACTACHVGGGTWTCTAAT","Run2",1,171.15,-45.794,5,33.44,9.8,34.354,0.79,11.3,1.3,"SAW","SAW","SAW","FRONT"
"48","5B.07.14",0,28,33,241,30,123,34,3,7,"5B",5,4,"B","4B",29,"July",14,182,0,"GGTAAGTTTGAC","CCGGACTACHVGGGTWTCTAAT","Run2",2,171.148,-45.8,5,33.31,10,34.665,0.79,10.7,2.3,"STW","STW","FRONT","FRONT"
"49","5B.12.14",0,2,47,396,31,709,18,4,7,"5B",5,4,"B","4B",19,"December",14,325,0,"ACTGGCAAACCT","CCGGACTACHVGGGTWTCTAAT","Run2",3,171.195,-45.798,5,36.98,10.8,34.505,0.44,2.2,0.1,"SAW","FRONT","FRONT","FRONT"
"50","6A.03.15",0,1,40,337,29,716,12,3,1,"6A",6,3,"A","3A",10,"March",15,406,0,"GTGTCCGGATTC","CCGGACTACHVGGGTWTCTAAT","Run2",4,171.027,-45.796,5,23.94,13.8,34.761,0.47,2.7,0.5,"STW","STW","STW","FRONT"
"51","6A.04.15",0,2,44,229,23,327,23,1,6,"6A",6,3,"A","3A",21,"April",15,448,0,"GTTTGCTCGAGA","CCGGACTACHVGGGTWTCTAAT","Run2",5,171.036,-45.796,5,24.65,12.4,34.695,0.67,4.7,1.35,"STW","STW","STW","FRONT"
"52","6A.06.14",1,12,54,227,28,276,19,5,6,"6A",6,3,"A","3A",3,"June",14,126,0,"GCAAATCAGCCT","CCGGACTACHVGGGTWTCTAAT","Run2",1,171.046,-45.788,5,25.32,12.2,34.769,0.54,5.4,1.6,"STW","STW","STW","FRONT"
"53","6A.07.14",0,26,53,189,25,96,36,5,2,"6A",6,3,"A","3A",29,"July",14,182,0,"CTACCACGGTAC","CCGGACTACHVGGGTWTCTAAT","Run2",2,171.042,-45.797,5,25.15,10.2,34.498,0.58,5.8,2.5,"STW","STW","STW","FRONT"
"55","6B.03.15",1,1,36,333,13,596,20,6,2,"6B",6,3,"B","3B",10,"March",15,406,0,"TGTGGTGATGTA","CCGGACTACHVGGGTWTCTAAT","Run2",4,171.027,-45.796,5,23.94,13.8,34.761,0.47,2.7,0.5,"STW","STW","STW","FRONT"
"58","6B.07.14",0,18,28,148,18,143,18,2,4,"6B",6,3,"B","3B",29,"July",14,182,0,"CGGTCTGTCTGA","CCGGACTACHVGGGTWTCTAAT","Run2",2,171.042,-45.797,5,25.15,10.2,34.498,0.58,5.8,2.5,"STW","STW","STW","FRONT"
"59","6B.12.14",2,0,17,39,12,37,4,1,1,"6B",6,3,"B","3B",19,"December",14,325,0,"CAATGTAGACAC","CCGGACTACHVGGGTWTCTAAT","Run2",3,171.094,-45.795,5,29.15,11.8,34.724,0.23,0.4,0,"FRONT","FRONT","STW","FRONT"
"60","7A.03.15",1,0,41,363,21,309,12,4,2,"7A",7,2,"A","2A",10,"March",15,406,0,"CTTTCGTTCAAC","CCGGACTACHVGGGTWTCTAAT","Run2",4,170.927,-45.782,5,16.1,15,34.436,0.36,0.1,1.32,"NW","NW","NW","STW"
"61","7A.04.15",0,1,14,75,13,128,1,2,0,"7A",7,2,"A","2A",21,"April",15,448,0,"GAACAAAGAGCG","CCGGACTACHVGGGTWTCTAAT","Run2",5,170.93,-45.786,5,16.41,12.8,34.613,0.58,4,1.64,"STW","STW","STW","STW"
"62","7A.06.14",1,7,64,247,39,214,22,2,6,"7A",7,2,"A","2A",3,"June",14,126,0,"AGCGGCCTATTA","CCGGACTACHVGGGTWTCTAAT","Run2",1,170.953,-45.782,5,18.11,12.1,34.768,0.48,5.4,1.5,"STW","STW","STW","STW"
"63","7A.07.14",0,4,41,169,30,114,23,1,7,"7A",7,2,"A","2A",29,"July",14,182,0,"GTACATGTCGCC","CCGGACTACHVGGGTWTCTAAT","Run2",2,170.942,-45.786,5,17.31,10.4,34.517,0.49,4.7,2,"STW","STW","STW","STW"
"64","7A.12.14",0,1,26,73,15,24,2,3,0,"7A",7,2,"A","2A",19,"December",14,325,0,"TGGCGATACGTT","CCGGACTACHVGGGTWTCTAAT","Run2",3,170.999,-45.791,5,21.74,13.1,34.647,0.2,0,0,"STW","FRONT","STW","STW"
"65","7B.03.15",2,0,42,314,24,312,9,2,3,"7B",7,2,"B","2B",10,"March",15,406,0,"CCGAAGATTCTG","CCGGACTACHVGGGTWTCTAAT","Run2",4,170.927,-45.782,5,16.1,15,34.436,0.36,0.1,1.32,"NW","NW","NW","STW"
"66","7B.06.14",1,9,50,189,23,173,20,4,4,"7B",7,2,"B","2B",3,"June",14,126,0,"TCTTCAACTACC","CCGGACTACHVGGGTWTCTAAT","Run2",1,170.953,-45.782,5,18.11,12.1,34.768,0.48,5.4,1.5,"STW","STW","STW","STW"
"68","7B.1.04.15",4,1,57,213,28,289,8,2,9,"7B.1",4,5,"B","6B",21,"April",15,448,0,"AGTGTCGATTCG","CCGGACTACHVGGGTWTCTAAT","Run2",5,171.241,-45.807,5,40.55,11.6,34.397,0.74,6.3,1.14,"FRONT","FRONT","FRONT","FRONT"
"69","7B.12.14",0,2,20,58,15,13,1,3,2,"7B",7,2,"B","2B",19,"December",14,325,0,"GCCTTACGATAG","CCGGACTACHVGGGTWTCTAAT","Run2",3,170.999,-45.791,5,21.74,13.1,34.647,0.2,0,0,"STW","FRONT","STW","STW"
"70","7B.2.04.15",0,0,22,129,16,191,10,5,2,"7B.2",7,2,"B","5A",21,"April",15,448,0,"CTATTAAGCGGC","CCGGACTACHVGGGTWTCTAAT","Run2",5,170.93,-45.786,5,16.41,12.8,34.613,0.58,4,1.64,"STW","STW","STW","STW"
"71","8A.03.15",0,4,40,463,22,384,18,3,1,"8A",8,1,"A","1A",10,"March",15,406,0,"GTTGGCGTTACA","CCGGACTACHVGGGTWTCTAAT","Run2",4,170.822,-45.77,5,7.89,15,34.504,0.34,0.4,1.31,"NW","NW","NW","STW"
"72","8A.04.15",1,0,40,190,16,160,7,5,0,"8A",8,1,"A","1A",21,"April",15,448,0,"GCTAAGTGATGT","CCGGACTACHVGGGTWTCTAAT","Run2",5,170.819,-45.771,5,7.71,12.7,34.356,0.58,2.7,2.06,"NW","NW","NW","STW"
"73","8A.06.14",0,6,49,164,21,118,10,4,2,"8A",8,1,"A","1A",3,"June",14,126,0,"TGGAATTCGGCT","CCGGACTACHVGGGTWTCTAAT","Run2",1,170.844,-45.776,5,9.61,11.5,34.384,0.4,4.9,4.5,"NW","NW","NW","STW"
"74","8A.07.14",1,8,30,157,16,86,23,2,0,"8A",8,1,"A","1A",29,"July",14,182,0,"ACGGATGTTATG","CCGGACTACHVGGGTWTCTAAT","Run2",2,170.845,-45.775,5,9.7,10,34.423,0.36,3.3,1.7,"NW","NW","NW","STW"
"75","8A.12.14",0,2,58,156,26,27,12,2,2,"8A",8,1,"A","1A",19,"December",14,325,0,"TACCTGTGTCTT","CCGGACTACHVGGGTWTCTAAT","Run2",3,170.901,-45.782,5,14.06,13.3,34.502,0.44,0.9,0.5,"NW","NW","NW","STW"
"76","8B.03.15",2,1,54,683,40,625,15,11,0,"8B",8,1,"B","1B",10,"March",15,406,0,"GAAGTAGCGAGC","CCGGACTACHVGGGTWTCTAAT","Run2",4,170.822,-45.77,5,7.89,15,34.504,0.34,0.4,1.31,"NW","NW","NW","STW"
"77","8B.04.15",0,1,37,181,16,126,4,0,2,"8B",8,1,"B","1B",21,"April",15,448,0,"AAGGGACAAGTG","CCGGACTACHVGGGTWTCTAAT","Run2",5,170.819,-45.771,5,7.71,12.7,34.356,0.58,2.7,2.06,"NW","NW","NW","STW"
"78","8B.06.14",1,10,78,273,32,159,16,4,2,"8B",8,1,"B","1B",3,"June",14,126,0,"TAAGATGCAGTC","CCGGACTACHVGGGTWTCTAAT","Run2",1,170.844,-45.776,5,9.61,11.5,34.384,0.4,4.9,4.5,"NW","NW","NW","STW"
"79","8B.07.14",0,4,38,144,19,86,18,3,1,"8B",8,1,"B","1B",29,"July",14,182,0,"TTGAGGCTACAA","CCGGACTACHVGGGTWTCTAAT","Run2",2,170.845,-45.775,5,9.7,10,34.423,0.36,3.3,1.7,"NW","NW","NW","STW"
"80","8B.12.14",0,50,8,142,6,53,103,1,3,"8B",8,1,"B","1B",19,"December",14,325,0,"AACGAGGCAACG","CCGGACTACHVGGGTWTCTAAT","Run2",3,170.901,-45.782,5,14.06,13.3,34.502,0.44,0.9,0.5,"NW","NW","NW","STW"
"82","S1.2",0,0,14,232,7,71,2,0,0,"1B",8,1,"B","1B",28,"January",2014,1,0,"TCGATTGGCCGT","CCGGACTACHVGGGTWTCTAAT","Run1",0,170.916,-45.784,5,15.2,14.4,34.319,0.15,0.5,1,"NW","NW","NW","NW"
"83","S2.1",0,1,26,241,13,146,10,3,2,"2A",7,2,"A","2A",28,"January",2014,1,0,"GCATTACTGGAC","CCGGACTACHVGGGTWTCTAAT","Run1",0,171.02,-45.797,5,23.39,13.5,34.714,0.25,2.3,0.6,"STW","STW","STW","STW"
"84","S2.2",0,0,31,366,13,137,15,6,4,"2B",7,2,"B","2B",28,"January",2014,1,0,"TTGGGCCACATA","CCGGACTACHVGGGTWTCTAAT","Run1",0,171.02,-45.797,5,23.39,13.5,34.714,0.25,2.3,0.6,"STW","STW","STW","STW"
"85","S3.1",0,2,23,353,14,149,21,4,5,"3A",6,3,"A","3A",28,"January",2014,1,0,"CACACAAAGTCA","CCGGACTACHVGGGTWTCTAAT","Run1",0,171.112,-45.796,5,30.36,12.5,34.541,0.59,7.1,0.2,"STW","STW","STW","STW"
"87","S4.1",2,4,121,324,69,307,11,8,22,"4A",5,4,"A","4A",28,"January",2014,1,0,"CGCCACGTGTAT","CCGGACTACHVGGGTWTCTAAT","Run1",0,171.201,-45.806,5,37.46,12,34.343,0.63,8.1,0.1,"FRONT","FRONT","FRONT","FRONT"
"88","S4.2",1,0,113,250,58,407,11,8,21,"4B",5,4,"B","4B",28,"January",2014,1,0,"GCAACCGATTGT","CCGGACTACHVGGGTWTCTAAT","Run1",0,171.201,-45.806,5,37.46,12,34.343,0.63,8.1,0.1,"FRONT","FRONT","FRONT","FRONT"
"89","S5.1",4,1,214,476,65,399,20,15,33,"5A",4,5,"A","5A",28,"January",2014,1,0,"CATGTGCTTAGG","CCGGACTACHVGGGTWTCTAAT","Run1",0,171.283,-45.815,5,43.86,12.3,34.323,0.7,8.4,0.1,"FRONT","FRONT","FRONT","FRONT"
"90","S5.2",2,2,194,512,95,474,21,18,42,"5B",4,5,"B","5B",28,"January",2014,1,0,"GTTCCTCCATTA","CCGGACTACHVGGGTWTCTAAT","Run1",0,171.283,-45.815,5,43.86,12.3,34.323,0.7,8.4,0.1,"FRONT","FRONT","FRONT","FRONT"
"91","S6.1",4,2,197,559,78,422,24,13,28,"6A",3,6,"A","6A",28,"January",2014,1,0,"ACCTGTCCTTTC","CCGGACTACHVGGGTWTCTAAT","Run1",0,171.37,-45.818,5,50.64,12.5,34.261,0.77,9.2,0.3,"SAW","SAW","SAW","SAW"
"92","S6.2",10,2,241,718,120,519,24,20,58,"6B",3,6,"B","6B",28,"January",2014,1,0,"GTTCACGCCCAA","CCGGACTACHVGGGTWTCTAAT","Run1",0,171.37,-45.818,5,50.64,12.5,34.261,0.77,9.2,0.3,"SAW","SAW","SAW","SAW"
"93","S7.1",4,1,109,313,42,373,9,12,20,"7A",2,7,"A","7A",28,"January",2014,1,0,"CGATCGAACACT","CCGGACTACHVGGGTWTCTAAT","Run1",0,171.469,-45.827,5,58.39,12.4,34.276,0.75,9.2,0.2,"SAW","SAW","SAW","SAW"
"94","S7.2",2,1,121,327,48,379,12,10,21,"7B",2,7,"B","7B",28,"January",2014,1,0,"CATGCCAACATG","CCGGACTACHVGGGTWTCTAAT","Run1",0,171.469,-45.827,5,58.39,12.4,34.276,0.75,9.2,0.2,"SAW","SAW","SAW","SAW"
"95","S8.1",2,0,126,432,67,340,13,14,24,"8A",1,8,"A","8A",28,"January",2014,1,0,"GAGTACAGTCTA","CCGGACTACHVGGGTWTCTAAT","Run1",0,171.558,-45.839,5,65.37,12.6,34.279,0.7,10.6,0.4,"SAW","SAW","SAW","SAW"
"96","S8.2",2,0,92,312,44,319,6,7,21,"8B",1,8,"B","8B",28,"January",2014,1,0,"CCTACATGAGAC","CCGGACTACHVGGGTWTCTAAT","Run1",0,171.558,-45.839,5,65.37,12.6,34.279,0.7,10.6,0.4,"SAW","SAW","SAW","SAW"
